,PC_0_p,PC_1_p,PC_0_bc_distance,PC_1_bc_distance
0,0.6007433333648013,0.3546833993692907,0.6167378811970372,0.5539238360102818
