,PC_0_p,PC_1_p,PC_0_bc_distance,PC_1_bc_distance
0,0.3914534580348741,0.17976907699845712,0.146735201450275,0.37647601100957495
