,PC_0_p,PC_1_p,PC_0_bc_distance,PC_1_bc_distance
0,2.8753307408511384e-20,9.506477646897874e-17,1.1170781449222996e-59,6.752496214823055e-13
