,fold,average_acc,macro_prec,weighted_prec,macro_recall,weighted_recall,macro_f1,weighted_f1,auc,baseline_likelihood
0,1.0,0.8866666666666667,0.8918360007192951,0.8924821674758736,0.8874466571834994,0.8866666666666667,0.8864193131709056,0.8863486407435452,0.8874466571834994,0.5066666666666667
1,2.0,0.8533333333333334,0.8580357142857142,0.8646190476190475,0.8595767575322812,0.8533333333333334,0.8533072546230442,0.8534898055950687,0.8595767575322812,0.5466666666666666
2,3.0,0.8133333333333334,0.8128008557675166,0.8133333333333334,0.8128008557675166,0.8133333333333334,0.8128008557675165,0.8133333333333334,0.8128008557675166,0.5266666666666666
3,4.0,0.8866666666666667,0.8913199426111909,0.8926494500239118,0.888187155310443,0.8866666666666667,0.8865406006674081,0.8864397478680015,0.888187155310443,0.5133333333333333
4,5.0,0.9133333333333333,0.9134615384615384,0.9133760683760683,0.9130937555595089,0.9133333333333333,0.9132369299221357,0.9133140526510937,0.913093755559509,0.5133333333333333
