,fold,average_acc,macro_prec,weighted_prec,macro_recall,weighted_recall,macro_f1,weighted_f1,auc,baseline_likelihood
0,1.0,1.0,1.0,1.0,1.0,1.0,1.0,1.0,1.0,0.5066666666666667
1,2.0,1.0,1.0,1.0,1.0,1.0,1.0,1.0,1.0,0.5266666666666666
2,3.0,1.0,1.0,1.0,1.0,1.0,1.0,1.0,1.0,0.5066666666666667
3,4.0,0.9933333333333333,0.9938271604938271,0.9934156378600824,0.9928571428571429,0.9933333333333333,0.99329728763573,0.9933300564517329,0.9928571428571429,0.5333333333333333
4,5.0,0.9866666666666667,0.9863013698630136,0.9870319634703196,0.9873417721518987,0.9866666666666667,0.9866452991452992,0.9866737891737891,0.9873417721518987,0.5266666666666666
