,PC_0_p,PC_1_p,PC_0_bc_distance,PC_1_bc_distance
0,2.6380607840598697e-05,0.0013447026358761388,3.593020130061453e-07,0.37156315906995596
