,PC_0_p,PC_1_p,PC_0_bc_distance,PC_1_bc_distance
0,8.58222309158107e-08,0.2900143309497757,2.1615114134621018e-09,0.572436273940827
