,combat_seq,limma,MMUPHin,ConQuR,ConQuR_libsize,Percentile_norm,harmony,nobc,combat
global_batch_p_val_PC0,0.9289814673215259,0.7962232385578855,0.9507994439907342,0.9471601070392797,0.7542160854601098,0.09663168091594197,1.1038976028259165e-07,7.674646455193308e-19,NA
global_batch_p_val_PC1,0.49441584259792104,0.7472813622958866,0.4385086905079255,0.8459802772952223,0.7611706838313352,0.08282291726877307,0.21633111125723772,0.7438216169163692,NA
global_biovar_p_val_PC0,0.9607597795273077,0.9248705982285619,0.9901862343837531,0.6111716550585289,0.8184020073507172,0.6227181748954849,0.389236449725345,0.15363616895759893,NA
global_biovar_p_val_PC1,0.6728050225979068,0.389236449725345,0.5277776292109551,0.8665041650131026,0.41455576408434247,0.8152172781034955,0.49612317953737683,0.3937686346429675,NA
batch_aitch_r2,0.006546439087010607,0.002498285287944946,0.006882568263084394,0.007042354940184574,0.007081478603080031,0.008509319551151284,0.03964363852259225,0.22584452277283276,
batch_bray_r2,0.005274981960647839,0.0035027720907948837,0.004391499279518173,0.00320493183512042,0.005717148845476317,0.008393893648762822,0.10168652852946276,0.29708675562253134,
biovar_aitch_r2,0.011099364504128031,0.004045805671141839,0.012118465411489254,0.006049255156769659,0.017872363683056645,0.00725616268333275,0.004748114216195467,0.007339545450539369,
biovar_bray_r2,0.011099364504128031,0.004045805671141839,0.012118465411489254,0.006049255156769659,0.017872363683056645,0.00725616268333275,0.004748114216195467,0.007339545450539369,
runtime,0.262257814407349,0.0196170806884766,0.713402986526489,50.7031390666962,50.7031390666962,,11.59214448928833,NA,0.262257814407349
