,combat_seq,limma,MMUPHin,ConQuR,ConQuR_libsize,Percentile_norm,harmony,nobc,combat
global_batch_p_val_PC0,0.9258789633405194,0.692219992144949,0.16935495609230142,0.8576023299530817,0.8529626269312417,0.6517837369652588,5.884062228298796e-12,2.049187378390856e-09,NA
global_batch_p_val_PC1,0.136907275543847,0.7250791426195011,0.8407591400130999,0.9745418163704735,0.9470331945536088,0.10119873094402981,0.04305674491469178,5.952190052227093e-29,NA
global_biovar_p_val_PC0,0.8937904891953848,0.8719149435371003,0.9196725987466463,0.8264858358129813,0.8993608718347302,0.3980605882651561,2.679116279190513e-17,7.120931481899884e-16,NA
global_biovar_p_val_PC1,0.5615418151311733,0.17900907042486025,0.9736649666348745,0.8774300112585899,0.8512517574191409,0.5066268479263611,0.0015352915233282124,8.355264846284833e-19,NA
batch_aitch_r2,0.002614054347777289,0.002857450946020419,0.003931686919824041,0.002764432048910307,0.0028620122807849003,0.0042698311520882205,0.019207509653828624,0.11112684302591394,
batch_bray_r2,0.0029885759096681427,0.0018886055726173787,0.003255599862015629,0.002739049885531699,0.002671610776040121,0.003997745814564075,0.044454752786740555,0.10397647048615748,
biovar_aitch_r2,0.004597105665331338,0.0059949556317139985,0.005339368300074391,0.00519049080213417,0.0038590212626186085,0.006651963888993946,0.06585234479448823,0.0881898124097169,
biovar_bray_r2,0.004597105665331338,0.0059949556317139985,0.005339368300074391,0.00519049080213417,0.0038590212626186085,0.006651963888993946,0.06585234479448823,0.0881898124097169,
runtime,1.77920293807983,0.0703310966491699,0.685138940811157,5.75054693222046,5.75054693222046,,11.59214448928833,NA,1.77920293807983
