,combat,limma,MMUPHin,ConQuR,ConQuR_libsize,Percentile_norm,harmony,harmonicMic,harmony_PCs,harmonicMic_weighted
global_batch_p_val_PC0,0.7357259731401699,0.38636572593155133,0.22374718809418104,0.9049463094059716,0.8833970559855953,0.41754428891035966,2.8753307408511384e-20,9.035435464324245e-16,3.0474857151477904e-21,9.035435464324245e-16
global_batch_p_val_PC1,0.07615155404504262,0.1449556166850491,0.8377705335309386,0.4989682077222021,0.49651394474144184,0.7173115450213382,9.506477646897874e-17,9.14738113510244e-09,2.2562724763313277e-39,9.14738113510244e-09
global_biovar_p_val_PC0,0.05484323675168715,0.04074538991919593,0.08597235504108301,0.0999154449116773,0.09777568339686388,0.7606569777687683,0.361444414136031,0.7327594512087748,0.3384690890444561,0.7327594512087748
global_biovar_p_val_PC1,0.17448444267703955,0.2736047207827659,0.9128586953733011,0.78041602644679,0.8630865182612916,0.23845888146710228,0.6728387020259666,0.4373272739985824,0.4584368211717016,0.4373272739985824
runtime,9.6813702583313,1.35647487640381,22.4154651165009,2.53147119283676,2.53147119283676,89.65128469467163,31.85528540611267,71.90853953361511,9.941538095474243,19.765371561050415
