,combat_seq,limma,MMUPHin,ConQuR,ConQuR_libsize,Percentile_norm,harmony,nobc,combat
global_batch_p_val_PC0,0.5849389273441326,0.3864212576938897,0.001164646305826881,0.6791393523346201,0.7821484487338711,0.33142425611300197,9.05147547804741e-05,7.674646455193308e-19,NA
global_batch_p_val_PC1,0.706119226097863,0.055775021893699886,0.21463769131450708,0.5818013865686609,0.566232905176955,0.6993379327312966,0.005046457100841164,0.7438216169163692,NA
global_biovar_p_val_PC0,1.0,0.6490361979813835,0.6169330750635085,0.7835460219843635,0.7060240384946899,0.8536207408773779,0.6256195132757607,0.15363616895759893,NA
global_biovar_p_val_PC1,0.5494383145074474,0.1466671525881884,0.563195295723625,0.416904836674595,0.5385533557613515,0.6169330750635085,0.47053894805543606,0.3937686346429675,NA
batch_aitch_r2,0.006607023639464615,0.00884503193414435,0.008553043778210617,0.007754254913804938,0.00709395035951287,0.008163410993652764,0.018612347703615528,0.22584452277283276,
batch_bray_r2,0.0067801622694072606,0.011899767930875306,0.009180730546602681,0.003235071732175687,0.008194414747647235,0.008053462556845161,0.09643708631865941,0.29708675562253134,
biovar_aitch_r2,0.0036895331168037867,0.003931018969560229,0.0061392199132895686,0.0031209129508436746,0.002984271257453283,0.0064092590754115586,0.0052856107641706855,0.007339545450539369,
biovar_bray_r2,0.0036895331168037867,0.003931018969560229,0.0061392199132895686,0.0031209129508436746,0.002984271257453283,0.0064092590754115586,0.0052856107641706855,0.007339545450539369,
runtime,0.218585968017578,0.0156600475311279,0.533583879470825,1.02795481681824,1.02795481681824,,11.59214448928833,NA,0.218585968017578
