,combat,limma,MMUPHin,ConQuR,ConQuR_libsize,Percentile_norm,harmony,harmonicMic,harmony_PCs,harmonicMic_weighted
global_batch_p_val_PC0,0.2952811129950973,0.8268099704559202,0.8851275417272152,0.07338647047727194,0.06334142843426874,0.02736189514670728,0.029836712331507805,0.036695614050806465,0.041192219713991875,0.04733107439230195
global_batch_p_val_PC1,0.44425486420975346,0.14934824134183616,0.3763486834605015,0.2947258125232783,0.3127935894189639,0.555489327586275,0.9005752360804575,0.9165369086801552,0.9675954752959255,0.9177021898330361
global_biovar_p_val_PC0,0.5471940278407855,0.89187761783347,0.7413148483164278,0.6692303107454795,0.641185879737967,0.7266906743330431,0.34135003208523285,0.3717254581684004,0.16207578973970377,0.4259425141754347
global_biovar_p_val_PC1,0.8765476641897113,0.8007016948682978,0.846031881550398,0.03597709377451667,0.03955660153290136,0.4037228826399588,0.8007016948682978,0.7413148483164278,0.1802879463893013,0.7560330651470046
aitch_r2,0.05281667099087682,0.04812900704715552,0.03477135039324807,0.0431061643488641,0.042521520508906084,0.04066468333515002,0.11375074843746502,0.11398422281585872,0.025423750954273107,0.11425088034003718
bray_r2,0.05281667099087682,0.04812900704715552,0.03477135039324807,0.0431061643488641,0.042521520508906084,0.04066468333515002,0.11375074843746502,0.11398422281585872,0.025423750954273107,0.11425088034003718
runtime,3.51239705085754,0.0441029071807861,1.54733300209045,4.84336304664612,4.84336304664612,,11.59214448928833,17.23898696899414,1.1547789573669434,17.143837928771973
