,combat,limma,MMUPHin,ConQuR,ConQuR_libsize,Percentile_norm,harmony,harmonicMic,harmony_PCs,harmonicMic_weighted
global_batch_p_val_PC0,0.3345933999941515,0.500691715368119,0.19852053266260075,0.6084364889709403,0.6084364889709403,0.4851058156255793,0.028730272488745687,0.032784867220115435,0.009591871905169025,0.03803714271149673
global_batch_p_val_PC1,0.5110147303153405,0.5602849396125846,0.36926121694352465,0.7318667166015127,0.7266503952892798,0.3681680872462209,0.9177021898330361,0.9087490690993503,0.946815547483258,0.9097331888134335
global_biovar_p_val_PC0,0.3614190864028758,0.7560330651470046,0.9380877236381747,0.6411858797379889,0.6136444115905441,0.3614190864028758,0.331588343603541,0.3512937543757422,0.20687847968014988,0.3717254581684004
global_biovar_p_val_PC1,0.907248087330293,0.8612638836213271,0.8612638836213271,0.984507339330637,0.9535453737592697,0.22861267796823326,0.8007016948682978,0.7560330651470046,0.6551472923003067,0.7708403452645842
runtime,3.10383701324463,0.0580689907073975,1.56501793861389,5.85256600379944,5.85256600379944,,11.59214448928833,41.2652428150177,1.1547789573669434,40.63279914855957
