,combat,limma,MMUPHin,ConQuR,ConQuR_libsize,Percentile_norm,harmony,harmonicMic,harmony_PCs,harmonicMic_weighted
global_batch_p_val_PC0,0.01348591484536261,0.15439149613236633,0.3452073161755014,0.7270730262026155,0.7378485601899778,0.7373961280273629,4.107531104086998e-09,1.113237728735858e-34,6.946259413980131e-09,1.113237728735858e-34
global_batch_p_val_PC1,0.13053527778484528,0.47129880115038336,0.35214280134679643,0.6766707326303356,0.6712758007235193,0.4328894946493874,5.10484350769539e-13,0.43687329797770647,1.2762575071473522e-18,0.43687329797770647
global_biovar_p_val_PC0,0.2279696700744926,0.6558581057944058,0.9148507660697743,0.12847877280387232,0.1218502766093182,0.05094841639005443,0.824587313386136,0.08615802501846392,0.3505012866168463,0.08615802501846392
global_biovar_p_val_PC1,0.6226657031884126,0.03889700142676979,0.9973534799142012,0.13988279243104043,0.13345470168837364,0.9525462408183868,0.12156826296380556,0.1688404038287028,0.6207360335546916,0.1688404038287028
runtime,6.73876099983851,1.67179989814758,18.9937307834625,2.98888574838638,2.98888574838638,112.77516055107117,11.59214448928833,41.2652428150177,1.1547789573669434,40.63279914855957
