,combat_seq,limma,MMUPHin,ConQuR,ConQuR_libsize,Percentile_norm,harmony,nobc,combat
global_batch_p_val_PC0,0.4063821928427429,0.5198328396397909,0.7052152352734097,0.38836601933217796,0.34081405484674737,0.04461203054052013,1.940310624603164e-12,2.049187378390856e-09,NA
global_batch_p_val_PC1,0.9297497902741638,0.5050428252185396,0.9982246878264734,0.658361629182064,0.7510776695882484,0.3976542130080853,0.10869167175661937,5.952190052227093e-29,NA
global_biovar_p_val_PC0,0.21817859797580166,0.3723523533631778,0.5615986110236975,0.2048635742010629,0.19288817279677867,0.411879908251222,4.4340027908296474e-17,7.120931481899884e-16,NA
global_biovar_p_val_PC1,0.9514372175890135,0.7705951143955292,0.9364571304680335,0.6546679843630829,0.65185759049012,0.09019558376908263,0.0018231150959450461,8.355264846284833e-19,NA
batch_aitch_r2,0.0036998798838260515,0.004380991253074012,0.004647593067969569,0.004025629762968267,0.003929271812845502,0.005292260128789405,0.023440936932880036,0.11112684302591394,
batch_bray_r2,0.0036109501425354955,0.0035209322027924352,0.0031138712079415284,0.003799552121432835,0.00309966932790201,0.005318861995695166,0.03877057760514395,0.10397647048615748,
biovar_aitch_r2,0.00634666650797918,0.00570703570069726,0.006388142985241647,0.00593431015420224,0.0064159301105432415,0.006228935048982798,0.06663587853237878,0.08818981240971689,
biovar_bray_r2,0.00634666650797918,0.00570703570069726,0.006388142985241647,0.00593431015420224,0.0064159301105432415,0.006228935048982798,0.06663587853237878,0.08818981240971689,
runtime,1.97104096412659,0.0677690505981445,0.948773860931396,5.91391587257385,5.91391587257385,,11.59214448928833,NA,1.97104096412659
