,combat_seq,limma,MMUPHin,ConQuR,ConQuR_libsize,Percentile_norm,harmony,nobc,combat
global_batch_p_val_PC0,0.25223762743214206,0.785660661956561,0.3026971567580975,0.3889324039174886,0.42512186802359353,0.35945604575434253,9.579876889992224e-05,7.674646455193308e-19,NA
global_batch_p_val_PC1,0.4016364708060016,0.5447788276177813,0.8891318520674063,0.36669027199334625,0.3691217148302479,0.3070055299709312,0.0019881282954354045,0.7438216169163692,NA
global_biovar_p_val_PC0,0.4680212066633179,0.511822706015399,0.9151060344203326,0.31910277776953294,0.519768587148117,0.44082395190572565,0.5549211809497936,0.15363616895759893,NA
global_biovar_p_val_PC1,0.49872180335720906,0.746012920017419,0.011151712781221654,0.27544731643730286,0.1937023130600254,0.7866979964523464,0.42637930582142325,0.3937686346429675,NA
batch_aitch_r2,0.006446911743365503,0.005122116701318139,0.008073637222708421,0.005697283369201801,0.005145523731886651,0.007718612714334049,0.02837647227835479,0.22584452277283276,
batch_bray_r2,0.008172084494656857,0.005531621917542626,0.008152125041083003,0.013837631325923116,0.0152546858208125,0.009346656922535428,0.09177128933303239,0.29708675562253134,
biovar_aitch_r2,0.007899718402981907,0.004642414899135624,0.006563064727103654,0.012869183089184373,0.006849412934846823,0.00609265508084594,0.00511133646158764,0.007339545450539371,
biovar_bray_r2,0.007899718402981907,0.004642414899135624,0.006563064727103654,0.012869183089184373,0.006849412934846823,0.00609265508084594,0.00511133646158764,0.007339545450539371,
runtime,0.228835105895996,0.016057014465332,0.547399044036865,1.13834810256958,1.13834810256958,1.1197409629821777,11.59214448928833,NA,0.228835105895996
