,combat,limma,MMUPHin,ConQuR,ConQuR_libsize,Percentile_norm,harmony,harmonicMic,harmony_PCs,harmonicMic_weighted,nobc
global_batch_p_val_PC0,0.5939111396216838,0.6480081335970909,0.9115373336788937,0.2862060805692092,0.2879485523121012,0.27481900716804014,0.39703438012326786,0.9019499462624319,0.6566204925681631,0.9019499462624319,0.34240647905413396
global_batch_p_val_PC1,0.4614029645802301,0.4927404706057602,0.6674469522100024,0.4717065195907624,0.47518485433873303,0.42265608983491065,0.45122133518311125,0.7087571876769827,0.23822428113774866,0.7087571876769827,0.5650507390900841
global_biovar_p_val_PC0,0.5851346599915406,0.5032316020453984,0.7109793741825529,0.20292634832376866,0.20184660569378976,0.8001702080269661,0.4925950781626546,0.9513636558498892,0.23669356980499925,0.9513636558498892,0.43138257685968706
global_biovar_p_val_PC1,0.9574370165629663,0.8848200356252546,0.10868029845265222,0.24156147973097764,0.23488610461617726,0.3530756902429619,0.599894675374862,0.2669566359491848,0.24962133570647677,0.2669566359491848,0.6331618192388894
batch_aitch_r2,0.011277024653053821,0.011953309123406988,0.00818408400214717,0.008502771802625037,0.00849348627391095,0.010071065101658382,0.0329595987625287,0.10474640855103681,0.008959560970276626,0.10474640855103681,0.020483189380866386
batch_bray_r2,0.011277024653053821,0.011953309123406988,0.00818408400214717,0.008502771802625037,0.00849348627391095,0.010071065101658382,0.0329595987625287,0.10474640855103681,0.008959560970276626,0.10474640855103681,0.020483189380866386
biovar_aitch_r2,0.0036171017028996354,0.003744012607814665,0.004792096567024859,0.004584714586380407,0.004624349257880878,0.0032508012479778134,0.00720907396474614,0.009974129987340078,0.006758724159178177,0.009974129987340078,0.008643303355637582
biovar_bray_r2,0.0036171017028996354,0.003744012607814665,0.004792096567024859,0.004584714586380407,0.004624349257880878,0.0032508012479778134,0.00720907396474614,0.009974129987340078,0.006758724159178177,0.009974129987340078,0.008643303355637582
runtime,7.9978129863739,0.251270055770874,2.66974282264709,23.59912109375,23.59912109375,,11.59214448928833,17.23898696899414,1.1547789573669434,17.143837928771973,NA
