,combat,limma,MMUPHin,ConQuR,ConQuR_libsize,Percentile_norm,harmony,harmonicMic,harmony_PCs,harmonicMic_weighted,nobc
global_batch_p_val_PC0,0.7317419975344301,0.1899118424787515,0.31827430191997386,0.11974028322359072,0.1193974120431939,0.9599188815426114,3.1058102544146887e-09,0.005999807446760387,6.216491252079396e-08,0.005999807446760387,5.3218053010461704e-21
global_batch_p_val_PC1,0.014010489870027365,0.4957822138549606,0.512364845418575,0.9584915889419393,0.9639011681677794,0.4155250073021359,1.3456008123843682e-13,0.6026226481560973,1.6141046450922452e-20,0.6026226481560973,3.344910547754199e-31
global_biovar_p_val_PC0,0.6598098384424348,0.7693269632414396,0.974628774008627,0.9063423292259163,0.8927515613573981,0.6606578793800064,0.5757624704792532,0.8569290356682036,0.1473622242473922,0.8569290356682036,0.7155057687021782
global_biovar_p_val_PC1,0.46389057500825726,0.3236998296882999,0.1563942401188585,0.3933150608140319,0.4004916772734497,0.1754598933697871,0.1546341632504974,0.6593859817480558,0.4324881477520971,0.6593859817480558,0.07246056233749228
aitch_r2,0.006088771345854872,0.006886174745765583,0.007316708537662181,0.0067137851387556015,0.0067320179373458215,0.006351504582580028,0.06196370924544997,0.20793681218455728,0.03491192055305224,0.20793681218455728,0.08913785887472665
bray_r2,0.006088771345854872,0.006886174745765583,0.007316708537662181,0.0067137851387556015,0.0067320179373458215,0.006351504582580028,0.06196370924544997,0.20793681218455728,0.03491192055305224,0.20793681218455728,0.08913785887472665
runtime,7.03557293812434,1.65735721588135,17.4852373600006,2.85092072486877,2.85092072486877,,11.59214448928833,17.23898696899414,1.1547789573669434,17.143837928771973,NA
