,combat_seq,limma,MMUPHin,ConQuR,ConQuR_libsize,Percentile_norm,harmony,nobc,combat
global_batch_p_val_PC0,0.8676413493155668,0.72767617364155,0.706317157931116,0.899896240876396,0.8799061616066061,0.12195279025828239,3.292570391738289e-11,2.049187378390856e-09,NA
global_batch_p_val_PC1,0.9180724333144413,0.6479975652816167,0.5026299378406854,0.9970012350939512,0.9662246918889787,0.758997595719712,0.07494346658066132,5.952190052227093e-29,NA
global_biovar_p_val_PC0,0.4990146549663742,0.4721968612426931,0.6317358327075779,0.39531612798676663,0.5021987978885074,0.6104679833517723,4.5228074305043296e-17,7.120931481899884e-16,NA
global_biovar_p_val_PC1,0.8395479230894418,0.9198355042582698,0.1275048275671458,0.7987934615255394,0.685407872751238,0.21012758578539079,0.004902541471374362,8.355264846284833e-19,NA
batch_aitch_r2,0.0033540198726941754,0.003242472246807887,0.0033752211027547863,0.003060686404202108,0.003197725958392682,0.004739232251237928,0.020896272902401744,0.11112684302591393,
batch_bray_r2,0.0032603704153580325,0.002775644752529972,0.0033030274881402154,0.0030846930884538236,0.0029183548858192788,0.004690667383413782,0.03919875329749718,0.10397647048615748,
biovar_aitch_r2,0.0050037463945876775,0.003687025657651436,0.005554588320743793,0.004295409821848175,0.004465483969682865,0.006405725304718673,0.06449166295106117,0.0881898124097169,
biovar_bray_r2,0.0050037463945876775,0.003687025657651436,0.005554588320743793,0.004295409821848175,0.004465483969682865,0.006405725304718673,0.06449166295106117,0.0881898124097169,
runtime,1.97104096412659,0.0677690505981445,0.948773860931396,5.91391587257385,5.91391587257385,10.497792959213257,11.59214448928833,NA,1.97104096412659
