,combat,limma,MMUPHin,ConQuR,ConQuR_libsize,Percentile_norm,harmony,harmonicMic,harmony_PCs,harmonicMic_weighted,nobc
global_batch_p_val_PC0,0.0480304076586363,0.04890638517094649,0.5952932202371819,0.5301183397946827,0.5268343321314459,0.6834841972926489,0.5195845187690245,0.9008293557084783,0.5421285442752104,0.9008293557084783,0.34240647905413396
global_batch_p_val_PC1,0.9516352106220263,0.8506134618782828,0.11288309157174849,0.09824908113338682,0.09454320455335118,0.5038501877651198,0.45202428835569475,0.9070953295915334,0.451511208831353,0.9070953295915334,0.5650507390900841
global_biovar_p_val_PC0,0.8631944312894154,0.8048870294565834,0.9501493112980318,0.9610822419932824,0.9659437952816832,0.8084293220064038,0.5169424741867266,0.7019125804571149,0.21451844147777208,0.7019125804571149,0.43138257685968706
global_biovar_p_val_PC1,0.3313809469865173,0.3134867571934144,0.7954606634086135,0.8631944312894154,0.8631944312894154,0.6660790487416028,0.5988348185445131,0.3149531863542417,0.2689326887152379,0.3149531863542417,0.6331618192388894
aitch_r2,0.011235830785311,0.011129369821967945,0.009157701086814468,0.011445531864922752,0.01143241619975025,0.010080238708619951,0.03136945137818342,0.10787396535312066,0.008112397456814361,0.10787396535312066,0.020483189380866382
bray_r2,0.011235830785311,0.011129369821967945,0.009157701086814468,0.011445531864922752,0.01143241619975025,0.010080238708619951,0.03136945137818342,0.10787396535312066,0.008112397456814361,0.10787396535312066,0.020483189380866382
runtime,7.9978129863739,0.251270055770874,2.66974282264709,23.59912109375,23.59912109375,,11.59214448928833,17.23898696899414,1.1547789573669434,17.143837928771973,NA
