,combat,combat_seq,limma,MMUPHin,ConQuR,ConQuR_libsize,Percentile_norm,harmony,nobc
global_batch_p_val_PC0,0.6791393523346201,0.16124877160973014,0.5755500147074806,0.19037441607274747,0.1404780054547025,0.1571870624735636,0.4277799714853755,1.9147436859756626e-08,7.674646455193308e-19
global_batch_p_val_PC1,0.6459873817062025,0.9289814673215259,0.8459802772952223,0.43312511245207974,0.12073085217748868,0.13206527267993914,0.6361736287862393,0.5267167464026927,0.7438216169163692
global_biovar_p_val_PC0,0.026547506783272553,0.5576726074341141,0.021442117547931655,0.6054342037529352,0.26652370111030826,0.14781155773847884,0.7029797030977833,0.5743191482495906,0.15363616895759893
global_biovar_p_val_PC1,0.6111716550585289,0.5997210056007666,0.5171129074191226,0.777252765904294,0.3415012363323756,0.3415012363323756,0.7803975955111924,0.9607597795273077,0.3937686346429675
batch_aitch_r2,0.00811030888679321,0.006943702288402229,0.007471044266357186,0.004319515618430972,0.007341277873402779,0.007195224094592271,0.006687103790813544,0.055977708356654436,0.22584452277283276
batch_bray_r2,0.007380097124917797,0.007229291016892447,0.006867675674249575,0.007174108985053888,0.008682501267867184,0.007932669347079004,0.005389834646121701,0.1193018732951673,0.29708675562253134
biovar_aitch_r2,0.007457664713928984,0.008969229419940475,0.008254888819936438,0.008882004227217077,0.006553953258826115,0.008836171402804611,0.005724630555339112,0.005368596652266325,0.007339545450539366
biovar_bray_r2,0.007457664713928984,0.008969229419940475,0.008254888819936438,0.008882004227217077,0.006553953258826115,0.008836171402804611,0.005724630555339112,0.005368596652266325,0.007339545450539366
runtime,1.61388111114502,,0.103394031524658,4.95912003517151,10.5312299728394,10.5312299728394,,11.59214448928833,NA
