,combat,limma,MMUPHin,ConQuR,ConQuR_libsize,Percentile_norm,harmony,harmonicMic,harmony_PCs,harmonicMic_weighted
global_batch_p_val_PC0,0.2365560660340729,0.162923498807255,0.6554320012704273,0.6276861447854514,0.6305002515513132,0.8314547849647086,0.7099994558067327,0.8108186270838544,0.5762956662441374,0.7774719911266342
global_batch_p_val_PC1,0.25980007302477903,0.2841801824520847,0.055549157090925366,0.8084748230696129,0.8154971851261973,0.028313630165418206,0.5432153576936931,0.9958613624983256,0.31171175190114164,0.987390155415856
global_biovar_p_val_PC0,0.8285745042665265,0.6073373189723721,0.3428937112802172,0.8321416757064348,0.8285745042665265,0.8992859553994599,0.6073373189723721,0.7280894011820054,0.25213867351290514,0.7189465537411737
global_biovar_p_val_PC1,0.7825482703961344,0.7430288698829968,0.9671593885036613,0.21791650813526417,0.22424645088443956,0.20619080631875747,0.6386000894292996,0.4577196373974133,0.30838969665175553,0.45587479768147
runtime,7.9978129863739,0.251270055770874,2.66974282264709,23.59912109375,23.59912109375,,11.59214448928833,41.2652428150177,1.1547789573669434,40.63279914855957
