,combat,limma,MMUPHin,ConQuR,ConQuR_libsize,Percentile_norm,harmony,harmonicMic,harmony_PCs,harmonicMic_weighted
global_batch_p_val_PC0,0.6272760102663046,0.5990044364242064,0.47755568416700866,0.6919543497446128,0.7048262774013256,0.5779597898911024,0.028730272488745687,0.036695614050806465,0.009591871905169025,0.03596899220877737
global_batch_p_val_PC1,0.8643813964786398,0.8669750343682519,0.8287966975038383,0.1675938535885675,0.15424096129355988,0.7856536632271591,0.9087490690993503,0.9165369086801552,0.946815547483258,0.932445011560135
global_biovar_p_val_PC0,0.08394577980195854,0.12986499204150992,0.25192548560915995,0.6136444115905441,0.6411858797379889,0.1802879463893013,0.331588343603541,0.3717254581684004,0.20687847968014988,0.3614190864028758
global_biovar_p_val_PC1,0.4037228826399396,0.43731475668957764,0.89187761783347,0.4724610889692935,0.4259425141754347,0.9226533699175717,0.7857316116212146,0.7413148483164278,0.6551472923003067,0.7266906743330431
batch_aitch_r2,0.04143125789923693,0.037252352807469635,0.038865779521843564,0.03652543684502475,0.03671835995040022,0.03842799620931449,0.11397348055867529,0.11358877154180734,0.03700985067434324,0.11700358184131422
batch_bray_r2,0.04143125789923693,0.037252352807469635,0.038865779521843564,0.03652543684502475,0.03671835995040022,0.03842799620931449,0.11397348055867529,0.11358877154180734,0.03700985067434324,0.11700358184131422
biovar_aitch_r2,0.020347490443796547,0.01478369305032855,0.017183443761894575,0.01588072540901335,0.015592686665108694,0.018984456361181283,0.04332249178611448,0.042966450168552196,0.014901502732753591,0.045524519315227205
biovar_bray_r2,0.020347490443796547,0.01478369305032855,0.017183443761894575,0.01588072540901335,0.015592686665108694,0.018984456361181283,0.04332249178611448,0.042966450168552196,0.014901502732753591,0.045524519315227205
runtime,3.51239705085754,0.0441029071807861,1.54733300209045,4.84336304664612,4.84336304664612,,11.59214448928833,17.23898696899414,1.1547789573669434,17.143837928771973
