,combat_seq,limma,MMUPHin,ConQuR,ConQuR_libsize,Percentile_norm,harmony,nobc,combat
global_batch_p_val_PC0,0.8302965093646979,0.7925301436251799,0.7682083822373386,0.9485656551373663,0.900843524330616,0.6261166708890988,3.376246545861644e-11,2.049187378390856e-09,NA
global_batch_p_val_PC1,0.10435239791554331,0.09091409297406418,0.6712484699196837,0.3992256347861048,0.45941868080623094,0.0724285290849821,0.13034170663863803,5.952190052227093e-29,NA
global_biovar_p_val_PC0,0.9704655841628819,0.9598430309523728,0.9327530756074235,0.8819138131420885,0.8967100161591169,0.023065509424502452,3.7668602627552935e-16,7.120931481899884e-16,NA
global_biovar_p_val_PC1,0.3435416820508533,0.40726438271791643,0.8503106136333503,0.7399957030601734,0.4585903040977529,0.8848242990968198,0.0006058378237142047,8.355264846284833e-19,NA
batch_aitch_r2,0.004133272106709299,0.002775809433637454,0.0040559504819980075,0.0042908697865344245,0.0037186714601266982,0.004301883673134186,0.021998607754084683,0.11112684302591393,
batch_bray_r2,0.0029113561865655134,0.003729526833440527,0.0028692275643779305,0.00356184002042928,0.002563057244626244,0.003966858339728349,0.04071422661442692,0.10397647048615748,
biovar_aitch_r2,0.005740940191908718,0.005380620098258008,0.00601513045361326,0.005015991952609468,0.006045134616925983,0.007894614096452781,0.06845637257025669,0.0881898124097169,
biovar_bray_r2,0.005740940191908718,0.005380620098258008,0.00601513045361326,0.005015991952609468,0.006045134616925983,0.007894614096452781,0.06845637257025669,0.0881898124097169,
runtime,1.1984498500824,0.0670671463012695,0.616089105606079,3.25805098613103,3.25805098613103,,11.59214448928833,NA,1.1984498500824
