,combat_seq,limma,MMUPHin,ConQuR,ConQuR_libsize,Percentile_norm,harmony,nobc,combat
global_batch_p_val_PC0,0.9945298453211079,0.16819370015684837,0.6427091692932949,0.6624806978445007,0.5786717338955812,0.9726543679945575,0.00010525794040766255,7.674646455193308e-19,NA
global_batch_p_val_PC1,0.36669027199334625,0.6167378811970372,0.6757947330500376,0.9507994439907342,0.8783079327177344,0.9471601070392797,0.0027765856498100073,0.7438216169163692,NA
global_biovar_p_val_PC0,0.29201866749994554,0.2526635169008881,0.2612660474277779,0.14215721744726206,0.13345774646469852,0.8279739881269065,0.5439822949116098,0.15363616895759893,NA
global_biovar_p_val_PC1,0.4858013281875422,0.8056815926552394,0.519768587148117,0.22963328527515028,0.24426036282218394,0.2217817157414655,0.4287673972833502,0.3937686346429675,NA
batch_aitch_r2,0.008127439928465508,0.00860052069504163,0.007021394579020011,0.00793190520357975,0.008256754681427406,0.007164180117615434,0.02825452138716394,0.22584452277283276,
batch_bray_r2,0.004447492449244336,0.009206696350538385,0.0077825617582134255,0.005590119989979336,0.004542644406946647,0.006149836406027477,0.09136155467123773,0.29708675562253134,
biovar_aitch_r2,0.004585477717603721,0.006167805422983271,0.007769223266071547,0.008939824915260276,0.006285791835446465,0.006314885700620947,0.005083349375288386,0.007339545450539365,
biovar_bray_r2,0.004585477717603721,0.006167805422983271,0.007769223266071547,0.008939824915260276,0.006285791835446465,0.006314885700620947,0.005083349375288386,0.007339545450539365,
runtime,0.228835105895996,0.016057014465332,0.547399044036865,1.13834810256958,1.13834810256958,1.1197409629821777,11.59214448928833,NA,0.228835105895996
