,fold,average_acc,macro_prec,weighted_prec,macro_recall,weighted_recall,macro_f1,weighted_f1,auc,baseline_likelihood
0,1.0,0.44666666666666666,0.46551724137931033,0.4691954022988506,0.47554396691242584,0.44666666666666666,0.41852318901499225,0.4048778665172107,0.4755439669124258,0.5533333333333333
1,2.0,0.54,0.5380090497737557,0.538606334841629,0.5373931623931624,0.54,0.5365187407639604,0.5381254757959787,0.5373931623931625,0.52
2,3.0,0.54,0.5670454545454545,0.5701363636363636,0.5525940452843644,0.54,0.5194762988068155,0.5141798597892195,0.5525940452843644,0.5266666666666666
3,4.0,0.46,0.5783447167537163,0.6100441944556046,0.5361111111111111,0.46,0.4163984821557231,0.38449493251356937,0.5361111111111111,0.6
4,5.0,0.48,0.4760180995475113,0.4776108597285068,0.4763772508468533,0.48,0.4754304160688666,0.4780416068866571,0.4763772508468533,0.5266666666666666
