,PC_0_p,PC_1_p,PC_0_bc_distance,PC_1_bc_distance
0,2.4361140273203694e-11,0.2583881474223374,9.636952849018194e-08,0.007276002068644931
