,PC_0_p,PC_1_p,PC_0_bc_distance,PC_1_bc_distance
0,1.9981573047028826e-11,0.1891411330301481,4.5504163379917905e-08,0.00138742539211478
