,fold,average_acc,macro_prec,weighted_prec,macro_recall,weighted_recall,macro_f1,weighted_f1,auc,baseline_likelihood
0,1.0,0.52,0.525879535826119,0.5275594032050102,0.5250490283472989,0.52,0.5178571428571428,0.5161428571428572,0.525049028347299,0.5266666666666666
1,2.0,0.54,0.5448764534883721,0.5466497093023257,0.5440363701194508,0.54,0.5389960358113224,0.5378486481671194,0.5440363701194509,0.5266666666666666
2,3.0,0.5066666666666667,0.5066666666666667,0.5066666666666667,0.5066666666666667,0.5066666666666667,0.5066666666666667,0.5066666666666667,0.5066666666666666,0.5
3,4.0,0.6133333333333333,0.6125541125541125,0.6128138528138529,0.6111111111111112,0.6133333333333333,0.6108427267847558,0.6120880300590446,0.6111111111111112,0.52
4,5.0,0.49333333333333335,0.5,0.5008,0.5,0.49333333333333335,0.4821947674418605,0.47915697674418606,0.5,0.52
