,PC_0_p,PC_1_p,PC_0_bc_distance,PC_1_bc_distance
0,0.14305076951069187,0.7364428247464798,1.691037140760204e-07,8.781827735034497e-17
