,standard,sqrt.dist=T,add=T
batch,0.0881898124097169,0.05512816282987247,0.02282562350674181
False,,,
