,fold,average_acc,macro_prec,weighted_prec,macro_recall,weighted_recall,macro_f1,weighted_f1,auc,baseline_likelihood
0,1.0,0.5066666666666667,0.5254629629629629,0.5335185185185185,0.5238095238095237,0.5066666666666667,0.5034889962426194,0.49872249060654855,0.5238095238095237,0.56
1,2.0,0.44666666666666666,0.4480645788757051,0.4482552032678467,0.45245726495726496,0.44666666666666666,0.43764397669271426,0.43479470617462407,0.45245726495726496,0.52
2,3.0,0.4666666666666667,0.5207845433255269,0.5334504293520687,0.5128997093023255,0.4666666666666667,0.43406904357668363,0.4141482739105829,0.5128997093023255,0.5733333333333334
3,4.0,0.56,0.5684850863422293,0.5688540031397175,0.5620554765291608,0.56,0.5503270348837209,0.5494476744186046,0.5620554765291608,0.5066666666666667
4,5.0,0.4866666666666667,0.4827688651218063,0.4829312735195089,0.48453058321479375,0.4866666666666667,0.4720000000000001,0.47317333333333333,0.48453058321479375,0.5066666666666667
