,PC_0_p,PC_1_p,PC_0_bc_distance,PC_1_bc_distance
0,0.5015062978046572,0.773510111827818,0.5393697416278262,0.7970253784706147
