,PC_0_p,PC_1_p,PC_0_bc_distance,PC_1_bc_distance
0,0.2521476495269291,0.008093825253236247,0.08601494004432304,0.10458771135301448
