,PC_0_p,PC_1_p,PC_0_bc_distance,PC_1_bc_distance
0,9.035435464324245e-16,9.14738113510244e-09,2.7188746815406904e-11,3.926582444993551e-49
