,PC_0_p,PC_1_p,PC_0_bc_distance,PC_1_bc_distance
0,0.31827430191997386,0.512364845418575,0.28736399643730814,0.46062264641899453
