,fold,average_acc,macro_prec,weighted_prec,macro_recall,weighted_recall,macro_f1,weighted_f1,auc,baseline_likelihood
0,1.0,0.5740740740740741,0.5741192884548308,0.5741128292575799,0.5728987993138936,0.5740740740740741,0.5717241379310345,0.5723116219667944,0.5728987993138936,0.5092592592592593
1,2.0,0.4722222222222222,0.4618055555555556,0.46296296296296297,0.46600274725274726,0.4722222222222222,0.45348011363636365,0.45722853535353536,0.46600274725274726,0.5185185185185185
2,3.0,0.4537037037037037,0.45398351648351654,0.45412342287342294,0.4540308747855918,0.4537037037037037,0.45365686358569834,0.45356318334968765,0.4540308747855918,0.5092592592592593
3,4.0,0.5,0.49763378230797234,0.49781579905351286,0.49777015437392796,0.5,0.4914544820369724,0.49267527031740493,0.4977701543739279,0.5092592592592593
4,5.0,0.4675925925925926,0.4670527670527671,0.46777253443920114,0.46703296703296704,0.4675925925925926,0.4670328491428326,0.4676725559425583,0.46703296703296704,0.5185185185185185
