,fold,average_acc,macro_prec,weighted_prec,macro_recall,weighted_recall,macro_f1,weighted_f1,auc,baseline_likelihood
0,1.0,0.4482758620689655,0.7142857142857143,0.7635467980295566,0.5294117647058824,0.4482758620689655,0.3555555555555555,0.31340996168582375,0.5294117647058824,0.5862068965517241
1,2.0,0.5862068965517241,0.5595238095238095,0.5697865353037768,0.5490196078431372,0.5862068965517241,0.5421052631578948,0.566606170598911,0.5490196078431373,0.5862068965517241
2,3.0,0.5714285714285714,0.7692307692307692,0.7692307692307693,0.5714285714285714,0.5714285714285714,0.47500000000000003,0.47500000000000003,0.5714285714285714,0.5
3,4.0,0.5714285714285714,0.5238095238095238,0.5442176870748299,0.5187165775401069,0.5714285714285714,0.5087719298245614,0.5463659147869674,0.5187165775401069,0.6071428571428571
4,5.0,0.6071428571428571,0.5476190476190476,0.5816326530612245,0.5388888888888889,0.6071428571428571,0.5354449472096531,0.5875888817065287,0.538888888888889,0.6428571428571429
