,fold,average_acc,macro_prec,weighted_prec,macro_recall,weighted_recall,macro_f1,weighted_f1,auc,baseline_likelihood
0,1.0,0.4827586206896552,0.7321428571428572,0.7598522167487685,0.53125,0.4827586206896552,0.37589670014347204,0.34918122000692625,0.53125,0.5517241379310345
1,2.0,0.3448275862068966,0.5089285714285714,0.7740147783251232,0.515,0.3448275862068966,0.33212121212121215,0.3988296760710554,0.515,0.8620689655172413
2,3.0,0.6071428571428571,0.6228070175438596,0.6228070175438596,0.6071428571428571,0.6071428571428571,0.5942028985507246,0.5942028985507246,0.6071428571428571,0.5
3,4.0,0.4642857142857143,0.7222222222222222,0.7619047619047619,0.53125,0.4642857142857143,0.3665158371040724,0.33096315449256625,0.53125,0.5714285714285714
4,5.0,0.5357142857142857,0.5933333333333333,0.5933333333333334,0.5357142857142857,0.5357142857142857,0.4509803921568627,0.45098039215686264,0.5357142857142858,0.5
