,fold,average_acc,macro_prec,weighted_prec,macro_recall,weighted_recall,macro_f1,weighted_f1,auc,baseline_likelihood
0,1.0,0.4827586206896552,0.5098039215686274,0.5584854631507775,0.5105263157894737,0.4827586206896552,0.48028673835125457,0.4914102088740577,0.5105263157894737,0.6551724137931034
1,2.0,0.6206896551724138,0.5722222222222222,0.6118773946360153,0.5684210526315789,0.6206896551724138,0.5695006747638327,0.6155707571315557,0.5684210526315789,0.6551724137931034
2,3.0,0.4642857142857143,0.5533333333333333,0.5695238095238094,0.5208333333333333,0.4642857142857143,0.4025604551920341,0.375127006705954,0.5208333333333333,0.5714285714285714
3,4.0,0.4642857142857143,0.5533333333333333,0.5695238095238094,0.5208333333333333,0.4642857142857143,0.4025604551920341,0.375127006705954,0.5208333333333333,0.5714285714285714
4,5.0,0.6428571428571429,0.6375,0.6392857142857142,0.6145833333333334,0.6428571428571429,0.6111111111111112,0.6269841269841271,0.6145833333333333,0.5714285714285714
