,fold,average_acc,macro_prec,weighted_prec,macro_recall,weighted_recall,macro_f1,weighted_f1,auc,baseline_likelihood
0,1.0,0.6266666666666667,0.6593567251461988,0.6568421052631579,0.6164529914529915,0.6266666666666667,0.5949074074074074,0.5994444444444444,0.6164529914529915,0.52
1,2.0,0.6533333333333333,0.6492460235488535,0.6507057770433107,0.6307692307692307,0.6533333333333333,0.6295592705167175,0.6420719351570416,0.6307692307692307,0.5666666666666667
2,3.0,0.52,0.5291375291375291,0.5291375291375291,0.52,0.52,0.47916666666666663,0.4791666666666667,0.52,0.5
3,4.0,0.5333333333333333,0.5599445599445599,0.562901362901363,0.5462649313603137,0.5333333333333333,0.5110821382007822,0.5055193394176445,0.5462649313603138,0.5266666666666666
4,5.0,0.5,0.4837962962962963,0.4899691358024691,0.4848948030929689,0.5,0.4805854379241885,0.4912969204487742,0.48489480309296884,0.5533333333333333
