,fold,average_acc,macro_prec,weighted_prec,macro_recall,weighted_recall,macro_f1,weighted_f1,auc,baseline_likelihood
0,1.0,0.5733333333333334,0.5819404069767442,0.5874176356589148,0.5808823529411764,0.5733333333333334,0.5730297100160114,0.5719670284053846,0.5808823529411764,0.5466666666666666
1,2.0,0.6,0.5959252971137521,0.5972835314091681,0.5909822866344605,0.6,0.5894909688013137,0.5947454844006569,0.5909822866344605,0.54
2,3.0,0.6,0.6006441223832528,0.6006441223832528,0.6000000000000001,0.6,0.5993589743589743,0.5993589743589743,0.6000000000000001,0.5
3,4.0,0.5066666666666667,0.5002829654782116,0.5017015657423127,0.5002674273489035,0.5066666666666667,0.4958212209302325,0.49976501937984497,0.5002674273489036,0.5266666666666666
4,5.0,0.5733333333333334,0.5953177257525084,0.5975919732441471,0.5811965811965812,0.5733333333333334,0.5601173020527859,0.557067448680352,0.5811965811965811,0.52
