,fold,average_acc,macro_prec,weighted_prec,macro_recall,weighted_recall,macro_f1,weighted_f1,auc,baseline_likelihood
0,1.0,0.4,0.38095238095238093,0.38095238095238093,0.4,0.4,0.375,0.375,0.4,0.5
1,2.0,0.3,0.30952380952380953,0.3142857142857143,0.3333333333333333,0.3,0.29292929292929293,0.2787878787878788,0.33333333333333337,0.6
2,3.0,0.4,0.375,0.4,0.375,0.4,0.375,0.4,0.375,0.6
3,4.0,0.4,0.375,0.4,0.375,0.4,0.375,0.4,0.375,0.6
4,5.0,0.3,0.15,0.09,0.5,0.3,0.23076923076923075,0.13846153846153847,0.5,0.7
