,standard,sqrt.dist=T,add=T
batch,0.04066468333515002,0.04074161645800627,0.04066468333515002
gender,,,
