,PC_0_p,PC_1_p,PC_0_bc_distance,PC_1_bc_distance
0,0.4851058156255793,0.3681680872462209,0.51522429895861,0.6272760102663046
