,standard,sqrt.dist=T,add=T
batch,0.040319846630911954,0.040579318001484746,0.04031984663091196
gender,,,
