,standard,sqrt.dist=T,add=T
batch,0.03842799620931449,0.03960435916291074,0.038427996209314474
gender,,,
