,standard,sqrt.dist=T,add=T
batch,0.018984456361181283,0.01968528143315419,0.018984456361181287
gender,,,
