,PC_0_p,PC_1_p,PC_0_bc_distance,PC_1_bc_distance
0,0.5779597898911024,0.7856536632271591,0.6305018334278782,0.816409496714085
