,fold,average_acc,macro_prec,weighted_prec,macro_recall,weighted_recall,macro_f1,weighted_f1,auc,baseline_likelihood
0,1.0,0.7,0.75,0.85,0.7857142857142857,0.7,0.696969696969697,0.7090909090909091,0.7857142857142857,0.7
1,2.0,0.2,0.1,0.04,0.5,0.2,0.16666666666666669,0.06666666666666668,0.5,0.8
2,3.0,0.4,0.2,0.16,0.5,0.4,0.28571428571428575,0.2285714285714286,0.5,0.6
3,4.0,0.2,0.23809523809523808,0.27619047619047615,0.23809523809523808,0.2,0.2,0.2,0.2380952380952381,0.7
4,5.0,0.2,0.20833333333333331,0.21666666666666665,0.20833333333333331,0.2,0.2,0.2,0.20833333333333331,0.6
