,PC_0_p,PC_1_p,PC_0_bc_distance,PC_1_bc_distance
0,0.02736189514670728,0.555489327586275,0.0298049034727617,0.7981749651585996
