,PC_0_p,PC_1_p,PC_0_bc_distance,PC_1_bc_distance
0,1.0596873385271093e-15,0.03658938047132126,3.827554175246765e-104,5.966876371053546e-74
