,fold,average_acc,macro_prec,weighted_prec,macro_recall,weighted_recall,macro_f1,weighted_f1,auc,baseline_likelihood
0,1,0.6428571428571429,0.5578454332552694,0.6587248482531186,0.44833333333333336,0.6428571428571429,0.40190108633504856,0.5625517788590565,0.6519580856379772,0.45918367346938777
1,2,0.6391752577319587,0.5705095213587237,0.6148319900674374,0.4224565756823821,0.6391752577319587,0.38670816950633463,0.5552314295622722,0.6354707120836153,0.4329896907216495
2,3,0.5979381443298969,0.30859375,0.43025128865979384,0.4193548387096774,0.5979381443298969,0.34983498349834985,0.49253172739954415,0.6310880619251198,0.38144329896907214
3,4,0.5463917525773195,0.5156894182317912,0.6020042408300316,0.4191880341880342,0.5463917525773195,0.3410352805089647,0.4386457817819727,0.6249138046719437,0.3711340206185567
4,5,0.6494845360824743,0.5785714285714285,0.6397643593519882,0.4679675079491256,0.6494845360824743,0.42476575343575124,0.5662212567950476,0.6647529847437936,0.38144329896907214
5,mean,0.6151693667157584,0.5062419102834426,0.5891153454324739,0.4354600579725106,0.6151693667157584,0.3808490546568898,0.5230363948795786,0.6416367298124899,0.4052387965495477
