,fold,average_acc,macro_prec,weighted_prec,macro_recall,weighted_recall,macro_f1,weighted_f1,auc,baseline_likelihood
0,1.0,0.82,0.8200000000000001,0.8208000000000001,0.8205128205128205,0.82,0.8199279711884755,0.8200720288115246,0.8205128205128205,0.52
1,2.0,0.8133333333333334,0.8126236288437332,0.8131559072109332,0.8110574342458401,0.8133333333333334,0.8116929698708752,0.8130989956958393,0.8110574342458399,0.54
2,3.0,0.74,0.7356414385399892,0.7436321345500089,0.739280523255814,0.74,0.7366169915807483,0.7409950024762505,0.739280523255814,0.5733333333333334
3,4.0,0.7133333333333334,0.7430622009569378,0.7534673046251993,0.7277618364418939,0.7133333333333334,0.7111638529398594,0.708827489439195,0.7277618364418939,0.5466666666666666
4,5.0,0.8,0.810483870967742,0.8112903225806452,0.8012091038406828,0.8,0.7987117552334944,0.79849704777241,0.8012091038406828,0.5066666666666667
