,PC_0_p,PC_1_p,PC_0_bc_distance,PC_1_bc_distance
0,1.171163700797501e-07,0.08497892500963485,1.6855926843953382e-08,1.2582962923609078e-05
