,fold,average_acc,macro_prec,weighted_prec,macro_recall,weighted_recall,macro_f1,weighted_f1,auc,baseline_likelihood
0,1.0,0.54,0.5960000000000001,0.5993600000000001,0.5534188034188035,0.54,0.4899216401360209,0.4835286580257257,0.5534188034188035,0.52
1,2.0,0.5066666666666667,0.5068418171866448,0.5068418171866448,0.5066666666666667,0.5066666666666667,0.5034889962426194,0.5034889962426194,0.5066666666666667,0.5
2,3.0,0.4866666666666667,0.49183038319393113,0.49253452635673994,0.4925213675213675,0.4866666666666667,0.4782962193414336,0.4756529201860969,0.49252136752136755,0.52
3,4.0,0.5,0.5038681156750783,0.5046969976054522,0.5037393162393162,0.5,0.49729657267974436,0.495821975959605,0.5037393162393162,0.52
4,5.0,0.54,0.5590909090909091,0.5601818181818182,0.5462551147482655,0.54,0.5166036149642708,0.5137676895053944,0.5462551147482655,0.5133333333333333
