,fold,average_acc,macro_prec,weighted_prec,macro_recall,weighted_recall,macro_f1,weighted_f1,auc,baseline_likelihood
0,1.0,0.6333333333333333,0.6226053639846744,0.6342273307790549,0.6231671554252199,0.6333333333333333,0.6228571428571429,0.6337523809523811,0.6231671554252199,0.5866666666666667
1,2.0,0.5,0.4761363636363636,0.4802272727272727,0.4812130971551261,0.5,0.45962822421826216,0.4714443537153562,0.48121309715512617,0.54
2,3.0,0.5133333333333333,0.5398073022312373,0.5423901284651792,0.527990729185238,0.5133333333333333,0.48180398466707686,0.47498682819869703,0.527990729185238,0.5266666666666666
3,4.0,0.5533333333333333,0.5776157804459692,0.5807489994282448,0.5645391335353895,0.5533333333333333,0.5383767396996003,0.5339451564007165,0.5645391335353895,0.5266666666666666
4,5.0,0.5333333333333333,0.5244019138755981,0.5270813397129187,0.522812667740204,0.5333333333333333,0.5188782991202346,0.5255498533724341,0.522812667740204,0.54
