,PC_0_p,PC_1_p,PC_0_bc_distance,PC_1_bc_distance
0,0.7270730262026155,0.6766707326303356,0.5921908963306577,0.5467369052217985
