,standard,sqrt.dist=T,add=T
batch,0.0067137851387556015,0.006574319651838428,0.006531253665852748
gender,,,
