,standard,sqrt.dist=T,add=T
batch,0.006841763901386889,0.006668240342766332,0.006556004455598438
gender,,,
