,fold,average_acc,macro_prec,weighted_prec,macro_recall,weighted_recall,macro_f1,weighted_f1,auc,baseline_likelihood
0,1.0,0.5046296296296297,0.5131962140516928,0.5155026021653252,0.5124838570813603,0.5046296296296297,0.5007668214710013,0.4979205417751697,0.5124838570813603,0.5324074074074074
1,2.0,0.4722222222222222,0.4807692307692308,0.48183760683760685,0.48452012383900933,0.4722222222222222,0.4514835605453088,0.4455582286376192,0.4845201238390093,0.5277777777777778
2,3.0,0.49074074074074076,0.4975886524822695,0.49862621486734965,0.4978090901280179,0.49074074074074076,0.48203697244506455,0.47892848376803737,0.49780909012801783,0.5231481481481481
3,4.0,0.49074074074074076,0.49275862068965515,0.494272030651341,0.49277605779153766,0.49074074074074076,0.4906970762239561,0.49043508912324824,0.49277605779153766,0.5277777777777778
4,5.0,0.49074074074074076,0.4925373134328358,0.4926755113322277,0.49296740994854205,0.49074074074074076,0.484375,0.48331404320987653,0.49296740994854205,0.5092592592592593
