,PC_0_p,PC_1_p,PC_0_bc_distance,PC_1_bc_distance
0,0.4795235733469154,0.6909500071949393,0.6209458117675188,0.47257407390568285
