,fold,average_acc,macro_prec,weighted_prec,macro_recall,weighted_recall,macro_f1,weighted_f1,auc,baseline_likelihood
0,1.0,0.5185185185185185,0.5493761140819964,0.5531656433617217,0.5357727077055532,0.5185185185185185,0.49125826614729595,0.48362539548335365,0.5357727077055532,0.5324074074074074
1,2.0,0.4861111111111111,0.49307031322184236,0.494510148141304,0.4935500515995872,0.4861111111111111,0.48021765993886445,0.4771428158489966,0.4935500515995872,0.5277777777777778
2,3.0,0.5,0.5072409604783705,0.5084088573297206,0.5066586476501418,0.5,0.4926489778164419,0.48982166159199647,0.5066586476501418,0.5231481481481481
3,4.0,0.44907407407407407,0.45268644747393744,0.45371855415961265,0.4543343653250774,0.44907407407407407,0.44640434192672995,0.4442685562088547,0.4543343653250774,0.5277777777777778
4,5.0,0.49074074074074076,0.4891304347826087,0.4893317230273752,0.48936535162950257,0.49074074074074076,0.4871794871794872,0.4879708768597658,0.48936535162950257,0.5092592592592593
