,standard,sqrt.dist=T,add=T
batch,0.00720638019840888,0.0069571417815366505,0.0066471167996491115
gender,,,
