,PC_0_p,PC_1_p,PC_0_bc_distance,PC_1_bc_distance
0,0.279366602103063,0.8823674069140205,0.687663129210478,0.24002691363331605
