,PC_0_p,PC_1_p,PC_0_bc_distance,PC_1_bc_distance
0,0.15439149613236633,0.47129880115038336,0.22741596384387283,0.8839766994066596
