,standard,sqrt.dist=T,add=T
batch,0.006886174745765583,0.0066252723486558765,0.006576015863052958
gender,,,
