,fold,average_acc,macro_prec,weighted_prec,macro_recall,weighted_recall,macro_f1,weighted_f1,auc,baseline_likelihood
0,1.0,0.98,0.9793344068706387,0.9801109321882268,0.9804519368723099,0.98,0.9798486409027809,0.9800116430074782,0.9804519368723099,0.5466666666666666
1,2.0,0.98,0.9782608695652174,0.9808695652173912,0.9821428571428572,0.98,0.9797979797979798,0.980040404040404,0.9821428571428572,0.56
2,3.0,0.98,0.9797297297297297,0.9808108108108108,0.9810126582278481,0.98,0.9799777530589544,0.9800133481646273,0.9810126582278481,0.5266666666666666
3,4.0,0.98,0.9803571428571429,0.9800714285714287,0.9795863790336958,0.98,0.9799277398635087,0.9799919710959455,0.9795863790336959,0.5266666666666666
4,5.0,0.9866666666666667,0.9866642958748222,0.9866666666666667,0.9866642958748222,0.9866666666666667,0.9866642958748222,0.9866666666666667,0.9866642958748222,0.5066666666666667
