,standard,sqrt.dist=T,add=T
batch,0.0052856107641706855,0.005724804845468653,0.006746522562046374
False,,,
