,fold,average_acc,macro_prec,weighted_prec,macro_recall,weighted_recall,macro_f1,weighted_f1,auc,baseline_likelihood
0,1.0,0.41379310344827586,0.37745098039215685,0.4574036511156187,0.3611111111111111,0.41379310344827586,0.36550836550836546,0.43189988017574216,0.36111111111111116,0.6896551724137931
1,2.0,0.41379310344827586,0.345,0.3417241379310345,0.4261904761904762,0.41379310344827586,0.33468286099865047,0.326771836753688,0.4261904761904761,0.5172413793103449
2,3.0,0.4642857142857143,0.40476190476190477,0.4217687074829932,0.4270833333333333,0.4642857142857143,0.40256045519203415,0.42999390367811424,0.42708333333333337,0.5714285714285714
3,4.0,0.5,0.47619047619047616,0.4795918367346939,0.482051282051282,0.5,0.4555555555555555,0.4666666666666667,0.48205128205128206,0.5357142857142857
4,5.0,0.39285714285714285,0.33333333333333337,0.32738095238095244,0.41794871794871796,0.39285714285714285,0.3229018492176387,0.30735622840885995,0.4179487179487179,0.5357142857142857
