,standard,sqrt.dist=T,add=T
batch,0.09643708631865941,0.07148778126574314,0.024187622817013952
False,,,
