,fold,average_acc,macro_prec,weighted_prec,macro_recall,weighted_recall,macro_f1,weighted_f1,auc,baseline_likelihood
0,1.0,0.9666666666666667,0.9666666666666667,0.9667555555555555,0.9667496443812233,0.9666666666666667,0.9666651851193386,0.9666681482139946,0.9667496443812233,0.5066666666666667
1,2.0,0.9133333333333333,0.9133333333333333,0.9134222222222221,0.9134068278805121,0.9133333333333333,0.9133294813102806,0.9133371853563862,0.9134068278805121,0.5066666666666667
2,3.0,0.8933333333333333,0.8929016189290162,0.8937650477376504,0.893742200035657,0.8933333333333333,0.8931623931623931,0.8933903133903133,0.893742200035657,0.5266666666666666
3,4.0,0.9733333333333334,0.9733285917496444,0.9733333333333334,0.9733285917496444,0.9733333333333334,0.9733285917496444,0.9733333333333334,0.9733285917496446,0.5066666666666667
4,5.0,0.9266666666666666,0.9289534676412907,0.9306685683722589,0.9284188034188035,0.9266666666666666,0.926663407262545,0.926643850837815,0.9284188034188035,0.52
