,fold,average_acc,macro_prec,weighted_prec,macro_recall,weighted_recall,macro_f1,weighted_f1,auc,baseline_likelihood
0,1.0,0.49333333333333335,0.5603991596638656,0.5658963585434174,0.5205357142857143,0.49333333333333335,0.41127866143358816,0.3966260414514908,0.5205357142857143,0.5333333333333333
1,2.0,0.58,0.5888888888888888,0.5875555555555555,0.5324675324675325,0.58,0.4672754946727549,0.49668188736681884,0.5324675324675325,0.56
2,3.0,0.6466666666666666,0.6555555555555556,0.653037037037037,0.5590329835082459,0.6466666666666666,0.5202462132641361,0.5760682316496691,0.5590329835082459,0.6133333333333333
3,4.0,0.6133333333333333,0.7076520601700458,0.6929147591018094,0.5574660633484163,0.6133333333333333,0.4889567669172932,0.5225720551378447,0.5574660633484163,0.5666666666666667
4,5.0,0.5666666666666667,0.5352112676056338,0.5399061032863851,0.5072398190045249,0.5666666666666667,0.4116227143805443,0.45189387081849813,0.5072398190045249,0.5666666666666667
