,standard,sqrt.dist=T,add=T
batch,0.005324719501382789,0.006349783641634971,0.00628599420209358
False,,,
