,PC_0_p,PC_1_p,PC_0_bc_distance,PC_1_bc_distance
0,0.7962232385578855,0.46042372514932717,0.9362490119977092,0.7403670353259952
