,standard,sqrt.dist=T,add=T
batch,0.005943638469124813,0.006056708689245608,0.006568303162875461
False,,,
