,fold,average_acc,macro_prec,weighted_prec,macro_recall,weighted_recall,macro_f1,weighted_f1,auc,baseline_likelihood
0,1.0,0.5172413793103449,0.5514705882352942,0.6267748478701826,0.5583333333333333,0.5172413793103449,0.5120192307692308,0.5311671087533157,0.5583333333333333,0.6896551724137931
1,2.0,0.5172413793103449,0.51,0.5103448275862069,0.5047619047619047,0.5172413793103449,0.4361111111111111,0.44348659003831414,0.5047619047619047,0.5172413793103449
2,3.0,0.4642857142857143,0.40476190476190477,0.4217687074829932,0.4270833333333333,0.4642857142857143,0.40256045519203415,0.42999390367811424,0.42708333333333337,0.5714285714285714
3,4.0,0.5357142857142857,0.5608695652173913,0.5608695652173913,0.5357142857142857,0.5357142857142857,0.48221906116642954,0.48221906116642954,0.5357142857142857,0.5
4,5.0,0.5,0.5733333333333333,0.5800000000000001,0.5282051282051282,0.5,0.4269005847953216,0.41228070175438586,0.5282051282051282,0.5357142857142857
