,standard,sqrt.dist=T,add=T
batch,0.005583149695004773,0.006458641885585072,0.005583149695004785
False,,,
