,standard,sqrt.dist=T,add=T
batch,0.04812900704715552,0.043462063954350684,0.04587530335112401
gender,,,
