,PC_0_p,PC_1_p,PC_0_bc_distance,PC_1_bc_distance
0,0.5990044364242064,0.8669750343682519,0.05224742321135855,0.724737978773756
