,standard,sqrt.dist=T,add=T
batch,0.04631957229104089,0.04300745347905819,0.04462352044214778
gender,,,
