,standard,sqrt.dist=T,add=T
batch,0.01478369305032855,0.017215927331958057,0.01651710520788661
gender,,,
