,fold,average_acc,macro_prec,weighted_prec,macro_recall,weighted_recall,macro_f1,weighted_f1,auc,baseline_likelihood
0,1.0,0.6,0.6190476190476191,0.619047619047619,0.6000000000000001,0.6,0.5833333333333333,0.5833333333333333,0.6000000000000001,0.5
1,2.0,0.6,0.5625,0.575,0.5416666666666667,0.6,0.5238095238095238,0.5619047619047619,0.5416666666666667,0.6
2,3.0,0.6,0.5833333333333333,0.6,0.5833333333333333,0.6,0.5833333333333333,0.6,0.5833333333333333,0.6
3,4.0,0.7,0.7,0.7200000000000001,0.7083333333333333,0.7,0.6969696969696968,0.7030303030303029,0.7083333333333334,0.6
4,5.0,0.5,0.6875,0.8125,0.6428571428571428,0.5,0.4949494949494949,0.47474747474747475,0.6428571428571428,0.7
