,PC_0_p,PC_1_p,PC_0_bc_distance,PC_1_bc_distance
0,0.500691715368119,0.5602849396125846,0.07486545235773955,0.9525359299310139
