,PC_0_p,PC_1_p,PC_0_bc_distance,PC_1_bc_distance
0,0.8268099704559202,0.14934824134183616,0.09257090457496268,0.5562130239167922
