,fold,average_acc,macro_prec,weighted_prec,macro_recall,weighted_recall,macro_f1,weighted_f1,auc,baseline_likelihood
0,1.0,0.4,0.47619047619047616,0.5523809523809523,0.47619047619047616,0.4,0.4,0.4,0.47619047619047616,0.7
1,2.0,0.3,0.6111111111111112,0.8444444444444444,0.5625,0.3,0.29292929292929293,0.25050505050505045,0.5625,0.8
2,3.0,0.4,0.41666666666666663,0.4333333333333333,0.41666666666666663,0.4,0.4,0.4,0.41666666666666663,0.6
3,4.0,0.3,0.375,0.425,0.40476190476190477,0.3,0.29292929292929293,0.26464646464646463,0.40476190476190477,0.7
4,5.0,0.7,0.6904761904761905,0.6952380952380952,0.6666666666666667,0.7,0.6703296703296704,0.6901098901098901,0.6666666666666667,0.6
