,PC_0_p,PC_1_p,PC_0_bc_distance,PC_1_bc_distance
0,0.41754428891035966,0.7173115450213382,0.44948417502884186,0.6866605282775529
