,fold,average_acc,macro_prec,weighted_prec,macro_recall,weighted_recall,macro_f1,weighted_f1,auc,baseline_likelihood
0,1.0,0.7241379310344828,0.7644927536231885,0.7526236881559221,0.678921568627451,0.7241379310344828,0.6777777777777778,0.6988505747126437,0.678921568627451,0.5862068965517241
1,2.0,0.5862068965517241,0.6369047619047619,0.6486042692939245,0.6105769230769231,0.5862068965517241,0.5735294117647058,0.565922920892495,0.6105769230769231,0.5517241379310345
2,3.0,0.6785714285714286,0.7380952380952381,0.7380952380952381,0.6785714285714286,0.6785714285714286,0.6571428571428573,0.6571428571428573,0.6785714285714286,0.5
3,4.0,0.75,0.7803030303030303,0.7689393939393939,0.6978609625668449,0.75,0.7043740573152337,0.729260935143288,0.6978609625668449,0.6071428571428571
4,5.0,0.6428571428571429,0.8148148148148149,0.7751322751322751,0.5454545454545454,0.6428571428571429,0.4696969696969697,0.5346320346320347,0.5454545454545454,0.6071428571428571
