,standard,sqrt.dist=T,add=T
batch,0.006246881297495593,0.006473163719343173,0.006456050543626163
gender,,,
