,PC_0_p,PC_1_p,PC_0_bc_distance,PC_1_bc_distance
0,0.01348591484536261,0.13053527778484528,0.25939390573923865,0.05724103561950871
