,standard,sqrt.dist=T,add=T
batch,0.008246174902988441,0.007538028909829455,0.006717279455747559
gender,,,
