,fold,average_acc,macro_prec,weighted_prec,macro_recall,weighted_recall,macro_f1,weighted_f1,auc,baseline_likelihood
0,1.0,0.5,0.5148727984344423,0.5180039138943249,0.5131034482758621,0.5,0.4901652242328875,0.4849200104904275,0.5131034482758621,0.5370370370370371
1,2.0,0.5092592592592593,0.5307182883341823,0.5352097130242826,0.526029526029526,0.5092592592592593,0.49679120879120875,0.49019047619047623,0.526029526029526,0.5416666666666666
2,3.0,0.49074074074074076,0.5131160572337042,0.5198286521815932,0.5114583333333333,0.49074074074074076,0.4820369724450645,0.4745765996201992,0.5114583333333333,0.5555555555555556
3,4.0,0.5277777777777778,0.5375,0.5395833333333333,0.5350877192982456,0.5277777777777778,0.5228276877761414,0.5201276386843398,0.5350877192982456,0.5277777777777778
4,5.0,0.4583333333333333,0.4580234833659491,0.4579990215264188,0.46319176319176314,0.4583333333333333,0.4437278510268319,0.4412240540600031,0.46319176319176314,0.5138888888888888
