,PC_0_p,PC_1_p,PC_0_bc_distance,PC_1_bc_distance
0,0.09142371435494125,1.1192700788050965e-07,4.405816155434369e-14,8.897861059754982e-27
