,fold,average_acc,macro_prec,weighted_prec,macro_recall,weighted_recall,macro_f1,weighted_f1,auc,baseline_likelihood
0,1.0,0.673469387755102,0.5908614820633674,0.6661028904884815,0.7128261266192301,0.673469387755102,0.6175213675213675,0.6586211407639979,0.7428519867050601,0.6428571428571429
1,2.0,0.6701030927835051,0.7380952380952381,0.7091310751104565,0.5218538324420677,0.6701030927835051,0.5299319727891156,0.6324216284451926,0.6537840590781768,0.5670103092783505
2,3.0,0.6701030927835051,0.6430041152263374,0.685821560392007,0.5380291005291006,0.6701030927835051,0.5245026477744382,0.6061731728585783,0.6506195306500184,0.5773195876288659
3,4.0,0.5670103092783505,0.7195314973092751,0.6406340255137506,0.4595813204508856,0.5670103092783505,0.45092577713500104,0.5013311112252353,0.595214425359912,0.4742268041237113
4,5.0,0.7938144329896907,0.7222222222222222,0.7935020306154327,0.7407773386034257,0.7938144329896907,0.7305803129332542,0.7933831952024796,0.7983655769814114,0.6804123711340206
