,PC_0_p,PC_1_p,PC_0_bc_distance,PC_1_bc_distance
0,0.09221933328588912,0.25221246630208527,0.056528135231124585,0.9786061242678773
