,standard,sqrt.dist=T,add=T
batch,0.004792096567024859,0.00374569997948638,0.0036825434581711663
gender,,,
