,standard,sqrt.dist=T,add=T
batch,0.00818408400214717,0.00838791435956737,0.009363317009418799
gender,,,
