,standard,sqrt.dist=T,add=T
batch,0.015592686665108694,0.018266095653891597,0.017294282039607926
gender,,,
