,PC_0_p,PC_1_p,PC_0_bc_distance,PC_1_bc_distance
0,0.7048262774013256,0.15424096129355988,0.6574179628026384,0.2863992027908656
