,fold,average_acc,macro_prec,weighted_prec,macro_recall,weighted_recall,macro_f1,weighted_f1,auc,baseline_likelihood
0,1.0,0.6,0.6,0.6,0.6,0.6,0.6,0.6,0.6,0.5
1,2.0,0.4,0.375,0.4,0.375,0.4,0.375,0.4,0.375,0.6
2,3.0,0.4,0.41666666666666663,0.4333333333333333,0.41666666666666663,0.4,0.4,0.4,0.41666666666666663,0.6
3,4.0,0.4,0.38095238095238093,0.38095238095238093,0.4,0.4,0.375,0.375,0.4,0.5
4,5.0,0.5,0.45238095238095233,0.47619047619047616,0.4583333333333333,0.5,0.4505494505494505,0.48351648351648346,0.45833333333333337,0.6
