,fold,average_acc,macro_prec,weighted_prec,macro_recall,weighted_recall,macro_f1,weighted_f1,auc,baseline_likelihood
0,1.0,0.58,0.5888888888888888,0.5912592592592593,0.5855767516491353,0.58,0.5777291210509854,0.5760775727244292,0.5855767516491353,0.5266666666666666
1,2.0,0.56,0.5569007263922519,0.5576755447941888,0.5544660367266893,0.56,0.5520361990950227,0.5552217194570136,0.5544660367266891,0.5266666666666666
2,3.0,0.52,0.5202301744290595,0.5202301744290595,0.52,0.52,0.5186307719736137,0.5186307719736137,0.52,0.5
3,4.0,0.5466666666666666,0.5445381231671553,0.5450293255131965,0.5432692307692307,0.5466666666666666,0.5414493796079842,0.5434058622549901,0.5432692307692307,0.52
4,5.0,0.5333333333333333,0.5422453703703703,0.5435185185185185,0.5389957264957265,0.5333333333333333,0.5265151515151515,0.5242424242424242,0.5389957264957265,0.52
