,fold,average_acc,macro_prec,weighted_prec,macro_recall,weighted_recall,macro_f1,weighted_f1,auc,baseline_likelihood
0,1.0,0.4482758620689655,0.22413793103448276,0.20095124851367419,0.5,0.4482758620689655,0.30952380952380953,0.277504105090312,0.5,0.5517241379310345
1,2.0,0.4482758620689655,0.4855769230769231,0.746684350132626,0.47,0.4482758620689655,0.3894736842105263,0.5266787658802177,0.47,0.8620689655172413
2,3.0,0.4642857142857143,0.45238095238095233,0.4523809523809524,0.4642857142857143,0.4642857142857143,0.42857142857142855,0.42857142857142855,0.4642857142857143,0.5
3,4.0,0.4642857142857143,0.5173913043478261,0.529192546583851,0.5104166666666667,0.4642857142857143,0.42857142857142855,0.4081632653061224,0.5104166666666667,0.5714285714285714
4,5.0,0.4642857142857143,0.4066666666666666,0.4066666666666667,0.46428571428571425,0.4642857142857143,0.3665158371040724,0.3665158371040724,0.4642857142857143,0.5
