,standard,sqrt.dist=T,add=T
batch,0.0028620122807849003,0.003485103914803576,0.0028620122807849276
False,,,
