,standard,sqrt.dist=T,add=T
batch,0.002671610776040121,0.0034949951311957195,0.0038524225902369065
False,,,
