,standard,sqrt.dist=T,add=T
batch,0.0038590212626186085,0.004917608327295269,0.0057509100015505086
False,,,
