,fold,average_acc,macro_prec,weighted_prec,macro_recall,weighted_recall,macro_f1,weighted_f1,auc,baseline_likelihood
0,1.0,0.35714285714285715,0.2231585518102372,0.32102728731942215,0.25531045751633985,0.35714285714285715,0.1775067750677507,0.2508710801393728,0.5043563376291377,0.3673469387755102
1,2.0,0.4845360824742268,0.175,0.2958762886597938,0.2542962356792144,0.4845360824742268,0.1815966581573451,0.3379931239577676,0.5051058643184805,0.4845360824742268
2,3.0,0.36082474226804123,0.3385416666666667,0.4128006872852234,0.25892857142857145,0.36082474226804123,0.1480106100795756,0.2032541223440619,0.5064484126984127,0.35051546391752575
3,4.0,0.44329896907216493,0.1929945054945055,0.2899059703183415,0.2615909090909091,0.44329896907216493,0.20497532894736842,0.33067688551275093,0.5090383790737564,0.4536082474226804
4,5.0,0.3917525773195876,0.15054347826086956,0.2194083370685791,0.2517543859649123,0.3917525773195876,0.15659340659340662,0.24067066953664898,0.5018890826864784,0.3917525773195876
