,fold,average_acc,macro_prec,weighted_prec,macro_recall,weighted_recall,macro_f1,weighted_f1,auc,baseline_likelihood
0,1.0,0.6,0.6017176596886742,0.6022902129182323,0.6011385874399573,0.6,0.5997153531400107,0.5994307062800214,0.6011385874399573,0.5133333333333333
1,2.0,0.5666666666666667,0.5623952318867573,0.563730055255479,0.5598214285714286,0.5666666666666667,0.5580035359717122,0.5621288363026429,0.5598214285714286,0.5333333333333333
2,3.0,0.58,0.5674241013224064,0.576070031663252,0.5657703488372092,0.58,0.5659363373294749,0.5773956180239769,0.5657703488372092,0.5733333333333334
3,4.0,0.56,0.558744874309146,0.56,0.558744874309146,0.56,0.558744874309146,0.56,0.558744874309146,0.5266666666666666
4,5.0,0.5266666666666666,0.5429331306990881,0.5497821681864236,0.5406401726308219,0.5266666666666666,0.5241074221368247,0.5203848846388727,0.5406401726308218,0.5533333333333333
