,fold,average_acc,macro_prec,weighted_prec,macro_recall,weighted_recall,macro_f1,weighted_f1,auc,baseline_likelihood
0,1.0,0.6133333333333333,0.6028343023255813,0.6152422480620156,0.6037390029325513,0.6133333333333333,0.6031746031746031,0.6141798941798942,0.6037390029325513,0.5866666666666667
1,2.0,0.5733333333333334,0.5713944032528103,0.5717005501076297,0.5534084809447128,0.5733333333333334,0.5331647539389224,0.544119821046489,0.5534084809447128,0.54
2,3.0,0.5133333333333333,0.5398073022312373,0.5423901284651792,0.527990729185238,0.5133333333333333,0.48180398466707686,0.47498682819869703,0.527990729185238,0.5266666666666666
3,4.0,0.4666666666666667,0.47326023718952787,0.47403595136868804,0.47869495453735067,0.4666666666666667,0.44444444444444453,0.43851851851851864,0.47869495453735067,0.5266666666666666
4,5.0,0.5466666666666666,0.5368725469944227,0.5389712869241893,0.5319377348362855,0.5466666666666666,0.5221139430284858,0.5307796101949026,0.5319377348362855,0.54
