,fold,average_acc,macro_prec,weighted_prec,macro_recall,weighted_recall,macro_f1,weighted_f1,auc,baseline_likelihood
0,1.0,0.98,0.9801636719444938,0.980081835972247,0.9799075391180654,0.98,0.9799919967987195,0.9799973322662398,0.9799075391180654,0.5066666666666667
1,2.0,0.9666666666666667,0.9657534246575342,0.9689497716894977,0.9695121951219512,0.9666666666666667,0.9665462331058476,0.9667335742004549,0.9695121951219512,0.5466666666666666
2,3.0,0.9733333333333334,0.9732572651096452,0.9733333333333334,0.9732572651096452,0.9733333333333334,0.9732572651096452,0.9733333333333334,0.9732572651096452,0.5266666666666666
3,4.0,0.94,0.9426111908177905,0.9418651362984221,0.9390677815335349,0.94,0.9397832195905258,0.9398795664391809,0.939067781533535,0.5133333333333333
4,5.0,0.98,0.9802350427350428,0.9800783475783476,0.9798078633695072,0.98,0.9799777530589544,0.9799955506117908,0.9798078633695071,0.5133333333333333
