,PC_0_p,PC_1_p,PC_0_bc_distance,PC_1_bc_distance
0,0.6691247128199111,0.6039272249633632,0.7716386959100577,0.19037441607274747
