,PC_0_p,PC_1_p,PC_0_bc_distance,PC_1_bc_distance
0,0.5539238360102818,0.2618291260586026,0.5755500147074806,0.1934875035974588
