,fold,average_acc,macro_prec,weighted_prec,macro_recall,weighted_recall,macro_f1,weighted_f1,auc,baseline_likelihood
0,1.0,0.5733333333333334,0.5686918445539135,0.5710125889436234,0.5673644659151905,0.5733333333333334,0.5670995670995671,0.5712554112554113,0.5673644659151905,0.54
1,2.0,0.52,0.5661812649424038,0.5834992392958053,0.5555555555555556,0.52,0.5113122171945701,0.5008868778280543,0.5555555555555556,0.58
2,3.0,0.5933333333333334,0.6160434702523485,0.6403757598084362,0.6166666666666667,0.5933333333333334,0.5933152584559314,0.5938575047779902,0.6166666666666667,0.6
3,4.0,0.5066666666666667,0.520132269986384,0.5238047072553977,0.5185185185185185,0.5066666666666667,0.5009890307498651,0.49673080381226403,0.5185185185185186,0.54
4,5.0,0.5,0.5687939110070258,0.5834309133489461,0.5425339366515838,0.5,0.4676068335620652,0.45009701386588424,0.5425339366515838,0.5666666666666667
