,fold,average_acc,macro_prec,weighted_prec,macro_recall,weighted_recall,macro_f1,weighted_f1,auc,baseline_likelihood
0,1.0,0.7866666666666666,0.4041095890410959,0.657351598173516,0.48360655737704916,0.7866666666666666,0.4402985074626865,0.7162189054726367,0.48360655737704916,0.8133333333333334
1,2.0,0.8466666666666667,0.42333333333333334,0.7168444444444445,0.5,0.8466666666666667,0.4584837545126354,0.7763658243080627,0.5,0.8466666666666667
2,3.0,0.8066666666666666,0.4033333333333333,0.6507111111111111,0.5,0.8066666666666666,0.44649446494464945,0.7203444034440345,0.5,0.8066666666666666
3,4.0,0.76,0.3825503355704698,0.5865771812080537,0.4956521739130435,0.76,0.4318181818181818,0.6621212121212121,0.4956521739130435,0.7666666666666667
4,5.0,0.7666666666666667,0.38333333333333336,0.5877777777777778,0.5,0.7666666666666667,0.43396226415094347,0.6654088050314467,0.5,0.7666666666666667
