,fold,average_acc,macro_prec,weighted_prec,macro_recall,weighted_recall,macro_f1,weighted_f1,auc,baseline_likelihood
0,1.0,0.8133333333333334,0.4066666666666667,0.6615111111111112,0.5,0.8133333333333334,0.44852941176470584,0.7296078431372549,0.5,0.8133333333333334
1,2.0,0.8466666666666667,0.42333333333333334,0.7168444444444445,0.5,0.8466666666666667,0.4584837545126354,0.7763658243080627,0.5,0.8466666666666667
2,3.0,0.8,0.40268456375838924,0.6496644295302013,0.49586776859504134,0.8,0.4444444444444444,0.7170370370370369,0.49586776859504134,0.8066666666666666
3,4.0,0.7666666666666667,0.38333333333333336,0.5877777777777778,0.5,0.7666666666666667,0.43396226415094347,0.6654088050314467,0.5,0.7666666666666667
4,5.0,0.7666666666666667,0.38333333333333336,0.5877777777777778,0.5,0.7666666666666667,0.43396226415094347,0.6654088050314467,0.5,0.7666666666666667
