,PC_0_p,PC_1_p,PC_0_bc_distance,PC_1_bc_distance
0,0.5198328396397909,0.5050428252185396,0.5809011685257567,0.6334806694991704
