,standard,sqrt.dist=T,add=T
batch,0.003687025657651436,0.004783316702925219,0.005530254854345968
False,,,
