,fold,average_acc,macro_prec,weighted_prec,macro_recall,weighted_recall,macro_f1,weighted_f1,auc,baseline_likelihood
0,1.0,0.3877551020408163,0.16907630522088352,0.26137201868699284,0.23100775193798448,0.3877551020408163,0.17936507936507934,0.29122125040492386,0.48391965137006177,0.4387755102040816
1,2.0,0.36082474226804123,0.09615384615384616,0.14670896114195084,0.23648648648648649,0.36082474226804123,0.13671875,0.20860180412371135,0.4914414414414414,0.38144329896907214
2,3.0,0.4329896907216495,0.17271505376344087,0.2610852455381887,0.25862068965517243,0.4329896907216495,0.1681365897783808,0.27677451542661574,0.5077242103738047,0.422680412371134
3,4.0,0.4329896907216495,0.23252688172043012,0.32097328455825297,0.26242095754290873,0.4329896907216495,0.1815117958594126,0.2882627103921695,0.5093354787714544,0.422680412371134
4,5.0,0.35051546391752575,0.08947368421052632,0.1291372761801411,0.24285714285714285,0.35051546391752575,0.13076923076923078,0.18873909595559082,0.4943463398050918,0.3711340206185567
