,standard,sqrt.dist=T,add=T
batch,0.0018886055726173787,0.002854685130900012,0.0035374925138471295
False,,,
