,fold,average_acc,macro_prec,weighted_prec,macro_recall,weighted_recall,macro_f1,weighted_f1,auc,baseline_likelihood
0,1.0,0.3469387755102041,0.1798611111111111,0.2572562358276644,0.24877450980392157,0.3469387755102041,0.1590909090909091,0.22356215213358072,0.4990722347406704,0.3673469387755102
1,2.0,0.4948453608247423,0.21084104938271606,0.34098574519536723,0.27680032733224225,0.4948453608247423,0.22749255952380953,0.3893670225822288,0.5240339664830225,0.4845360824742268
2,3.0,0.35051546391752575,0.17109929078014185,0.2192732324340133,0.25157563025210083,0.35051546391752575,0.1450352822580645,0.1993577485866312,0.5011328806885073,0.35051546391752575
3,4.0,0.4329896907216495,0.1543040293040293,0.24732827310146896,0.24295454545454545,0.4329896907216495,0.16798088410991635,0.2921528778529111,0.49487218886983037,0.4536082474226804
4,5.0,0.4020618556701031,0.20054347826086957,0.2812640071716719,0.26008771929824565,0.4020618556701031,0.1708791208791209,0.2583437181375326,0.5079214209949361,0.3917525773195876
