,standard,sqrt.dist=T,add=T
batch,0.004380991253074012,0.004215640374308957,0.004380991253074006
False,,,
