,PC_0_p,PC_1_p,PC_0_bc_distance,PC_1_bc_distance
0,0.4841928527872008,0.37567596309998813,0.43274375062562764,0.7282195155951967
