,standard,sqrt.dist=T,add=T
batch,0.004124741073026157,0.005101682144899144,0.005645057930245614
False,,,
