,fold,average_acc,macro_prec,weighted_prec,macro_recall,weighted_recall,macro_f1,weighted_f1,auc,baseline_likelihood
0,1.0,0.42857142857142855,0.20208333333333334,0.28843537414965986,0.2645905923344948,0.42857142857142855,0.19052162849872772,0.2967232694604559,0.5115246194755181,0.41836734693877553
1,2.0,0.422680412371134,0.1468253968253968,0.24431353297332675,0.23589341692789967,0.422680412371134,0.16314262023217246,0.2874202868817425,0.48899276839735717,0.4536082474226804
2,3.0,0.3711340206185567,0.16587301587301587,0.23341515300278184,0.24092558983666063,0.3711340206185567,0.1605902777777778,0.24133734249713631,0.4926275506511319,0.3917525773195876
3,4.0,0.36082474226804123,0.09210526315789473,0.13673358654367876,0.24305555555555555,0.36082474226804123,0.13358778625954199,0.1983158888801448,0.49490048751741134,0.3711340206185567
4,5.0,0.41237113402061853,0.35,0.465979381443299,0.26666666666666666,0.41237113402061853,0.17410714285714288,0.262518409425626,0.5125706214689265,0.3917525773195876
