,fold,average_acc,macro_prec,weighted_prec,macro_recall,weighted_recall,macro_f1,weighted_f1,auc,baseline_likelihood
0,1.0,0.41836734693877553,0.10677083333333333,0.17867772108843535,0.25,0.41836734693877553,0.14963503649635038,0.2504096529122598,0.5010075865339023,0.41836734693877553
1,2.0,0.41237113402061853,0.10526315789473684,0.17797069994574063,0.24390243902439024,0.41237113402061853,0.14705882352941177,0.24863553668890237,0.49571114014711576,0.422680412371134
2,3.0,0.44329896907216493,0.2355263157894737,0.330005425935974,0.25380143112701253,0.44329896907216493,0.1700310559006211,0.288979957738362,0.5024549669980394,0.44329896907216493
3,4.0,0.38144329896907214,0.09536082474226804,0.14549899032840896,0.25,0.38144329896907214,0.1380597014925373,0.21064779196799505,0.5,0.3917525773195876
4,5.0,0.35051546391752575,0.08854166666666667,0.1277920962199313,0.24285714285714285,0.35051546391752575,0.1297709923664122,0.18729833949791452,0.4945054945054945,0.36082474226804123
