,PC_0_p,PC_1_p,PC_0_bc_distance,PC_1_bc_distance
0,0.7502714589015731,0.21010775540821874,0.6871885909829527,0.6321883598026768
