,PC_0_p,PC_1_p,PC_0_bc_distance,PC_1_bc_distance
0,0.72767617364155,0.6479975652816167,0.7239095851797749,0.47080530926087705
