,PC_0_p,PC_1_p,PC_0_bc_distance,PC_1_bc_distance
0,0.7925301436251799,0.09091409297406418,0.6984903739671429,0.35408409712287897
