,standard,sqrt.dist=T,add=T
batch,0.003729526833440527,0.0038703931207809956,0.004010646626799331
False,,,
