,standard,sqrt.dist=T,add=T
batch,0.0033326504201036337,0.003780806546281258,0.00391623355061536
False,,,
