,standard,sqrt.dist=T,add=T
batch,0.0035209322027924352,0.003662364681350834,0.003965615699448382
False,,,
