,standard,sqrt.dist=T,add=T
batch,0.005380620098258008,0.005765157491261483,0.005954682512423831
False,,,
