,standard,sqrt.dist=T,add=T
batch,0.002857450946020419,0.0035104873770658244,0.0028574509460204405
False,,,
