,fold,average_acc,macro_prec,weighted_prec,macro_recall,weighted_recall,macro_f1,weighted_f1,auc,baseline_likelihood
0,1.0,0.3979591836734694,0.3479381443298969,0.4988428361035136,0.25735294117647056,0.3979591836734694,0.15502645502645504,0.23811683403520137,0.5057598039215686,0.3877551020408163
1,2.0,0.422680412371134,0.10789473684210527,0.1868692349430277,0.24404761904761904,0.422680412371134,0.14963503649635035,0.2591617126947099,0.495508658008658,0.4329896907216495
2,3.0,0.41237113402061853,0.10416666666666667,0.1718213058419244,0.25,0.41237113402061853,0.14705882352941177,0.24257125530624624,0.5003547471620227,0.41237113402061853
3,4.0,0.4020618556701031,0.1015625,0.16752577319587628,0.24375,0.4020618556701031,0.14338235294117646,0.23650697392359002,0.49531250000000004,0.41237113402061853
4,5.0,0.38144329896907214,0.09536082474226804,0.14549899032840896,0.25,0.38144329896907214,0.1380597014925373,0.21064779196799505,0.5,0.38144329896907214
