,standard,sqrt.dist=T,add=T
batch,0.003242472246807887,0.00359743881492622,0.0032424722468079154
False,,,
