,fold,average_acc,macro_prec,weighted_prec,macro_recall,weighted_recall,macro_f1,weighted_f1,auc,baseline_likelihood
0,1.0,0.3673469387755102,0.09183673469387756,0.13494377342773844,0.25,0.3673469387755102,0.13432835820895522,0.1973804447151995,0.5,0.3673469387755102
1,2.0,0.4639175257731959,0.21684782608695652,0.323352756611385,0.26283670033670037,0.4639175257731959,0.18933823529411767,0.32163432383262586,0.5104951695753582,0.4536082474226804
2,3.0,0.36082474226804123,0.09020618556701031,0.1301944946327984,0.25,0.36082474226804123,0.13257575757575757,0.19134645423305216,0.5,0.36082474226804123
3,4.0,0.4639175257731959,0.1735632183908046,0.29818698897973694,0.2431891025641026,0.4639175257731959,0.18703703703703706,0.3450171821305842,0.49526514628061413,0.4948453608247423
4,5.0,0.35051546391752575,0.08762886597938144,0.1228610904453183,0.25,0.35051546391752575,0.1297709923664122,0.1819469583694027,0.5,0.36082474226804123
