,fold,average_acc,macro_prec,weighted_prec,macro_recall,weighted_recall,macro_f1,weighted_f1,auc,baseline_likelihood
0,1.0,0.40816326530612246,0.1965356429047302,0.2832805340657249,0.26458333333333334,0.40816326530612246,0.21008403361344538,0.3138398216429429,0.5110949121027721,0.40816326530612246
1,2.0,0.3711340206185567,0.2163978494623656,0.2851679414699036,0.2533524904214559,0.3711340206185567,0.16208597603946442,0.23187521341441267,0.5020981352782303,0.3711340206185567
2,3.0,0.38144329896907214,0.09536082474226804,0.14549899032840896,0.25,0.38144329896907214,0.1380597014925373,0.21064779196799505,0.5,0.38144329896907214
3,4.0,0.38144329896907214,0.15545454545454546,0.24566073102155578,0.2288975021533161,0.38144329896907214,0.18064683500518852,0.2933918631230231,0.4850836717115787,0.44329896907216493
4,5.0,0.3917525773195876,0.18530701754385964,0.2651926207270754,0.25383920505871727,0.3917525773195876,0.20539529914529914,0.30517005903603844,0.5014731739579301,0.422680412371134
