,standard,sqrt.dist=T,add=T
batch,0.002775644752529972,0.003350764119158197,0.0037701432789801932
False,,,
