,standard,sqrt.dist=T,add=T
batch,0.003341478822721033,0.0037369515599311115,0.003341478822721053
False,,,
