,standard,sqrt.dist=T,add=T
batch,0.002775809433637454,0.003246778705727823,0.0027758094336375765
False,,,
