,fold,average_acc,macro_prec,weighted_prec,macro_recall,weighted_recall,macro_f1,weighted_f1,auc,baseline_likelihood
0,1.0,0.4387755102040816,0.11197916666666667,0.20110544217687076,0.24431818181818182,0.4387755102040816,0.15357142857142855,0.275801749271137,0.49595277896334233,0.4489795918367347
1,2.0,0.3711340206185567,0.09473684210526316,0.14454693434617472,0.24324324324324326,0.3711340206185567,0.13636363636363638,0.20805998125585756,0.49513352638352637,0.38144329896907214
2,3.0,0.29896907216494845,0.07474226804123711,0.08938250611117016,0.25,0.29896907216494845,0.11507936507936507,0.13762068401243657,0.5,0.4020618556701031
3,4.0,0.4948453608247423,0.20833333333333331,0.3419243986254295,0.24941130298273154,0.4948453608247423,0.18157704364600916,0.3505452954439801,0.49878869139746906,0.5051546391752577
4,5.0,0.38144329896907214,0.09635416666666667,0.15098797250859108,0.24342105263157895,0.38144329896907214,0.13805970149253732,0.21634097553469767,0.4949499629355078,0.3917525773195876
