,fold,average_acc,macro_prec,weighted_prec,macro_recall,weighted_recall,macro_f1,weighted_f1,auc,baseline_likelihood
0,1.0,0.3469387755102041,0.08673469387755102,0.12036651395251978,0.25,0.3469387755102041,0.12878787878787878,0.17872603586889302,0.5,0.35714285714285715
1,2.0,0.4329896907216495,0.10824742268041238,0.18748007227122968,0.25,0.4329896907216495,0.1510791366906475,0.26166283468070906,0.5,0.4329896907216495
2,3.0,0.4020618556701031,0.1015625,0.16752577319587628,0.24375,0.4020618556701031,0.14338235294117646,0.23650697392359002,0.4949810606060606,0.41237113402061853
3,4.0,0.4329896907216495,0.11052631578947368,0.19598480737927293,0.2441860465116279,0.4329896907216495,0.15217391304347824,0.2698341550874047,0.4960294596922504,0.44329896907216493
4,5.0,0.3917525773195876,0.18173758865248227,0.23323828324925056,0.2542906178489703,0.3917525773195876,0.15938228438228438,0.2378583615697018,0.5030042186817,0.3917525773195876
