,standard,sqrt.dist=T,add=T
batch,0.00570703570069726,0.005924806700546015,0.006060058827759401
False,,,
