,fold,average_acc,macro_prec,weighted_prec,macro_recall,weighted_recall,macro_f1,weighted_f1,auc,baseline_likelihood
0,1.0,0.5266666666666666,0.5434782608695652,0.5457971014492754,0.5370832590479586,0.5266666666666666,0.5131428571428571,0.5088152380952382,0.5370832590479586,0.5266666666666666
1,2.0,0.52,0.5214833303619184,0.5229666607238367,0.5214833303619184,0.52,0.52,0.52,0.5214833303619184,0.5266666666666666
2,3.0,0.5133333333333333,0.5133357041251778,0.5133357041251778,0.5133333333333334,0.5133333333333333,0.5133117027423442,0.5133117027423442,0.5133333333333334,0.5
3,4.0,0.56,0.5589285714285714,0.5595714285714286,0.5587606837606838,0.56,0.558744874309146,0.5596862185772865,0.5587606837606838,0.52
4,5.0,0.5133333333333333,0.5253968253968254,0.5266031746031746,0.5213675213675214,0.5133333333333333,0.49703734325478854,0.49341601212622305,0.5213675213675214,0.52
