,fold,average_acc,macro_prec,weighted_prec,macro_recall,weighted_recall,macro_f1,weighted_f1,auc,baseline_likelihood
0,1.0,0.5066666666666667,0.5053571428571428,0.5061428571428572,0.5053418803418803,0.5066666666666667,0.5052594045284364,0.5063148511321091,0.5053418803418803,0.52
1,2.0,0.5133333333333333,0.5357420357420357,0.5373426573426574,0.5245726495726496,0.5133333333333333,0.47804947804947806,0.47262119262119257,0.5245726495726496,0.52
2,3.0,0.5466666666666666,0.5729166666666667,0.5797222222222222,0.5640243902439024,0.5466666666666666,0.5384615384615384,0.5327179487179488,0.5640243902439024,0.5466666666666666
3,4.0,0.49333333333333335,0.49489795918367346,0.49496598639455786,0.4953769559032717,0.49333333333333335,0.4821947674418604,0.48118217054263557,0.4953769559032717,0.5066666666666667
4,5.0,0.58,0.5796586059743954,0.5810241820768137,0.5798716348725264,0.58,0.5795328142380423,0.5802803114571747,0.5798716348725264,0.5266666666666666
