,fold,average_acc,macro_prec,weighted_prec,macro_recall,weighted_recall,macro_f1,weighted_f1,auc,baseline_likelihood
0,1.0,1.0,1.0,1.0,1.0,1.0,1.0,1.0,1.0,0.56
1,2.0,0.94,0.94375,0.9467499999999999,0.9430379746835442,0.94,0.9399973332148095,0.9399759989332859,0.9430379746835442,0.5266666666666666
2,3.0,0.9933333333333333,0.9935064935064934,0.9934199134199135,0.9932432432432432,0.9933333333333333,0.9933306655995733,0.9933324440887468,0.9932432432432432,0.5066666666666667
3,4.0,0.9533333333333334,0.9485930735930737,0.9559668109668109,0.9580954135199853,0.9533333333333334,0.9522097310090574,0.9535775947081759,0.9580954135199853,0.5933333333333334
4,5.0,1.0,1.0,1.0,1.0,1.0,1.0,1.0,1.0,0.54
