,standard,sqrt.dist=T,add=T
batch,0.007339545450539366,0.00704228964160495,0.007206834211831039
False,,,
