,PC_0_p,PC_1_p,PC_0_bc_distance,PC_1_bc_distance
0,7.674646455193308e-19,0.7438216169163692,4.310200750557112e-20,7.200784797090826e-05
