,standard,sqrt.dist=T,add=T
batch,0.22584452277283276,0.11859286756453974,0.2258445227728319
False,,,
