,standard,sqrt.dist=T,add=T
batch,0.29708675562253134,0.16622384063603995,0.14149336953106317
False,,,
