,fold,average_acc,macro_prec,weighted_prec,macro_recall,weighted_recall,macro_f1,weighted_f1,auc,baseline_likelihood
0,1.0,0.5517241379310345,0.6025641025641025,0.6003536693191865,0.5380952380952381,0.5517241379310345,0.45911047345767575,0.4668282788304556,0.5380952380952381,0.5172413793103449
1,2.0,0.41379310344827586,0.4387254901960784,0.4836037863421231,0.4342105263157895,0.41379310344827586,0.4109916367980884,0.42359823672393193,0.4342105263157895,0.6551724137931034
2,3.0,0.4642857142857143,0.4066666666666666,0.4066666666666667,0.46428571428571425,0.4642857142857143,0.3665158371040724,0.3665158371040724,0.4642857142857143,0.5
3,4.0,0.5357142857142857,0.625,0.6339285714285714,0.5615384615384615,0.5357142857142857,0.48221906116642965,0.4703312334891283,0.5615384615384615,0.5357142857142857
4,5.0,0.5,0.45614035087719296,0.4824561403508772,0.45989304812834225,0.5,0.4555555555555556,0.48888888888888893,0.4598930481283422,0.6071428571428571
