,standard,sqrt.dist=T,add=T
batch,0.22584452277283276,0.11859286756453974,0.22584452277283185
False,,,
