,standard,sqrt.dist=T,add=T
batch,0.22584452277283276,0.11859286756453971,0.2258445227728318
False,,,
