,fold,average_acc,macro_prec,weighted_prec,macro_recall,weighted_recall,macro_f1,weighted_f1,auc,baseline_likelihood
0,1.0,0.41379310344827586,0.37745098039215685,0.4574036511156187,0.3611111111111111,0.41379310344827586,0.36550836550836546,0.43189988017574216,0.36111111111111116,0.6896551724137931
1,2.0,0.5862068965517241,0.5857843137254902,0.585868830290737,0.5833333333333333,0.5862068965517241,0.5817307692307692,0.5832228116710876,0.5833333333333333,0.5172413793103449
2,3.0,0.39285714285714285,0.39743589743589747,0.4065934065934066,0.39583333333333337,0.39285714285714285,0.39208173690932313,0.3951833607006021,0.39583333333333337,0.5714285714285714
3,4.0,0.5714285714285714,0.606060606060606,0.6060606060606061,0.5714285714285714,0.5714285714285714,0.5333333333333332,0.5333333333333333,0.5714285714285714,0.5
4,5.0,0.5,0.5238095238095237,0.5272108843537414,0.517948717948718,0.5,0.4759358288770053,0.4679144385026738,0.5179487179487179,0.5357142857142857
