,fold,average_acc,macro_prec,weighted_prec,macro_recall,weighted_recall,macro_f1,weighted_f1,auc,baseline_likelihood
0,1.0,0.6206896551724138,0.6916666666666667,0.6879310344827587,0.6095238095238096,0.6206896551724138,0.5695006747638327,0.5746195728046908,0.6095238095238096,0.5172413793103449
1,2.0,0.5172413793103449,0.5142857142857142,0.5290640394088669,0.5147058823529411,0.5172413793103449,0.5120192307692307,0.5207228116710876,0.5147058823529411,0.5862068965517241
2,3.0,0.5357142857142857,0.5357142857142857,0.5586734693877551,0.5374331550802138,0.5357142857142857,0.5303225806451612,0.5411059907834102,0.5374331550802138,0.6071428571428571
3,4.0,0.5714285714285714,0.5777777777777777,0.5777777777777777,0.5714285714285714,0.5714285714285714,0.5625,0.5625000000000001,0.5714285714285714,0.5
4,5.0,0.5,0.42666666666666664,0.4333333333333333,0.4717948717948718,0.5,0.3875,0.40625,0.4717948717948718,0.5357142857142857
