,standard,sqrt.dist=T,add=T
batch,0.007339545450539365,0.007042289641604951,0.007206834211831039
False,,,
