,fold,average_acc,macro_prec,weighted_prec,macro_recall,weighted_recall,macro_f1,weighted_f1,auc,baseline_likelihood
0,1.0,0.4827586206896552,0.48684210526315785,0.48729582577132485,0.48809523809523814,0.4827586206896552,0.4727272727272727,0.4702194357366771,0.4880952380952381,0.5172413793103449
1,2.0,0.4482758620689655,0.4452380952380952,0.4604269293924466,0.44362745098039214,0.4482758620689655,0.4423076923076923,0.4522546419098143,0.4436274509803922,0.5862068965517241
2,3.0,0.5357142857142857,0.5,0.5102040816326531,0.5,0.5357142857142857,0.48221906116642954,0.5059947165210322,0.5,0.5714285714285714
3,4.0,0.6428571428571429,0.6375,0.6392857142857142,0.6145833333333334,0.6428571428571429,0.6111111111111112,0.6269841269841271,0.6145833333333333,0.5714285714285714
4,5.0,0.6428571428571429,0.6666666666666667,0.663265306122449,0.6256410256410256,0.6428571428571429,0.6111111111111112,0.6190476190476192,0.6256410256410256,0.5357142857142857
