,standard,sqrt.dist=T,add=T
batch,0.007339545450539371,0.00704228964160495,0.007206834211831042
False,,,
