,fold,average_acc,macro_prec,weighted_prec,macro_recall,weighted_recall,macro_f1,weighted_f1,auc,baseline_likelihood
0,1.0,0.4827586206896552,0.512987012987013,0.5190326914464846,0.5096153846153846,0.4827586206896552,0.45962732919254656,0.4480616834439922,0.5096153846153846,0.5517241379310345
1,2.0,0.4827586206896552,0.4722222222222222,0.4731800766283525,0.47619047619047616,0.4827586206896552,0.4596273291925466,0.46348254444206477,0.47619047619047616,0.5172413793103449
2,3.0,0.6428571428571429,0.6515151515151515,0.6493506493506492,0.6041666666666666,0.6428571428571429,0.5906432748538011,0.6115288220551378,0.6041666666666667,0.5714285714285714
3,4.0,0.5,0.46875,0.5625,0.4625,0.5,0.4555555555555556,0.5222222222222223,0.4625,0.7142857142857143
4,5.0,0.42857142857142855,0.4125,0.41250000000000003,0.4285714285714286,0.42857142857142855,0.40106951871657753,0.40106951871657753,0.42857142857142855,0.5
