,standard,sqrt.dist=T,add=T
batch,0.010080238708619951,0.009940664729465481,0.0100362784119331
gender,,,
