,standard,sqrt.dist=T,add=T
batch,0.00940402673104843,0.009605693830989834,0.009467647452166167
gender,,,
