,PC_0_p,PC_1_p,PC_0_bc_distance,PC_1_bc_distance
0,0.8314547849647086,0.028313630165418206,0.8491678917669597,0.03653144144472846
