,PC_0_p,PC_1_p,PC_0_bc_distance,PC_1_bc_distance
0,0.6834841972926489,0.5038501877651198,0.7385564500732904,0.5736799507073895
