,standard,sqrt.dist=T,add=T
batch,0.010431758392251328,0.010115417121887406,0.01033187355326456
gender,,,
