,standard,sqrt.dist=T,add=T
batch,0.0032508012479778134,0.0032623929875339537,0.0032535333005488444
gender,,,
