,PC_0_p,PC_1_p,PC_0_bc_distance,PC_1_bc_distance
0,0.9063382732320239,0.42177189244907476,0.9394801653451302,0.5403282620232153
