,PC_0_p,PC_1_p,PC_0_bc_distance,PC_1_bc_distance
0,0.38636572593155133,0.1449556166850491,0.5113392635473747,0.987970829169122
