,fold,average_acc,macro_prec,weighted_prec,macro_recall,weighted_recall,macro_f1,weighted_f1,auc,baseline_likelihood
0,1.0,0.6203703703703703,0.6301419730615216,0.6308936348069949,0.6226415094339622,0.6203703703703703,0.615625,0.6148341049382716,0.6226415094339621,0.5092592592592593
1,2.0,0.6481481481481481,0.6463679860809047,0.6473265348863435,0.6448557899268188,0.6481481481481481,0.6451054998270495,0.6472353536518185,0.6448557899268188,0.5324074074074074
2,3.0,0.6527777777777778,0.6604938271604939,0.6599222679469593,0.6505145797598628,0.6527777777777778,0.6464040161519153,0.6472831556865172,0.6505145797598628,0.5092592592592593
3,4.0,0.6666666666666666,0.6857142857142857,0.6869047619047619,0.6694682675814752,0.6666666666666666,0.6601101494885917,0.6592359471981817,0.6694682675814752,0.5092592592592593
4,5.0,0.6435185185185185,0.6577205882352941,0.6592422385620915,0.6472329472329472,0.6435185185185185,0.6386782820273293,0.637516625269444,0.6472329472329472,0.5138888888888888
