,standard,sqrt.dist=T,add=T
batch,0.004921551786847248,0.0031029063580746558,0.0019490601538255242
gender,,,
