,PC_0_p,PC_1_p,PC_0_bc_distance,PC_1_bc_distance
0,5.2803303828063965e-21,3.3935565780854396e-31,7.347940052842761e-23,7.198807897726189e-70
