,standard,sqrt.dist=T,add=T
batch,0.06970294018242766,0.04368894820493073,0.06970294018242418
gender,,,
