,standard,sqrt.dist=T,add=T
batch,0.08913785887472665,0.05180643197394394,0.02764043711419637
gender,,,
