,fold,average_acc,macro_prec,weighted_prec,macro_recall,weighted_recall,macro_f1,weighted_f1,auc,baseline_likelihood
0,1.0,0.6388888888888888,0.6396825396825396,0.6395061728395062,0.635989010989011,0.6388888888888888,0.635103525946461,0.6364800215618893,0.635989010989011,0.5185185185185185
1,2.0,0.5972222222222222,0.5974877818743034,0.5990811397867901,0.5977812177502579,0.5972222222222222,0.5970062833737213,0.5975245366101234,0.597781217750258,0.5277777777777778
2,3.0,0.6666666666666666,0.6690042075736325,0.6687120149602619,0.6653516295025729,0.6666666666666666,0.6643356643356644,0.6648536648536649,0.6653516295025729,0.5092592592592593
3,4.0,0.6574074074074074,0.684260944534917,0.6880971641245613,0.6652633387748088,0.6574074074074074,0.6506687647521636,0.6484225505337491,0.6652633387748088,0.5231481481481481
4,5.0,0.6157407407407407,0.623015873015873,0.6250367430922986,0.6198556577025518,0.6157407407407407,0.6143437950394735,0.6132692214231139,0.6198556577025518,0.5231481481481481
