,standard,sqrt.dist=T,add=T
batch,0.08914568469097217,0.051810990306968605,0.027640031899956802
gender,,,
