,PC_0_p,PC_1_p,PC_0_bc_distance,PC_1_bc_distance
0,5.3218053010461704e-21,3.344910547754199e-31,7.436755082096516e-23,7.182631540847565e-70
