,standard,sqrt.dist=T,add=T
batch,0.0319078503062324,0.017891830316209573,0.004323453814087221
gender,,,
