,PC_0_p,PC_1_p,PC_0_bc_distance,PC_1_bc_distance
0,3.5510589376182536e-11,0.8984168565172137,1.2925357375977708e-27,0.048263573558152986
