,fold,average_acc,macro_prec,weighted_prec,macro_recall,weighted_recall,macro_f1,weighted_f1,auc,baseline_likelihood
0,1.0,0.7983651226158038,0.8954802259887006,0.8405147862497883,0.5747126436781609,0.7983651226158038,0.5716403785488959,0.7355275530991328,0.5747126436781609,0.7629427792915532
1,2.0,0.7411444141689373,0.868421052631579,0.8092643051771117,0.5297029702970297,0.7411444141689373,0.4803171905975644,0.645842159402474,0.5297029702970297,0.7247956403269755
2,3.0,0.7384196185286104,0.7440140845070422,0.7413554898875543,0.5384572697003329,0.7384196185286104,0.5015280135823429,0.6541498776386337,0.5384572697003329,0.7220708446866485
3,4.0,0.7574931880108992,0.8001955671447196,0.7787817641186688,0.5524049768606327,0.7574931880108992,0.5276705276705277,0.6811848828197603,0.5524049768606327,0.7329700272479565
4,5.0,0.7759562841530054,0.7120535714285714,0.7487314597970336,0.5433970099667774,0.7759562841530054,0.525126582278481,0.7080625302621567,0.5433970099667774,0.7650273224043715
