,standard,sqrt.dist=T,add=T
batch,0.009745951387817343,0.006466630562836876,0.001510576933524861
gender,,,
