,standard,sqrt.dist=T,add=T
batch,0.01576548649341792,0.009896828612292543,0.0157654864934162
gender,,,
