,PC_0_p,PC_1_p,PC_0_bc_distance,PC_1_bc_distance
0,0.14639162286654586,0.00936197596140985,0.18017824108029462,0.008877447874307403
