,PC_0_p,PC_1_p,PC_0_bc_distance,PC_1_bc_distance
0,0.7930830688523538,0.1413661306002721,0.5178374124774557,0.4872448411635919
