,PC_0_p,PC_1_p,PC_0_bc_distance,PC_1_bc_distance
0,0.004285510322922659,1.2712700651583632e-19,5.579882215594021e-09,4.001157150721479e-44
