,standard,sqrt.dist=T,add=T
batch,0.11355101746582302,0.08132779383817182,0.09290469800135794
gender,,,
