,PC_0_p,PC_1_p,PC_0_bc_distance,PC_1_bc_distance
0,0.032784867220115435,0.9087490690993503,0.05496800877755182,0.7032359959805083
