,standard,sqrt.dist=T,add=T
batch,0.11398422281585872,0.08154119577488643,0.09320441663657864
gender,,,
