,PC_0_p,PC_1_p,PC_0_bc_distance,PC_1_bc_distance
0,0.036695614050806465,0.9165369086801552,0.04665585442654847,0.7042626418636815
