,fold,average_acc,macro_prec,weighted_prec,macro_recall,weighted_recall,macro_f1,weighted_f1,auc,baseline_likelihood
0,1.0,0.7,0.7083333333333333,0.7083333333333333,0.7,0.7,0.6969696969696968,0.6969696969696969,0.7000000000000002,0.5
1,2.0,0.9,0.9285714285714286,0.9142857142857143,0.875,0.9,0.8901098901098901,0.8967032967032967,0.875,0.6
2,3.0,0.9,0.9,0.9199999999999999,0.9166666666666667,0.9,0.898989898989899,0.901010101010101,0.9166666666666667,0.6
3,4.0,1.0,1.0,1.0,1.0,1.0,1.0,1.0,1.0,0.5
4,5.0,0.9,0.9285714285714286,0.9142857142857143,0.875,0.9,0.8901098901098901,0.8967032967032967,0.875,0.6
