,fold,average_acc,macro_prec,weighted_prec,macro_recall,weighted_recall,macro_f1,weighted_f1,auc,baseline_likelihood
0,1.0,0.5,0.4583333333333333,0.5416666666666666,0.45238095238095233,0.5,0.4505494505494505,0.5164835164835164,0.45238095238095233,0.7
1,2.0,0.6,0.6666666666666666,0.8666666666666666,0.75,0.6,0.5833333333333333,0.6333333333333333,0.75,0.8
2,3.0,0.6,0.75,0.8,0.6666666666666666,0.6,0.5833333333333333,0.5666666666666667,0.6666666666666667,0.6
3,4.0,1.0,1.0,1.0,1.0,1.0,1.0,1.0,1.0,0.7
4,5.0,1.0,1.0,1.0,1.0,1.0,1.0,1.0,1.0,0.6
