,PC_0_p,PC_1_p,PC_0_bc_distance,PC_1_bc_distance
0,0.0674624344106234,0.44772364702553547,0.04839657807788381,0.3529964629014355
