,PC_0_p,PC_1_p,PC_0_bc_distance,PC_1_bc_distance
0,0.022497498389558893,5.427540384379367e-11,2.1078906018952716e-17,8.379768377803824e-37
