,combat,limma,MMUPHin,ConQuR,ConQuR_libsize,Percentile_norm,harmony,harmonicMic,harmony_PCs,harmonicMic_weighted
global_batch_p_val_PC0,0.35254170543829405,0.34119931439323586,0.6613920672959547,0.7853610643357885,0.787981054953081,0.1348456418974307,0.09142371435494125,0.022497498389558893,6.396493822488888e-05,0.022497498389558893
global_batch_p_val_PC1,0.029367342245451688,0.16965410969384664,0.2239998381224044,0.7636862386356397,0.7920884898096423,0.270322820915977,1.1192700788050965e-07,5.427540384379367e-11,1.2351060316587446e-17,5.427540384379367e-11
global_biovar_p_val_PC0,0.87211457611837,0.8268759120975173,0.5395754984502972,0.3237100672615982,0.30886159106956285,0.8298105063585925,0.0856844089720795,0.07640129553146612,0.08799616775176405,0.07640129553146612
global_biovar_p_val_PC1,0.2991193991634373,0.9202662918135615,0.6748257524929688,0.3577233390763839,0.3583797991044062,0.44819660519155546,0.6748257524929688,0.9137920113420419,0.9592080634281681,0.9137920113420419
runtime,12.5831471244494,0.79932165145874,4.46366238594055,45.6615662574768,45.6615662574768,49.641387701034546,31.85528540611267,71.90853953361511,9.941538095474243,19.765371561050415
