,combat,limma,MMUPHin,ConQuR,ConQuR_libsize,Percentile_norm,harmony,harmonicMic,harmony_PCs,harmonicMic_weighted
global_batch_p_val_PC0,0.8120058967153532,0.279366602103063,0.0020062133211810242,0.4795235733469154,0.4633669711824736,0.9783850719191838,1.7499881071265968e-09,8.260016991358516e-10,4.022612424220987e-10,8.260016991358516e-10
global_batch_p_val_PC1,0.03696852629214658,0.8823674069140205,0.0036541389456024847,0.6909500071949393,0.6927553213785802,0.22003233668986344,2.0443977246743646e-12,3.194792750034116e-13,7.106991792280248e-20,3.194792750034116e-13
global_biovar_p_val_PC0,0.6040318306173501,0.22082538946139962,0.8907464036810425,0.706059078500728,0.7150687940989284,0.6721487155609365,0.6835733877091672,0.818061740788078,0.36035365806535546,0.818061740788078
global_biovar_p_val_PC1,0.23473873994018157,0.31818242521020584,0.6779946074528027,0.9626509463544038,0.9785190408734418,0.024162543466605107,0.1461128998055777,0.13615173301928482,0.3911558033590852,0.13615173301928482
runtime,6.73876099983851,1.67179989814758,18.9937307834625,2.98888574838638,2.98888574838638,112.77516055107117,31.85528540611267,71.90853953361511,9.941538095474243,19.765371561050415
