,limma,MMUPHin,ConQuR,ConQuR_libsize,Percentile_norm,harmony,harmonicMic,harmony_PCs,harmonicMic_weighted,combat
global_batch_p_val_PC0,0.09221933328588912,0.15593337772867719,0.0674624344106234,0.06456747812222943,0.9063382732320239,1.9615772739458375e-11,2.307949039847336e-11,6.817778711220405e-38,2.307949039847336e-11,NA
global_batch_p_val_PC1,0.25221246630208527,0.7987184411451639,0.44772364702553547,0.4583786059999274,0.42177189244907476,0.633758596363026,0.4271317559633647,0.05500297933804064,0.4271317559633647,NA
global_biovar_p_val_PC0,0.05140080054689541,0.015108845906838472,0.04571941668932512,0.044371474437133684,0.646755493512577,3.6754981820688716e-05,1.6045747200499834e-05,3.630330108691418e-08,1.6045747200499834e-05,NA
global_biovar_p_val_PC1,0.46243075868236816,0.6838542598034452,0.3331872974316444,0.3433484379029075,0.7081255419164406,0.5671946096007621,0.5415561690177069,0.2332548197282612,0.5415561690177069,NA
runtime,2.49139618873596,14.0828115940094,3.10085428555806,3.10085428555806,153.5607569217682,31.85528540611267,71.90853953361511,9.941538095474243,19.765371561050415,3.36036186218262
