,combat,limma,MMUPHin,ConQuR,ConQuR_libsize,Percentile_norm,harmony,harmonicMic,harmony_PCs,harmonicMic_weighted
global_batch_p_val_PC0,0.39398440626567166,0.457651285895856,0.18275334458117515,0.6691247128199111,0.6691247128199111,0.3914534580348741,0.00012224697519916196,2.6380607840598697e-05,4.8980544132844605e-14,2.6380607840598697e-05
global_batch_p_val_PC1,0.9872367501331817,0.9617233106816502,0.9435218723052589,0.6039272249633632,0.757690932996197,0.17976907699845712,0.001927763432248568,0.0013447026358761388,0.2900143309497757,0.0013447026358761388
global_biovar_p_val_PC0,0.8375715868671771,0.9771037794575924,0.1202070261424966,0.41221453650112894,0.6668309147145661,0.5883684842504198,0.5494383145074474,0.6140493869250392,0.37804565161809167,0.6140493869250392
global_biovar_p_val_PC1,0.12416965095682736,0.07721048834167643,0.39833262405815684,0.22023475857072145,0.12926539712584448,0.8665041650131026,0.4680212066633179,0.3584078757728557,0.6579093270862597,0.3584078757728557
runtime,0.424718618392944,0.0145502090454102,0.376337766647339,1.01952576637268,1.01952576637268,0.9408328533172607,31.85528540611267,71.90853953361511,9.941538095474243,19.765371561050415
