,fold,average_acc,macro_prec,weighted_prec,macro_recall,weighted_recall,macro_f1,weighted_f1,auc,baseline_likelihood
0,1.0,0.4866666666666667,0.5949050949050949,0.6028638028638029,0.5169642857142858,0.4866666666666667,0.3767200906588959,0.359268253197345,0.5169642857142858,0.5333333333333333
1,2.0,0.5133333333333333,0.4177355152587351,0.4325696594427245,0.46645021645021645,0.5133333333333333,0.39203819887846314,0.4246249514185775,0.46645021645021645,0.56
2,3.0,0.6266666666666667,0.601890756302521,0.6087955182072828,0.5363568215892054,0.6266666666666667,0.4883040935672514,0.548615984405458,0.5363568215892054,0.6133333333333333
3,4.0,0.62,0.694327731092437,0.6821428571428572,0.5669683257918552,0.62,0.5102812303110145,0.5411879259980527,0.5669683257918552,0.5666666666666667
4,5.0,0.58,0.6012323943661972,0.5980633802816901,0.5208144796380091,0.58,0.42972663086114293,0.4687586747933136,0.520814479638009,0.5666666666666667
