,fold,average_acc,macro_prec,weighted_prec,macro_recall,weighted_recall,macro_f1,weighted_f1,auc,baseline_likelihood
0,1.0,1.0,1.0,1.0,1.0,1.0,1.0,1.0,1.0,0.5066666666666667
1,2.0,1.0,1.0,1.0,1.0,1.0,1.0,1.0,1.0,0.54
2,3.0,1.0,1.0,1.0,1.0,1.0,1.0,1.0,1.0,0.5333333333333333
3,4.0,0.9933333333333333,0.9936708860759493,0.9934177215189873,0.9930555555555556,0.9933333333333333,0.9933187831277004,0.9933312547325287,0.9930555555555556,0.52
4,5.0,0.9933333333333333,0.9931506849315068,0.9934246575342466,0.9935897435897436,0.9933333333333333,0.9933259176863181,0.9933348164627364,0.9935897435897436,0.52
