,fold,average_acc,macro_prec,weighted_prec,macro_recall,weighted_recall,macro_f1,weighted_f1,auc,baseline_likelihood
0,1.0,0.8066666666666666,0.8064717418434659,0.8066179354608665,0.8060897435897436,0.8066666666666666,0.8062447107033093,0.8066063872433298,0.8060897435897436,0.52
1,2.0,0.7466666666666667,0.7450348899624262,0.7466666666666667,0.7450348899624262,0.7466666666666667,0.7450348899624262,0.7466666666666667,0.7450348899624262,0.54
2,3.0,0.7866666666666666,0.7824413489736071,0.7860166177908112,0.7799781976744187,0.7866666666666666,0.7810618500273672,0.7861995986133917,0.7799781976744187,0.5733333333333334
3,4.0,0.7133333333333334,0.7382569326542161,0.7479494435012262,0.726506456241033,0.7133333333333334,0.7117833683363868,0.7098106856130003,0.726506456241033,0.5466666666666666
4,5.0,0.8266666666666667,0.8322510822510822,0.8328715728715728,0.8275248933143671,0.8266666666666667,0.8261722232126938,0.8260486123492007,0.8275248933143671,0.5066666666666667
