,fold,average_acc,macro_prec,weighted_prec,macro_recall,weighted_recall,macro_f1,weighted_f1,auc,baseline_likelihood
0,1.0,0.5866666666666667,0.5877957658779576,0.5911830635118306,0.5882984433709071,0.5866666666666667,0.5863725315780111,0.5872549368439779,0.5882984433709071,0.54
1,2.0,0.5133333333333333,0.5958333333333333,0.6178333333333333,0.5629447181171319,0.5133333333333333,0.4885806361216197,0.47057867451310076,0.5629447181171319,0.58
2,3.0,0.58,0.6103565365025467,0.6356536502546689,0.6083333333333334,0.58,0.5798319327731092,0.5781512605042017,0.6083333333333334,0.6
3,4.0,0.5266666666666666,0.5429748822605965,0.5472291993720565,0.5391841116478797,0.5266666666666666,0.5205078564675161,0.5161604610328215,0.5391841116478797,0.54
4,5.0,0.5066666666666667,0.5590062111801242,0.5720910973084886,0.5429864253393665,0.5066666666666667,0.4861111111111111,0.47240740740740744,0.5429864253393666,0.5666666666666667
