,standard,sqrt.dist=T,add=T
batch,0.10168652852946276,0.07391741906793091,0.02532984600002491
False,,,
