,standard,sqrt.dist=T,add=T
batch,0.00511133646158764,0.005676667456894856,0.0067443293496587346
False,,,
