,PC_0_p,PC_1_p,PC_0_bc_distance,PC_1_bc_distance
0,0.00010525794040766255,0.0027765856498100073,4.6780235222627787e-07,0.8855214793715473
