,PC_0_p,PC_1_p,PC_0_bc_distance,PC_1_bc_distance
0,1.9147436859756626e-08,0.5267167464026927,9.82226657968402e-11,0.5327033046674556
