,PC_0_p,PC_1_p,PC_0_bc_distance,PC_1_bc_distance
0,1.1038976028259165e-07,0.21633111125723772,4.333962919067257e-09,0.5755500147074806
