,fold,average_acc,macro_prec,weighted_prec,macro_recall,weighted_recall,macro_f1,weighted_f1,auc,baseline_likelihood
0,1.0,0.41379310344827586,0.3782051282051282,0.37356321839080453,0.4543269230769231,0.41379310344827586,0.33468286099865047,0.31094978826376285,0.4543269230769231,0.5517241379310345
1,2.0,0.4482758620689655,0.4057971014492754,0.40829585207396296,0.4380952380952381,0.4482758620689655,0.3894736842105263,0.3960072595281307,0.4380952380952381,0.5172413793103449
2,3.0,0.5,0.2692307692307692,0.30769230769230765,0.4375,0.5,0.33333333333333337,0.380952380952381,0.4375,0.5714285714285714
3,4.0,0.4642857142857143,0.47948717948717945,0.5706959706959707,0.475,0.4642857142857143,0.4466403162055337,0.4889892715979673,0.475,0.7142857142857143
4,5.0,0.5357142857142857,0.7592592592592593,0.7592592592592593,0.5357142857142857,0.5357142857142857,0.40813008130081296,0.408130081300813,0.5357142857142857,0.5
