,fold,average_acc,macro_prec,weighted_prec,macro_recall,weighted_recall,macro_f1,weighted_f1,auc,baseline_likelihood
0,1.0,0.3793103448275862,0.22,0.2275862068965517,0.36666666666666664,0.3793103448275862,0.27499999999999997,0.2844827586206896,0.3666666666666667,0.5172413793103449
1,2.0,0.4482758620689655,0.43137254901960786,0.4482758620689655,0.43137254901960786,0.4482758620689655,0.43137254901960786,0.4482758620689655,0.43137254901960786,0.5862068965517241
2,3.0,0.39285714285714285,0.35,0.3821428571428571,0.35561497326203206,0.39285714285714285,0.3523809523809524,0.3870748299319728,0.35561497326203206,0.6071428571428571
3,4.0,0.32142857142857145,0.1956521739130435,0.1956521739130435,0.32142857142857145,0.32142857142857145,0.24324324324324326,0.24324324324324326,0.3214285714285714,0.5
4,5.0,0.4642857142857143,0.25,0.26785714285714285,0.43333333333333335,0.4642857142857143,0.3170731707317073,0.3397212543554007,0.43333333333333335,0.5357142857142857
