,standard,sqrt.dist=T,add=T
batch,0.02825452138716394,0.03211963548051913,0.0282545213871637
False,,,
