,standard,sqrt.dist=T,add=T
batch,0.005046327238388387,0.005746512518223739,0.0067347652755266885
False,,,
