,PC_0_p,PC_1_p,PC_0_bc_distance,PC_1_bc_distance
0,9.05147547804741e-05,0.005046457100841164,2.6221022026850984e-07,0.5569887877701147
