,standard,sqrt.dist=T,add=T
batch,0.02837647227835479,0.032348518484463316,0.028376472278354603
False,,,
