,standard,sqrt.dist=T,add=T
batch,0.03964363852259225,0.03918558026506203,0.039643638522591985
False,,,
