,PC_0_p,PC_1_p,PC_0_bc_distance,PC_1_bc_distance
0,5.494274836442931e-05,0.008302542992877004,4.05213160782186e-07,0.8068232818434629
