,fold,average_acc,macro_prec,weighted_prec,macro_recall,weighted_recall,macro_f1,weighted_f1,auc,baseline_likelihood
0,1.0,0.5862068965517241,0.5928571428571429,0.6660098522167487,0.6083333333333334,0.5862068965517241,0.5735294117647058,0.601419878296146,0.6083333333333334,0.6896551724137931
1,2.0,0.4482758620689655,0.4255952380952381,0.4273399014778325,0.44047619047619047,0.4482758620689655,0.41414141414141414,0.41901776384535006,0.44047619047619047,0.5172413793103449
2,3.0,0.32142857142857145,0.3153846153846154,0.3274725274725275,0.3125,0.32142857142857145,0.31354838709677424,0.3240552995391705,0.3125,0.5714285714285714
3,4.0,0.4642857142857143,0.4391304347826087,0.4391304347826087,0.4642857142857143,0.4642857142857143,0.40256045519203415,0.40256045519203415,0.4642857142857143,0.5
4,5.0,0.42857142857142855,0.2222222222222222,0.20634920634920634,0.46153846153846156,0.42857142857142855,0.3,0.2785714285714286,0.46153846153846156,0.5357142857142857
