,standard,sqrt.dist=T,add=T
batch,0.09177128933303239,0.06937641958294957,0.02196312269123168
False,,,
