,standard,sqrt.dist=T,add=T
batch,0.028640570072285085,0.03156914414050136,0.028640570072284863
False,,,
