,standard,sqrt.dist=T,add=T
batch,0.018612347703615528,0.029790515775741388,0.01861234770361521
False,,,
