,standard,sqrt.dist=T,add=T
batch,0.005368596652266325,0.005998296742981914,0.006748901164132139
False,,,
