,standard,sqrt.dist=T,add=T
batch,0.055977708356654436,0.04433987580892477,0.05597770835665403
False,,,
