,fold,average_acc,macro_prec,weighted_prec,macro_recall,weighted_recall,macro_f1,weighted_f1,auc,baseline_likelihood
0,1.0,0.4827586206896552,0.45,0.45172413793103455,0.4714285714285714,0.4827586206896552,0.41295546558704455,0.4199357810973056,0.4714285714285714,0.5172413793103449
1,2.0,0.3448275862068966,0.36764705882352944,0.4087221095334686,0.35789473684210527,0.3448275862068966,0.3416965352449224,0.35578626457380624,0.35789473684210527,0.6551724137931034
2,3.0,0.4642857142857143,0.24074074074074073,0.24074074074074073,0.4642857142857143,0.4642857142857143,0.3170731707317073,0.3170731707317073,0.4642857142857143,0.5
3,4.0,0.39285714285714285,0.33333333333333337,0.32738095238095244,0.41794871794871796,0.39285714285714285,0.3229018492176387,0.30735622840885995,0.4179487179487179,0.5357142857142857
4,5.0,0.5357142857142857,0.5208333333333334,0.543154761904762,0.5213903743315508,0.5357142857142857,0.5204216073781291,0.538772821381517,0.5213903743315509,0.6071428571428571
