,standard,sqrt.dist=T,add=T
batch,0.09136155467123773,0.0688200296794057,0.02172997161857299
False,,,
