,standard,sqrt.dist=T,add=T
batch,0.09042994325066156,0.06722084175926332,0.02165210025566949
False,,,
