,standard,sqrt.dist=T,add=T
batch,0.005083349375288386,0.005666398843880064,0.006743257043242382
False,,,
