,standard,sqrt.dist=T,add=T
batch,0.004748114216195467,0.005521352247187431,0.006640262570192543
False,,,
