,fold,average_acc,macro_prec,weighted_prec,macro_recall,weighted_recall,macro_f1,weighted_f1,auc,baseline_likelihood
0,1.0,0.4482758620689655,0.44155844155844154,0.44111061352440656,0.4571428571428572,0.4482758620689655,0.41414141414141414,0.4092650644374783,0.4571428571428572,0.5172413793103449
1,2.0,0.3448275862068966,0.3341346153846154,0.3519562334217507,0.33088235294117646,0.3448275862068966,0.33212121212121215,0.34800417972831765,0.33088235294117646,0.5862068965517241
2,3.0,0.39285714285714285,0.2391304347826087,0.2732919254658385,0.34375,0.39285714285714285,0.2820512820512821,0.3223443223443224,0.34375,0.5714285714285714
3,4.0,0.5714285714285714,0.5384615384615384,0.5439560439560439,0.5104166666666666,0.5714285714285714,0.4285714285714286,0.4693877551020408,0.5104166666666667,0.5714285714285714
4,5.0,0.5,0.42666666666666664,0.4333333333333333,0.4717948717948718,0.5,0.3875,0.40625,0.4717948717948718,0.5357142857142857
