,standard,sqrt.dist=T,add=T
batch,0.1193018732951673,0.08095863150259944,0.02944149564658085
False,,,
