,PC_0_p,PC_1_p,PC_0_bc_distance,PC_1_bc_distance
0,9.579876889992224e-05,0.0019881282954354045,3.6806285958149656e-07,0.6361736287862393
