,PC_0_p,PC_1_p,PC_0_bc_distance,PC_1_bc_distance
0,0.00012224697519916196,0.001927763432248568,6.075790803061571e-07,0.6394379004917188
