,fold,average_acc,macro_prec,weighted_prec,macro_recall,weighted_recall,macro_f1,weighted_f1,auc,baseline_likelihood
0,1.0,1.0,1.0,1.0,1.0,1.0,1.0,1.0,1.0,0.5066666666666667
1,2.0,0.98,0.9797297297297297,0.9808108108108108,0.9810126582278481,0.98,0.9799777530589544,0.9800133481646273,0.9810126582278481,0.5266666666666666
2,3.0,0.9866666666666667,0.9871794871794872,0.987008547008547,0.9864864864864865,0.9866666666666667,0.9866571784380003,0.9866619225523334,0.9864864864864865,0.5066666666666667
3,4.0,0.9933333333333333,0.9929577464788732,0.9934272300469483,0.99375,0.9933333333333333,0.9933092466211695,0.9933360096346848,0.99375,0.5333333333333333
4,5.0,0.9866666666666667,0.9863013698630136,0.9870319634703196,0.9873417721518987,0.9866666666666667,0.9866452991452992,0.9866737891737891,0.9873417721518987,0.5266666666666666
