,fold,average_acc,macro_prec,weighted_prec,macro_recall,weighted_recall,macro_f1,weighted_f1,auc,baseline_likelihood
0,1.0,0.8333333333333334,0.8330368261875111,0.8334815869062443,0.8333333333333334,0.8333333333333334,0.8331479421579533,0.8333704115684092,0.8333333333333334,0.52
1,2.0,0.86,0.858974358974359,0.8610256410256408,0.8607085346215781,0.86,0.8594941790445605,0.8601686069851465,0.8607085346215781,0.54
2,3.0,0.8133333333333334,0.8091822094691534,0.8157054041128646,0.8132267441860466,0.8133333333333334,0.8106060606060606,0.813939393939394,0.8132267441860466,0.5733333333333334
3,4.0,0.8333333333333334,0.8392377885131508,0.8461263195562712,0.8400286944045912,0.8333333333333334,0.8333259255966932,0.8334296339096553,0.8400286944045912,0.5466666666666666
4,5.0,0.8733333333333333,0.8762748255501878,0.8767650742529969,0.8739331436699858,0.8733333333333333,0.8731924360400445,0.8731360771227291,0.8739331436699858,0.5066666666666667
