,fold,average_acc,macro_prec,weighted_prec,macro_recall,weighted_recall,macro_f1,weighted_f1,auc,baseline_likelihood
0,1.0,0.7368421052631579,0.3684210526315789,0.5429362880886427,0.5,0.7368421052631579,0.4242424242424242,0.6251993620414672,0.5,0.7368421052631579
1,2.0,0.6756756756756757,0.33783783783783783,0.4565376186997808,0.5,0.6756756756756757,0.4032258064516129,0.5448997384481256,0.5,0.6756756756756757
2,3.0,0.7027027027027027,0.35135135135135137,0.493791088385683,0.5,0.7027027027027027,0.41269841269841273,0.58000858000858,0.5,0.7027027027027027
3,4.0,0.8378378378378378,0.44285714285714284,0.78996138996139,0.4696969696969697,0.8378378378378378,0.45588235294117646,0.8131955484896661,0.4696969696969697,0.8918918918918919
4,5.0,0.7567567567567568,0.3783783783783784,0.5726807888970051,0.5,0.7567567567567568,0.4307692307692308,0.651975051975052,0.5,0.7567567567567568
