,PC_0_p,PC_1_p,PC_0_bc_distance,PC_1_bc_distance
0,0.35586933870619875,0.14825305422443594,0.09989318498206491,0.033941141643047484
