,standard,sqrt.dist=T,add=T
batch,0.03682713491911325,0.02926954298608762,0.024634027542289116
gender,,,
