,fold,average_acc,macro_prec,weighted_prec,macro_recall,weighted_recall,macro_f1,weighted_f1,auc,baseline_likelihood
0,1.0,0.5133333333333333,0.5263480392156863,0.5282761437908498,0.5229987520057051,0.5133333333333333,0.5016157662373127,0.49754009072565347,0.5229987520057051,0.5266666666666666
1,2.0,0.54,0.5411324786324786,0.5426424501424502,0.5411838117311464,0.54,0.5399795546468732,0.5401431174718876,0.5411838117311464,0.5266666666666666
2,3.0,0.5133333333333333,0.5133357041251778,0.5133357041251778,0.5133333333333334,0.5133333333333333,0.5133117027423442,0.5133117027423442,0.5133333333333334,0.5
3,4.0,0.5666666666666667,0.5661803949475182,0.5669098025262409,0.5662393162393162,0.5666666666666667,0.5661846496106785,0.5667630700778642,0.5662393162393162,0.52
4,5.0,0.52,0.53,0.5312,0.5267094017094017,0.52,0.5094476744186047,0.5065697674418604,0.5267094017094016,0.52
