,standard,sqrt.dist=T,add=T
batch,0.06663587853237878,0.057941207573341647,0.007789104589671142
False,,,
