,fold,average_acc,macro_prec,weighted_prec,macro_recall,weighted_recall,macro_f1,weighted_f1,auc,baseline_likelihood
0,1.0,0.5918367346938775,0.5008032128514056,0.5859970494221786,0.41295025728987994,0.5918367346938775,0.39284085727314183,0.5216993774253887,0.568808660745914,0.5408163265306123
1,2.0,0.6701030927835051,0.7600327600327601,0.6866182020821197,0.4750675973086839,0.6701030927835051,0.48973066397810744,0.632878624320869,0.618973192593736,0.5876288659793815
2,3.0,0.6391752577319587,0.36169714017815285,0.5492336914756333,0.38544251447477257,0.6391752577319587,0.36610788738448313,0.583933212360499,0.5526139467075405,0.6391752577319587
3,4.0,0.7010309278350515,0.817385866166354,0.750933250807528,0.502791461412151,0.7010309278350515,0.5254385964912281,0.6500813890396093,0.63334017515052,0.5979381443298969
4,5.0,0.6597938144329897,0.44727366255144035,0.5903811887488863,0.4376984126984127,0.6597938144329897,0.41732783243414784,0.5946009612395999,0.5925902571925507,0.5773195876288659
