,fold,average_acc,macro_prec,weighted_prec,macro_recall,weighted_recall,macro_f1,weighted_f1,auc,baseline_likelihood
0,1.0,0.6836734693877551,0.6946097126875159,0.6740570370024441,0.6027777777777777,0.6836734693877551,0.631768115942029,0.6660124223602484,0.6965415989915394,0.5714285714285714
1,2.0,0.5876288659793815,0.5481481481481482,0.5597938144329897,0.5436507936507936,0.5876288659793815,0.50242656449553,0.5227001619465182,0.6490902164726494,0.4948453608247423
2,3.0,0.6907216494845361,0.6448503297818367,0.6854807073702709,0.6431989063568011,0.6907216494845361,0.6138888888888889,0.6569587628865979,0.7136712124376597,0.5876288659793815
3,4.0,0.6597938144329897,0.614914914914915,0.6349927246834463,0.5321301247771836,0.6597938144329897,0.5456171735241503,0.6212124006417942,0.6498858816026695,0.5670103092783505
4,5.0,0.7628865979381443,0.674963924963925,0.7972954880171375,0.612391774891775,0.7628865979381443,0.581423478482302,0.7560071826293778,0.7301838288756893,0.7216494845360825
