,standard,sqrt.dist=T,add=T
batch,0.023440936932880036,0.044174629476385216,0.023440936932879013
False,,,
