,PC_0_p,PC_1_p,PC_0_bc_distance,PC_1_bc_distance
0,3.376246545861644e-11,0.13034170663863803,3.589532859093701e-07,0.0010488790332276678
