,standard,sqrt.dist=T,add=T
batch,0.023527796292882232,0.04740139215360667,0.02352779629288177
False,,,
