,PC_0_p,PC_1_p,PC_0_bc_distance,PC_1_bc_distance
0,2.963091436143334e-11,0.07446128408849279,7.090711924706152e-08,0.004583841826132129
