,standard,sqrt.dist=T,add=T
batch,0.04567830594796463,0.06297314651171607,0.006767845672350547
False,,,
