,standard,sqrt.dist=T,add=T
batch,0.04071422661442692,0.06015380453548096,0.006442856794921088
False,,,
