,standard,sqrt.dist=T,add=T
batch,0.03877057760514395,0.05835584539324276,0.006155226090482185
False,,,
