,standard,sqrt.dist=T,add=T
batch,0.04240880101328302,0.06187264605958288,0.0068247129555548385
False,,,
