,standard,sqrt.dist=T,add=T
batch,0.03919875329749718,0.05893347568393282,0.006131519412849361
False,,,
