,fold,average_acc,macro_prec,weighted_prec,macro_recall,weighted_recall,macro_f1,weighted_f1,auc,baseline_likelihood
0,1.0,0.6632653061224489,0.5750695088044485,0.6283501352348169,0.4295285359801489,0.6632653061224489,0.43728264073091655,0.6096410978184377,0.5786110693368758,0.6326530612244898
1,2.0,0.5979381443298969,0.6992337164750958,0.6275625074060908,0.41038961038961036,0.5979381443298969,0.40153886280646844,0.5155042511656422,0.556644080557124,0.5670103092783505
2,3.0,0.6082474226804123,0.6926916221033869,0.6122167704945146,0.40527859237536656,0.6082474226804123,0.38730158730158726,0.5243004418262149,0.5605036540520412,0.5670103092783505
3,4.0,0.6494845360824743,0.6532797858099063,0.6880925764915331,0.4619047619047619,0.6494845360824743,0.4541896506435514,0.5837066283216754,0.608845513239284,0.5360824742268041
4,5.0,0.711340206185567,0.44502357905187395,0.6289657713535629,0.4505376344086021,0.711340206185567,0.4376899696048632,0.6576421312108963,0.6119113094502416,0.6391752577319587
