,standard,sqrt.dist=T,add=T
batch,0.022974730519592115,0.04523542985657482,0.022974730519591573
False,,,
