,PC_0_p,PC_1_p,PC_0_bc_distance,PC_1_bc_distance
0,3.292570391738289e-11,0.07494346658066132,2.0220910761504666e-08,0.01572746086527351
