,standard,sqrt.dist=T,add=T
batch,0.1192375095813837,0.09765010570364932,0.01337910422296638
False,,,
