,PC_0_p,PC_1_p,PC_0_bc_distance,PC_1_bc_distance
0,1.940310624603164e-12,0.10869167175661937,8.842796536866558e-08,0.0009639278648462868
