,PC_0_p,PC_1_p,PC_0_bc_distance,PC_1_bc_distance
0,5.884062228298796e-12,0.04305674491469178,1.9485092671165208e-10,0.02818756800882262
