,standard,sqrt.dist=T,add=T
batch,0.06845637257025669,0.05887701400337487,0.008201183268744439
False,,,
