,PC_0_p,PC_1_p,PC_0_bc_distance,PC_1_bc_distance
0,1.693375478054481e-11,0.05438489590902613,7.538523174124377e-09,0.004895772260768135
