,fold,average_acc,macro_prec,weighted_prec,macro_recall,weighted_recall,macro_f1,weighted_f1,auc,baseline_likelihood
0,1.0,0.6428571428571429,0.6991228070175438,0.6371106337271751,0.46351766513056836,0.6428571428571429,0.5004830917874395,0.6138420585625555,0.5967059225123741,0.6326530612244898
1,2.0,0.6288659793814433,0.6957026713124274,0.6544416106900391,0.4159003831417624,0.6288659793814433,0.40407268170426064,0.5587299434152392,0.570027231730113,0.5979381443298969
2,3.0,0.6494845360824743,0.725,0.688659793814433,0.5299602358425889,0.6494845360824743,0.5496267018006149,0.5999823424744984,0.6439945143775513,0.5360824742268041
3,4.0,0.6804123711340206,0.5544871794871795,0.6458498546127412,0.46424010217113665,0.6804123711340206,0.4700909349246946,0.6335592058428033,0.6151162008727629,0.5979381443298969
4,5.0,0.6701030927835051,0.8066110596231079,0.7292930644067148,0.46414887794198134,0.6701030927835051,0.4690050157676057,0.6099635981709705,0.6068353189327316,0.5773195876288659
