,standard,sqrt.dist=T,add=T
batch,0.06449166295106117,0.05844451764509414,0.007579366809436838
False,,,
