,fold,average_acc,macro_prec,weighted_prec,macro_recall,weighted_recall,macro_f1,weighted_f1,auc,baseline_likelihood
0,1.0,0.6224489795918368,0.5974025974025975,0.6500132520540683,0.562084456424079,0.6224489795918368,0.5024420024420024,0.5520669806384092,0.660599707769519,0.5408163265306123
1,2.0,0.6907216494845361,0.7763888888888889,0.7021907216494845,0.6363636363636364,0.6907216494845361,0.6416040100250626,0.6281683590419347,0.7080965909090909,0.5463917525773195
2,3.0,0.6185567010309279,0.5303030303030303,0.5759137769447047,0.4955088651097399,0.6185567010309279,0.4927350427350427,0.5747158339941846,0.6079617690779959,0.6082474226804123
3,4.0,0.7422680412371134,0.6912698412698414,0.734241531664212,0.680848861283644,0.7422680412371134,0.6850606379817951,0.7373560765096983,0.7580679778034414,0.6185567010309279
4,5.0,0.6288659793814433,0.693121693121693,0.6822124038618883,0.5043222398888828,0.6288659793814433,0.5353370806630625,0.6292662662444677,0.6330420008253222,0.6288659793814433
