,fold,average_acc,macro_prec,weighted_prec,macro_recall,weighted_recall,macro_f1,weighted_f1,auc,baseline_likelihood
0,1.0,0.6530612244897959,0.6379278012189404,0.6327650047360716,0.5432098765432098,0.6530612244897959,0.5405661589872116,0.5926993700892735,0.6535759084778693,0.5510204081632653
1,2.0,0.6391752577319587,0.6579365079365079,0.6712567501227296,0.5793337097684924,0.6391752577319587,0.6044894411208263,0.6492583929924107,0.6714066658306234,0.6494845360824743
2,3.0,0.7010309278350515,0.6948853615520282,0.7038127965963017,0.6241379310344827,0.7010309278350515,0.5973902563389423,0.6413737389377043,0.6934409190967297,0.6185567010309279
3,4.0,0.7010309278350515,0.6868945868945868,0.6762093576526567,0.5884940270905183,0.7010309278350515,0.596081588835212,0.6493600278898352,0.6849216167198623,0.5876288659793815
4,5.0,0.6288659793814433,0.6084656084656085,0.6637211585665194,0.6502849002849003,0.6288659793814433,0.5331147601715244,0.5563246481723524,0.7118496864398504,0.5360824742268041
