,fold,average_acc,macro_prec,weighted_prec,macro_recall,weighted_recall,macro_f1,weighted_f1,auc,baseline_likelihood
0,1.0,0.673469387755102,0.5574606116774792,0.6231866240472093,0.4274607113316791,0.673469387755102,0.42938402593575015,0.6134881538822425,0.5845216014570854,0.6326530612244898
1,2.0,0.6494845360824743,0.7549857549857549,0.671865362587012,0.4551917989417989,0.6494845360824743,0.4670646766169155,0.6031635636251731,0.5998910839612058,0.5773195876288659
2,3.0,0.6185567010309279,0.5588023088023087,0.5887222742892846,0.41254578754578747,0.6185567010309279,0.39938949938949936,0.5438012159661645,0.5661952119401747,0.5773195876288659
3,4.0,0.6288659793814433,0.5120517342739564,0.5724376806851034,0.39996114996114995,0.6288659793814433,0.39466266593926164,0.567018745676346,0.5597987128039535,0.6185567010309279
4,5.0,0.6082474226804123,0.6414141414141413,0.6982193064667293,0.4217171717171717,0.6082474226804123,0.3946275946275946,0.5194063668290473,0.5736036838978015,0.5360824742268041
