,PC_0_p,PC_1_p,PC_0_bc_distance,PC_1_bc_distance
0,1.065081652445856e-13,0.8901111280892705,1.397666691030295e-10,0.06341536229032445
