,standard,sqrt.dist=T,add=T
batch,0.021998607754084683,0.04398940162174563,0.02199860775408375
False,,,
