,standard,sqrt.dist=T,add=T
batch,0.020896272902401744,0.042603567213845166,0.02089627290240118
False,,,
