,standard,sqrt.dist=T,add=T
batch,0.019207509653828624,0.04432976863694093,0.01920750965382789
False,,,
