,fold,average_acc,macro_prec,weighted_prec,macro_recall,weighted_recall,macro_f1,weighted_f1,auc,baseline_likelihood
0,1.0,0.5714285714285714,0.39861111111111114,0.47040816326530616,0.3924663299663299,0.5714285714285714,0.3529456654456654,0.4939448306795246,0.6109740046572247,0.4489795918367347
1,2.0,0.5051546391752577,0.24753430531732418,0.33784990539513005,0.37362362362362367,0.5051546391752577,0.29749608763693275,0.40454318119484384,0.5948475260975261,0.38144329896907214
2,3.0,0.5567010309278351,0.41216216216216217,0.4876010030649206,0.4205128205128205,0.5567010309278351,0.3539731682146543,0.4714393625057185,0.6274059551037857,0.4020618556701031
3,4.0,0.6494845360824743,0.31133919843597263,0.4990678316251978,0.3981554160125589,0.6494845360824743,0.34912280701754395,0.5640079580394286,0.6223464873490024,0.5051546391752577
4,5.0,0.5463917525773195,0.38706563706563707,0.42751661823826775,0.41953441295546556,0.5463917525773195,0.3693605101615114,0.45923875143389226,0.6256857402794128,0.3917525773195876
