,standard,sqrt.dist=T,add=T
batch,0.06716519750075688,0.058391373556924295,0.008571269316630869
False,,,
