,fold,average_acc,macro_prec,weighted_prec,macro_recall,weighted_recall,macro_f1,weighted_f1,auc,baseline_likelihood
0,1.0,0.6938775510204082,0.674074074074074,0.7287981859410431,0.689879183996831,0.6938775510204082,0.6075113338105464,0.6445204739018011,0.7472306054118812,0.5612244897959183
1,2.0,0.6391752577319587,0.585863697705803,0.6412152009683209,0.6276133197948397,0.6391752577319587,0.5373219373219373,0.5848092342937704,0.6836188165516818,0.6082474226804123
2,3.0,0.7731958762886598,0.7583054626532887,0.7775678378098818,0.7264477808942419,0.7731958762886598,0.7175324675324676,0.7518074708796358,0.7856190112861542,0.5876288659793815
3,4.0,0.6391752577319587,0.5575684380032206,0.6082100702226205,0.4538411555955415,0.6391752577319587,0.44950904392764857,0.5958698953088788,0.6046983555755485,0.5876288659793815
4,5.0,0.7216494845360825,0.743609022556391,0.724563987287807,0.607375478927203,0.7216494845360825,0.6474606083586115,0.7063148890371406,0.7082071165857183,0.5979381443298969
