,PC_0_p,PC_1_p,PC_0_bc_distance,PC_1_bc_distance
0,5.168573284928804e-10,0.749909340385121,1.1721251318239714e-07,0.05267172948942177
