,PC_0_p,PC_1_p,PC_0_bc_distance,PC_1_bc_distance
0,0.787981054953081,0.7920884898096423,0.15892598484231563,0.5149569144793542
