,fold,average_acc,macro_prec,weighted_prec,macro_recall,weighted_recall,macro_f1,weighted_f1,auc,baseline_likelihood
0,1.0,1.0,1.0,1.0,1.0,1.0,1.0,1.0,1.0,0.5133333333333333
1,2.0,0.9933333333333333,0.993421052631579,0.9934210526315788,0.9933333333333334,0.9933333333333333,0.9933330370238678,0.9933330370238677,0.9933333333333334,0.5
2,3.0,1.0,1.0,1.0,1.0,1.0,1.0,1.0,1.0,0.5
3,4.0,1.0,1.0,1.0,1.0,1.0,1.0,1.0,1.0,0.5066666666666667
4,5.0,1.0,1.0,1.0,1.0,1.0,1.0,1.0,1.0,0.5
