,PC_0_p,PC_1_p,PC_0_bc_distance,PC_1_bc_distance
0,0.8833970559855953,0.49651394474144184,0.9515895912303378,0.6700488986942437
