,fold,average_acc,macro_prec,weighted_prec,macro_recall,weighted_recall,macro_f1,weighted_f1,auc,baseline_likelihood
0,1.0,0.5466666666666666,0.571590909090909,0.5737272727272728,0.5560897435897436,0.5466666666666666,0.5250512199664742,0.5209983237101881,0.5560897435897435,0.52
1,2.0,0.4866666666666667,0.4864718614718615,0.4864718614718615,0.4866666666666667,0.4866666666666667,0.48481198983005486,0.4848119898300549,0.48666666666666664,0.5
2,3.0,0.5066666666666667,0.5104472140762464,0.5113196480938416,0.5101495726495726,0.5066666666666667,0.5044642857142858,0.5031428571428571,0.5101495726495726,0.52
3,4.0,0.5333333333333333,0.5355093256814921,0.5364418938307031,0.5352564102564102,0.5333333333333333,0.5330012453300124,0.5325031133250311,0.5352564102564104,0.52
4,5.0,0.5733333333333334,0.5733333333333334,0.5736888888888889,0.573385518590998,0.5733333333333334,0.5732574679943101,0.5734091986723565,0.573385518590998,0.5133333333333333
