,standard,sqrt.dist=T,add=T
batch,0.01588072540901335,0.01834489551550244,0.01744032151651978
gender,,,
