,standard,sqrt.dist=T,add=T
batch,0.037147022772022836,0.03848341548709101,0.038411011818543
gender,,,
