,standard,sqrt.dist=T,add=T
batch,0.0431061643488641,0.04205702188221727,0.042317368950335776
gender,,,
