,PC_0_p,PC_1_p,PC_0_bc_distance,PC_1_bc_distance
0,0.6919543497446128,0.1675938535885675,0.6507285191031833,0.3118480541630275
