,PC_0_p,PC_1_p,PC_0_bc_distance,PC_1_bc_distance
0,0.07338647047727194,0.2947258125232783,0.26855961686430463,0.8271212986911537
