,PC_0_p,PC_1_p,PC_0_bc_distance,PC_1_bc_distance
0,0.6084364889709403,0.7318667166015127,0.5352593294586919,0.7434374927511616
