,PC_0_p,PC_1_p,PC_0_bc_distance,PC_1_bc_distance
0,2.012152503022761e-08,0.8367893973371661,9.435246434858212e-101,7.978056171386056e-59
