,fold,average_acc,macro_prec,weighted_prec,macro_recall,weighted_recall,macro_f1,weighted_f1,auc,baseline_likelihood
0,1.0,0.9933333333333333,0.9927536231884058,0.9934299516908213,0.9939024390243902,0.9933333333333333,0.993282880300927,0.9933372143358262,0.9939024390243902,0.5466666666666666
1,2.0,0.9933333333333333,0.9935897435897436,0.9934188034188033,0.9931506849315068,0.9933333333333333,0.9933259176863181,0.9933318502039302,0.9931506849315068,0.5133333333333333
2,3.0,0.9733333333333334,0.9733285917496444,0.9733333333333334,0.9733285917496444,0.9733333333333334,0.9733285917496444,0.9733333333333334,0.9733285917496446,0.5066666666666667
3,4.0,0.98,0.98125,0.9807500000000001,0.9794520547945205,0.98,0.979956349383101,0.9799812925927576,0.9794520547945205,0.5133333333333333
4,5.0,0.9733333333333334,0.9715878439129653,0.9737697056884255,0.974660633484163,0.9733333333333334,0.9729437229437229,0.9733766233766232,0.974660633484163,0.5666666666666667
