,standard,sqrt.dist=T,add=T
batch,0.00519049080213417,0.005828053009661855,0.006039602676058443
False,,,
