,PC_0_p,PC_1_p,PC_0_bc_distance,PC_1_bc_distance
0,0.8576023299530817,0.9745418163704735,0.6722634562869747,0.5094554504015874
