,fold,average_acc,macro_prec,weighted_prec,macro_recall,weighted_recall,macro_f1,weighted_f1,auc,baseline_likelihood
0,1.0,0.3673469387755102,0.2752659574468085,0.39730785931393836,0.26348039215686275,0.3673469387755102,0.16640625,0.2339923469387755,0.5105834420461733,0.3673469387755102
1,2.0,0.4845360824742268,0.21035762483130904,0.3393366445455431,0.27577741407528644,0.4845360824742268,0.2306666666666667,0.3893333333333335,0.5225013830939813,0.4845360824742268
2,3.0,0.35051546391752575,0.08854166666666667,0.1241408934707904,0.25,0.35051546391752575,0.13076923076923078,0.18334655035685965,0.5001725327812284,0.35051546391752575
3,4.0,0.4639175257731959,0.200354609929078,0.2982379176720041,0.26,0.4639175257731959,0.17727743271221533,0.30766685876502103,0.508603249475891,0.4536082474226804
4,5.0,0.3917525773195876,0.16196236559139784,0.2331781398957987,0.2517543859649123,0.3917525773195876,0.1559272563987427,0.23948819316819353,0.5016361102604728,0.3917525773195876
