,fold,average_acc,macro_prec,weighted_prec,macro_recall,weighted_recall,macro_f1,weighted_f1,auc,baseline_likelihood
0,1.0,0.3877551020408163,0.1,0.16326530612244897,0.2375,0.3877551020408163,0.14074074074074072,0.2297808012093726,0.4908376048462255,0.40816326530612246
1,2.0,0.3917525773195876,0.09895833333333333,0.15914948453608246,0.24358974358974358,0.3917525773195876,0.14074074074074072,0.22634593356242838,0.4950091575091575,0.4020618556701031
2,3.0,0.28865979381443296,0.07216494845360824,0.08332447656499097,0.25,0.28865979381443296,0.112,0.12931958762886597,0.5,0.422680412371134
3,4.0,0.4742268041237113,0.11855670103092783,0.2248910617493889,0.25,0.4742268041237113,0.16083916083916083,0.3050969648907793,0.5,0.4742268041237113
4,5.0,0.44329896907216493,0.1950354609929078,0.2714045477809461,0.25113636363636366,0.44329896907216493,0.1739130434782609,0.29403854773644106,0.49967991913746634,0.4536082474226804
