,standard,sqrt.dist=T,add=T
batch,0.037252352807469635,0.038536228659544085,0.03835073810329034
gender,,,
