,fold,average_acc,macro_prec,weighted_prec,macro_recall,weighted_recall,macro_f1,weighted_f1,auc,baseline_likelihood
0,1.0,0.9933333333333333,0.9925373134328358,0.9934328358208956,0.9940476190476191,0.9933333333333333,0.9932465895277115,0.9933384359101346,0.9940476190476191,0.56
1,2.0,0.9466666666666667,0.9476961394769614,0.949755085097551,0.9486539490105188,0.9466666666666667,0.9466571834992887,0.9466951161688003,0.9486539490105188,0.5266666666666666
2,3.0,0.9733333333333334,0.9738247863247864,0.9736609686609689,0.9731507823613086,0.9733333333333334,0.9733143568760008,0.973323845104667,0.9731507823613086,0.5066666666666667
3,4.0,0.94,0.935064935064935,0.9427417027417028,0.94428071468042,0.94,0.9385553684402166,0.9403140503390833,0.94428071468042,0.5933333333333334
4,5.0,0.9933333333333333,0.9939024390243902,0.9934146341463413,0.9927536231884058,0.9933333333333333,0.993282880300927,0.9933294523308407,0.9927536231884058,0.54
