,fold,average_acc,macro_prec,weighted_prec,macro_recall,weighted_recall,macro_f1,weighted_f1,auc,baseline_likelihood
0,1.0,1.0,1.0,1.0,1.0,1.0,1.0,1.0,1.0,0.56
1,2.0,0.9933333333333333,0.9935897435897436,0.9934188034188033,0.9931506849315068,0.9933333333333333,0.9933259176863181,0.9933318502039302,0.9931506849315068,0.5133333333333333
2,3.0,1.0,1.0,1.0,1.0,1.0,1.0,1.0,1.0,0.5333333333333333
3,4.0,1.0,1.0,1.0,1.0,1.0,1.0,1.0,1.0,0.54
4,5.0,1.0,1.0,1.0,1.0,1.0,1.0,1.0,1.0,0.5133333333333333
