,fold,average_acc,macro_prec,weighted_prec,macro_recall,weighted_recall,macro_f1,weighted_f1,auc,baseline_likelihood
0,1.0,0.5466666666666666,0.5688657407407407,0.5783796296296296,0.5643939393939394,0.5466666666666666,0.5437466451959205,0.5393666129898014,0.5643939393939394,0.56
1,2.0,0.4533333333333333,0.4502164502164502,0.45125541125541124,0.4508547008547008,0.4533333333333333,0.44981213097155126,0.4515727321524423,0.4508547008547008,0.52
2,3.0,0.43333333333333335,0.46799999999999997,0.47562666666666664,0.48183139534883723,0.43333333333333335,0.3922493922493922,0.3690738357405024,0.48183139534883723,0.5733333333333334
3,4.0,0.5533333333333333,0.5573663624511083,0.5576184267709692,0.5547652916073968,0.5533333333333333,0.5488215488215489,0.548219977553311,0.5547652916073968,0.5066666666666667
4,5.0,0.46,0.45837104072398194,0.45853393665158376,0.45910384068278803,0.46,0.4570802984941239,0.4576111533133741,0.45910384068278803,0.5066666666666667
