,fold,average_acc,macro_prec,weighted_prec,macro_recall,weighted_recall,macro_f1,weighted_f1,auc,baseline_likelihood
0,1.0,0.40816326530612246,0.10416666666666667,0.17006802721088438,0.25,0.40816326530612246,0.14705882352941177,0.24009603841536617,0.5009319664492078,0.40816326530612246
1,2.0,0.4020618556701031,0.1015625,0.16333762886597938,0.25,0.4020618556701031,0.14444444444444443,0.23230240549828177,0.5003694581280789,0.4020618556701031
2,3.0,0.28865979381443296,0.07216494845360824,0.08332447656499097,0.25,0.28865979381443296,0.112,0.12931958762886597,0.5,0.422680412371134
3,4.0,0.4742268041237113,0.20301418439716312,0.3404255319148936,0.25214097496706195,0.4742268041237113,0.17460317460317462,0.3237604320078547,0.5020661982678447,0.4742268041237113
4,5.0,0.4536082474226804,0.11458333333333333,0.2079037800687285,0.25,0.4536082474226804,0.15714285714285714,0.28512518409425625,0.5007351139426611,0.4536082474226804
