,PC_0_p,PC_1_p,PC_0_bc_distance,PC_1_bc_distance
0,1.0765532494318955e-07,0.18729837013980669,4.216055064355064e-09,0.7266016291261519
