,fold,average_acc,macro_prec,weighted_prec,macro_recall,weighted_recall,macro_f1,weighted_f1,auc,baseline_likelihood
0,1,0.5862068965517241,0.5595238095238095,0.5697865353037768,0.5490196078431372,0.5862068965517241,0.5421052631578948,0.566606170598911,0.5490196078431373,0.5862068965517241
1,2,0.3793103448275862,0.325,0.3172413793103448,0.41586538461538464,0.3793103448275862,0.3131578947368421,0.2911070780399274,0.4158653846153846,0.5517241379310345
2,3,0.5,0.5,0.5,0.5,0.5,0.4555555555555556,0.4555555555555556,0.5,0.5
3,4,0.42857142857142855,0.40106951871657753,0.42857142857142855,0.40106951871657753,0.42857142857142855,0.40106951871657753,0.42857142857142855,0.40106951871657753,0.6071428571428571
4,5,0.42857142857142855,0.33333333333333337,0.3741496598639456,0.36898395721925137,0.42857142857142855,0.3450292397660819,0.39515455304928987,0.3689839572192513,0.6071428571428571
5,mean,0.4645320197044335,0.4237853323147441,0.43794980060989913,0.4469876936788702,0.4645320197044335,0.41138349438659033,0.4273989571630225,0.4469876936788702,0.5704433497536946
