,fold,average_acc,macro_prec,weighted_prec,macro_recall,weighted_recall,macro_f1,weighted_f1,auc,baseline_likelihood
0,1.0,0.4827586206896552,0.7222222222222222,0.7701149425287356,0.5588235294117647,0.4827586206896552,0.4129554655870445,0.37805388803573914,0.5588235294117647,0.5862068965517241
1,2.0,0.6206896551724138,0.606060606060606,0.6165099268547544,0.6029411764705883,0.6206896551724138,0.6037267080745341,0.6178624973227672,0.6029411764705882,0.5862068965517241
2,3.0,0.39285714285714285,0.3571428571428571,0.35714285714285715,0.3928571428571429,0.39285714285714285,0.3523809523809524,0.3523809523809524,0.39285714285714285,0.5
3,4.0,0.6071428571428571,0.575,0.5910714285714286,0.5641711229946524,0.6071428571428571,0.5618776671408251,0.5920544604755131,0.5641711229946524,0.6071428571428571
4,5.0,0.6428571428571429,0.6111111111111112,0.6428571428571429,0.6111111111111112,0.6428571428571429,0.6111111111111112,0.6428571428571429,0.6111111111111112,0.6428571428571429
