,PC_0_p,PC_1_p,PC_0_bc_distance,PC_1_bc_distance
0,0.5404726899749499,0.8073139126337501,0.7503042126430031,0.6355540149640311
