,PC_0_p,PC_1_p,PC_0_bc_distance,PC_1_bc_distance
0,0.6305002515513132,0.8154971851261973,0.4973834925911996,0.9094417791392695
