,standard,sqrt.dist=T,add=T
batch,0.010748025609342583,0.010459197843524417,0.01006579447455936
gender,,,
