,standard,sqrt.dist=T,add=T
batch,0.01143241619975025,0.010429403065820523,0.010255628798927628
gender,,,
