,PC_0_p,PC_1_p,PC_0_bc_distance,PC_1_bc_distance
0,0.5268343321314459,0.09454320455335118,0.20311460935059142,0.23021607984860332
