,standard,sqrt.dist=T,add=T
batch,0.007351133583791313,0.008482747644403543,0.009123574181556243
gender,,,
