,standard,sqrt.dist=T,add=T
batch,0.006118413362387336,0.006509529855591469,0.006422269440477486
gender,,,
