,standard,sqrt.dist=T,add=T
batch,0.007316708537662181,0.006862100774119855,0.006634019278755768
gender,,,
