,PC_0_p,PC_1_p,PC_0_bc_distance,PC_1_bc_distance
0,0.3452073161755014,0.35214280134679643,0.27408062526199306,0.5752314499995917
