,fold,average_acc,macro_prec,weighted_prec,macro_recall,weighted_recall,macro_f1,weighted_f1,auc,baseline_likelihood
0,1.0,0.47685185185185186,0.48562999619337643,0.4874372612048668,0.4869995695221696,0.47685185185185186,0.46854791299235743,0.46424216691706405,0.4869995695221696,0.5324074074074074
1,2.0,0.4444444444444444,0.4476190476190476,0.4486772486772487,0.4489164086687306,0.4444444444444444,0.44272445820433437,0.4410044719642243,0.44891640866873067,0.5277777777777778
2,3.0,0.4398148148148148,0.4415413533834587,0.4418111250348093,0.4465589827304751,0.4398148148148148,0.4309229864785421,0.42762971672436695,0.4465589827304751,0.5231481481481481
3,4.0,0.5046296296296297,0.5110462505612932,0.5127201516739012,0.510577915376677,0.5046296296296297,0.501542044988893,0.49936257347778473,0.510577915376677,0.5277777777777778
4,5.0,0.5555555555555556,0.5552884615384616,0.5554220085470086,0.5552315608919383,0.5555555555555556,0.5552123552123552,0.5554411554411555,0.5552315608919383,0.5092592592592593
