,fold,average_acc,macro_prec,weighted_prec,macro_recall,weighted_recall,macro_f1,weighted_f1,auc,baseline_likelihood
0,1.0,0.58,0.596774193548387,0.6032974910394265,0.5920014347202296,0.58,0.5777291210509853,0.574838911479512,0.5920014347202296,0.5466666666666666
1,2.0,0.5933333333333334,0.59,0.5908,0.5805152979066022,0.5933333333333334,0.575189191698779,0.5822127303960258,0.5805152979066022,0.54
2,3.0,0.5933333333333334,0.5953851744186047,0.5953851744186047,0.5933333333333333,0.5933333333333334,0.5911345457795255,0.5911345457795255,0.5933333333333333,0.5
3,4.0,0.54,0.5351255886970172,0.5359733124018837,0.5319129969691567,0.54,0.524596940884663,0.5291608102521703,0.5319129969691567,0.5266666666666666
4,5.0,0.5333333333333333,0.5449999999999999,0.5464,0.5400641025641026,0.5333333333333333,0.5230741279069768,0.5202761627906978,0.5400641025641026,0.52
