,PC_0_p,PC_1_p,PC_0_bc_distance,PC_1_bc_distance
0,0.6566204925681631,0.23822428113774866,0.183756214132959,0.8624132616531661
