,fold,average_acc,macro_prec,weighted_prec,macro_recall,weighted_recall,macro_f1,weighted_f1,auc,baseline_likelihood
0,1.0,0.5533333333333333,0.5785410606399641,0.5807652718729022,0.5625,0.5533333333333333,0.5334045220298063,0.5295473327452527,0.5625,0.52
1,2.0,0.4866666666666667,0.4865494978479197,0.4865494978479197,0.4866666666666667,0.4866666666666667,0.48554630083292505,0.48554630083292505,0.48666666666666664,0.5
2,3.0,0.5133333333333333,0.516967706622879,0.5178762999452654,0.516559829059829,0.5133333333333333,0.5115750033453766,0.5104027833534056,0.5165598290598291,0.52
3,4.0,0.5333333333333333,0.5355093256814921,0.5364418938307031,0.5352564102564102,0.5333333333333333,0.5330012453300124,0.5325031133250311,0.5352564102564104,0.52
4,5.0,0.58,0.5798364153627311,0.5801635846372687,0.5798790250845045,0.58,0.5798319327731092,0.5800560224089636,0.5798790250845045,0.5133333333333333
