,fold,average_acc,macro_prec,weighted_prec,macro_recall,weighted_recall,macro_f1,weighted_f1,auc,baseline_likelihood
0,1.0,0.3469387755102041,0.08673469387755102,0.12036651395251978,0.25,0.3469387755102041,0.12878787878787878,0.17872603586889302,0.5,0.3673469387755102
1,2.0,0.4845360824742268,0.1211340206185567,0.23477521521947073,0.25,0.4845360824742268,0.16319444444444445,0.3162943871706759,0.5,0.4845360824742268
2,3.0,0.35051546391752575,0.08762886597938144,0.1228610904453183,0.25,0.35051546391752575,0.1297709923664122,0.1819469583694027,0.5,0.35051546391752575
3,4.0,0.4536082474226804,0.1134020618556701,0.20576044212987565,0.25,0.4536082474226804,0.15602836879432624,0.28310301966805584,0.5,0.4536082474226804
4,5.0,0.3917525773195876,0.0979381443298969,0.15347008183653948,0.25,0.3917525773195876,0.14074074074074075,0.22054219167621228,0.5,0.3917525773195876
