,PC_0_p,PC_1_p,PC_0_bc_distance,PC_1_bc_distance
0,0.6517837369652588,0.10119873094402981,0.7847933425486834,0.20245827832656058
