,standard,sqrt.dist=T,add=T
batch,0.003997745814564075,0.004096197372016921,0.004065556449296928
False,,,
