,fold,average_acc,macro_prec,weighted_prec,macro_recall,weighted_recall,macro_f1,weighted_f1,auc,baseline_likelihood
0,1.0,0.5266666666666666,0.576775890935183,0.5886438651040421,0.5579004329004329,0.5266666666666666,0.5082875479015652,0.4968798190128814,0.5579004329004329,0.56
1,2.0,0.4066666666666667,0.4066865338051779,0.4066902588936487,0.4107905982905983,0.4066666666666667,0.4021763467824997,0.4001038914513456,0.4107905982905983,0.52
2,3.0,0.49333333333333335,0.5719602977667494,0.5896112489660876,0.5421511627906976,0.49333333333333335,0.4585866261398176,0.4384701114488348,0.5421511627906976,0.5733333333333334
3,4.0,0.5533333333333333,0.5573663624511083,0.5576184267709692,0.5547652916073968,0.5533333333333333,0.5488215488215489,0.548219977553311,0.5547652916073968,0.5066666666666667
4,5.0,0.47333333333333333,0.4700056593095642,0.4701905300886625,0.471728307254623,0.47333333333333333,0.46474547179186054,0.46564945721727874,0.471728307254623,0.5066666666666667
