,PC_0_p,PC_1_p,PC_0_bc_distance,PC_1_bc_distance
0,4.812734409320126e-13,0.2934780084677375,2.4281956888699923e-09,0.008823396939108498
