,PC_0_p,PC_1_p,PC_0_bc_distance,PC_1_bc_distance
0,0.043445030989071036,0.8485060860179654,1.691037140760204e-07,8.132724103388742e-17
