,PC_0_p,PC_1_p,PC_0_bc_distance,PC_1_bc_distance
0,1.7772190105613988e-07,0.10818069908365709,9.7125690182109e-10,6.430586660792524e-10
