,PC_0_p,PC_1_p,PC_0_bc_distance,PC_1_bc_distance
0,2.2812395126865174e-07,0.0005574400120361723,8.174589923651148e-08,2.888641866539938e-09
