,PC_0_p,PC_1_p,PC_0_bc_distance,PC_1_bc_distance
0,5.573786631766762e-09,0.012210191775920476,5.137332492306051e-08,9.79184213928519e-07
