,fold,average_acc,macro_prec,weighted_prec,macro_recall,weighted_recall,macro_f1,weighted_f1,auc,baseline_likelihood
0,1.0,0.5533333333333333,0.5472222222222223,0.5496666666666666,0.5456253354804079,0.5533333333333333,0.5444036447708418,0.5495063239494083,0.5456253354804079,0.54
1,2.0,0.5266666666666666,0.56,0.5760000000000001,0.5547345374931582,0.5266666666666666,0.5230845013658143,0.5164712731180869,0.5547345374931583,0.58
2,3.0,0.6066666666666667,0.6298581690919138,0.6547062074046786,0.6305555555555555,0.6066666666666667,0.6066491844081958,0.6071736521623182,0.6305555555555555,0.6
3,4.0,0.49333333333333335,0.5043062200956938,0.5075980861244018,0.5040257648953301,0.49333333333333335,0.4888809182209469,0.4850645624103299,0.50402576489533,0.54
4,5.0,0.47333333333333333,0.5208333333333333,0.5313888888888889,0.5135746606334841,0.47333333333333333,0.4430082256169212,0.4256795926361143,0.5135746606334841,0.5666666666666667
