,PC_0_p,PC_1_p,PC_0_bc_distance,PC_1_bc_distance
0,0.8851275417272152,0.3763486834605015,0.6613483920657747,0.9949305403625293
