,PC_0_p,PC_1_p,PC_0_bc_distance,PC_1_bc_distance
0,0.19852053266260075,0.36926121694352465,0.5706359025020878,0.35014365540066356
