,standard,sqrt.dist=T,add=T
batch,0.03477135039324807,0.03598800617502187,0.03700990153982052
gender,,,
