,fold,average_acc,macro_prec,weighted_prec,macro_recall,weighted_recall,macro_f1,weighted_f1,auc,baseline_likelihood
0,1.0,0.4,0.6666666666666666,0.8,0.5714285714285714,0.4,0.375,0.325,0.5714285714285714,0.7
1,2.0,0.4,0.625,0.85,0.625,0.4,0.4,0.4,0.625,0.8
2,3.0,0.8,0.8333333333333333,0.8666666666666666,0.8333333333333333,0.8,0.8,0.8,0.8333333333333333,0.6
3,4.0,0.8,0.7619047619047619,0.8,0.7619047619047619,0.8,0.7619047619047619,0.8,0.761904761904762,0.7
4,5.0,0.6,0.5833333333333333,0.6,0.5833333333333333,0.6,0.5833333333333333,0.6,0.5833333333333333,0.6
