,PC_0_p,PC_1_p,PC_0_bc_distance,PC_1_bc_distance
0,0.47755568416700866,0.8287966975038383,0.8120032142501479,0.04248301285879686
