,fold,average_acc,macro_prec,weighted_prec,macro_recall,weighted_recall,macro_f1,weighted_f1,auc,baseline_likelihood
0,1.0,0.7,0.7083333333333333,0.7083333333333333,0.7,0.7,0.6969696969696968,0.6969696969696969,0.7000000000000002,0.5
1,2.0,0.2,0.20833333333333331,0.21666666666666665,0.20833333333333331,0.2,0.2,0.2,0.20833333333333331,0.6
2,3.0,0.5,0.5,0.5199999999999999,0.5,0.5,0.4949494949494949,0.505050505050505,0.5,0.6
3,4.0,0.3,0.30000000000000004,0.32,0.29166666666666663,0.3,0.29292929292929293,0.30707070707070705,0.29166666666666663,0.6
4,5.0,0.5,0.6875,0.8125,0.6428571428571428,0.5,0.4949494949494949,0.47474747474747475,0.6428571428571428,0.7
