,standard,sqrt.dist=T,add=T
batch,0.04471147396927418,0.04655635289437992,0.043269038702906465
gender,,,
