,fold,average_acc,macro_prec,weighted_prec,macro_recall,weighted_recall,macro_f1,weighted_f1,auc,baseline_likelihood
0,1.0,0.5866666666666667,0.6080121703853956,0.606450304259635,0.5758547008547008,0.5866666666666667,0.5477533553783311,0.5530597160085586,0.5758547008547009,0.52
1,2.0,0.6466666666666666,0.6477272727272727,0.6474242424242425,0.6176470588235294,0.6466666666666666,0.6117216117216118,0.6272527472527473,0.6176470588235294,0.5666666666666667
2,3.0,0.5,0.5,0.5,0.5,0.5,0.4455670001478488,0.4455670001478488,0.5,0.5
3,4.0,0.5,0.5132933104631218,0.5150085763293311,0.51105366375468,0.5,0.48325754443985114,0.4782968168664737,0.5110536637546799,0.5266666666666666
4,5.0,0.56,0.5478312537136066,0.5518875024757377,0.5434274411077145,0.56,0.5390203017321661,0.549510150866083,0.5434274411077145,0.5533333333333333
