,fold,average_acc,macro_prec,weighted_prec,macro_recall,weighted_recall,macro_f1,weighted_f1,auc,baseline_likelihood
0,1.0,0.54,0.5487012987012987,0.5583694083694083,0.548868778280543,0.54,0.5399795546468732,0.5403884617094092,0.548868778280543,0.5666666666666667
1,2.0,0.64,0.6545454545454545,0.656,0.6436577121508629,0.64,0.6347402597402596,0.6335714285714286,0.6436577121508629,0.5133333333333333
2,3.0,0.5733333333333334,0.575,0.5748,0.5667735042735043,0.5733333333333334,0.5579296371339104,0.5612304291766439,0.5667735042735043,0.52
3,4.0,0.5333333333333333,0.5682605682605683,0.5740817740817741,0.5528717122920022,0.5333333333333333,0.5138888888888888,0.5061111111111111,0.5528717122920022,0.54
4,5.0,0.48,0.49335863377609107,0.494573055028463,0.4956320199679087,0.48,0.4401913875598086,0.43222966507177035,0.4956320199679087,0.5266666666666666
