,fold,average_acc,macro_prec,weighted_prec,macro_recall,weighted_recall,macro_f1,weighted_f1,auc,baseline_likelihood
0,1.0,0.6944444444444444,0.8382352941176471,0.7933006535947713,0.5769230769230769,0.6944444444444444,0.536842105263158,0.6118908382066278,0.5769230769230769,0.6388888888888888
1,2.0,0.8055555555555556,0.671875,0.7769097222222222,0.6083743842364532,0.8055555555555556,0.6244411326378541,0.7838218248054315,0.6083743842364531,0.8055555555555556
2,3.0,0.7428571428571429,0.5572916666666666,0.6788690476190476,0.525462962962963,0.7428571428571429,0.514637904468413,0.695311468192824,0.525462962962963,0.7714285714285715
3,4.0,0.8857142857142857,0.7864583333333333,0.8720238095238095,0.6833333333333333,0.8857142857142857,0.717741935483871,0.8732718894009216,0.6833333333333333,0.8571428571428571
4,5.0,0.6857142857142857,0.5984848484848485,0.635064935064935,0.5246212121212122,0.6857142857142857,0.4804318488529016,0.601735106998265,0.5246212121212122,0.6857142857142857
