,PC_0_p,PC_1_p,PC_0_bc_distance,PC_1_bc_distance
0,0.511124859425671,0.3209791904264551,0.5959178188465977,0.5814159175908808
