,fold,average_acc,macro_prec,weighted_prec,macro_recall,weighted_recall,macro_f1,weighted_f1,auc,baseline_likelihood
0,1.0,0.6944444444444444,0.8382352941176471,0.7933006535947713,0.5769230769230769,0.6944444444444444,0.536842105263158,0.6118908382066278,0.5769230769230769,0.6388888888888888
1,2.0,0.8333333333333334,0.9142857142857144,0.861904761904762,0.5714285714285714,0.8333333333333334,0.578125,0.7786458333333334,0.5714285714285714,0.8055555555555556
2,3.0,0.7428571428571429,0.5572916666666666,0.6788690476190476,0.525462962962963,0.7428571428571429,0.514637904468413,0.695311468192824,0.525462962962963,0.7714285714285715
3,4.0,0.8,0.8939393939393939,0.8424242424242424,0.6111111111111112,0.8,0.6224961479198767,0.7482280431432974,0.6111111111111112,0.7428571428571429
4,5.0,0.7428571428571429,0.5282258064516129,0.6951612903225806,0.5178571428571429,0.7428571428571429,0.5146379044684128,0.7143297380585516,0.5178571428571429,0.8
