,standard,sqrt.dist=T,add=T
batch,0.02361657247195313,0.023595840120122096,0.019777196854264337
gender,0.00924684693770189,0.00833176194758013,0.007163870397819172
