,PC_0_p,PC_1_p,PC_0_bc_distance,PC_1_bc_distance
0,0.9580811216207742,0.4548882421682481,0.6007433333647636,0.004767526180566461
