,standard,sqrt.dist=T,add=T
batch,0.008643303355637576,0.00714013623183596,0.004916539597448668
gender,,,
