,fold,average_acc,macro_prec,weighted_prec,macro_recall,weighted_recall,macro_f1,weighted_f1,auc,baseline_likelihood
0,1.0,0.8064516129032258,0.5819209039548022,0.7422999817751048,0.5258467023172906,0.8064516129032258,0.5168831168831169,0.7581901968998743,0.5258467023172906,0.8225806451612904
1,2.0,0.8225806451612904,0.4112903225806452,0.6766389177939647,0.5,0.8225806451612904,0.45132743362831856,0.7425064230659435,0.5,0.8225806451612904
2,3.0,0.7540983606557377,0.875,0.8155737704918032,0.53125,0.7540983606557377,0.48739495798319327,0.6631767461082794,0.53125,0.7377049180327869
3,4.0,0.7049180327868853,0.3524590163934426,0.4969094329481322,0.5,0.7049180327868853,0.41346153846153844,0.5829129886506935,0.5,0.7049180327868853
4,5.0,0.7213114754098361,0.3728813559322034,0.5623784384551265,0.4782608695652174,0.7213114754098361,0.41904761904761906,0.6320062451209992,0.4782608695652174,0.7540983606557377
