,fold,average_acc,macro_prec,weighted_prec,macro_recall,weighted_recall,macro_f1,weighted_f1,auc,baseline_likelihood
0,1.0,0.54,0.4987373737373737,0.5045286195286195,0.4994605286818917,0.54,0.4336525307797537,0.4598303693570451,0.4994605286818917,0.5533333333333333
1,2.0,0.5666666666666667,0.5384615384615384,0.5435897435897435,0.5180995475113122,0.5666666666666667,0.466484268125855,0.4973096215230278,0.5180995475113122,0.5666666666666667
2,3.0,0.58,0.5635856079404467,0.5669354838709678,0.53710407239819,0.58,0.5031284504968716,0.5291866028708134,0.5371040723981901,0.5666666666666667
3,4.0,0.5866666666666667,0.6072443181818181,0.6045265151515152,0.5541606886657102,0.5866666666666667,0.5079365079365079,0.5263068783068783,0.5541606886657102,0.5466666666666666
4,5.0,0.58,0.6821428571428572,0.6727142857142857,0.5456253354804079,0.58,0.45873188613322635,0.47922790537831483,0.5456253354804079,0.54
