,fold,average_acc,macro_prec,weighted_prec,macro_recall,weighted_recall,macro_f1,weighted_f1,auc,baseline_likelihood
0,1.0,0.5333333333333333,0.5351555475633879,0.5356111011209016,0.5347802882049457,0.5333333333333333,0.5325854700854701,0.5320868945868945,0.5347802882049457,0.5133333333333333
1,2.0,0.47333333333333333,0.47591680350301035,0.4765626710454296,0.47649572649572647,0.47333333333333333,0.47143048307239394,0.4701619162317676,0.4764957264957265,0.52
2,3.0,0.52,0.5208036984352773,0.5280369843527738,0.5211038961038961,0.52,0.5186307719736137,0.5217115350329826,0.5211038961038961,0.56
3,4.0,0.5666666666666667,0.5666666666666667,0.5710222222222222,0.5672525107604017,0.5666666666666667,0.565720903300521,0.5676124300328121,0.5672525107604017,0.5466666666666666
4,5.0,0.5333333333333333,0.5387662705149971,0.5393699302018488,0.5365593310798791,0.5333333333333333,0.5279625966552778,0.5266199124857639,0.5365593310798791,0.5133333333333333
