,fold,average_acc,macro_prec,weighted_prec,macro_recall,weighted_recall,macro_f1,weighted_f1,auc,baseline_likelihood
0,1.0,0.5333333333333333,0.5784090909090909,0.59,0.5622294372294372,0.5333333333333333,0.5188782991202346,0.5088709677419355,0.5622294372294372,0.56
1,2.0,0.4066666666666667,0.40749863163656264,0.40770662287903664,0.4097222222222222,0.4066666666666667,0.4045229492840894,0.4030938043623712,0.4097222222222222,0.52
2,3.0,0.47333333333333333,0.5343270099367661,0.5483047274917193,0.5207122093023255,0.47333333333333333,0.43921253135204197,0.41892448693073364,0.5207122093023255,0.5733333333333334
3,4.0,0.5133333333333333,0.5154591171540324,0.515591978642826,0.5147581792318634,0.5133333333333333,0.5084175084175084,0.5077620650953985,0.5147581792318634,0.5066666666666667
4,5.0,0.46,0.45502392344497605,0.4552727272727272,0.4582147937411095,0.46,0.4492044063647491,0.45023255813953494,0.4582147937411095,0.5066666666666667
