,fold,average_acc,macro_prec,weighted_prec,macro_recall,weighted_recall,macro_f1,weighted_f1,auc,baseline_likelihood
0,1.0,0.5333333333333333,0.5310683139534884,0.5316860465116279,0.530448717948718,0.5333333333333333,0.529232424677188,0.5309899569583931,0.530448717948718,0.52
1,2.0,0.5466666666666666,0.5662521440823327,0.568147512864494,0.5550213675213675,0.5466666666666666,0.5303002394547799,0.5267931479093755,0.5550213675213675,0.52
2,3.0,0.5266666666666666,0.5486967064053344,0.5546278709503603,0.5432209469153515,0.5266666666666666,0.518948461990153,0.5132613638074588,0.5432209469153515,0.5466666666666666
3,4.0,0.54,0.5416289592760182,0.5417918552036199,0.5408961593172119,0.54,0.5383380168606986,0.5379686872741871,0.5408961593172119,0.5066666666666667
4,5.0,0.48,0.48777530814305925,0.48897150939583756,0.4892137635942236,0.48,0.46856831395348836,0.4644113372093022,0.4892137635942236,0.5266666666666666
