,fold,average_acc,macro_prec,weighted_prec,macro_recall,weighted_recall,macro_f1,weighted_f1,auc,baseline_likelihood
0,1.0,0.4666666666666667,0.46785714285714286,0.4685714285714285,0.46794871794871795,0.4666666666666667,0.4665718349928876,0.46628733997155053,0.46794871794871795,0.52
1,2.0,0.5866666666666667,0.5910714285714286,0.599,0.5919913419913421,0.5866666666666667,0.5863725315780111,0.5876961394769614,0.5919913419913421,0.56
2,3.0,0.52,0.6090225563909775,0.6547368421052632,0.5881458966565349,0.52,0.5129870129870129,0.4981818181818181,0.5881458966565349,0.6266666666666667
3,4.0,0.5266666666666666,0.5353883404730863,0.5381138635375924,0.5339285714285714,0.5266666666666666,0.5241074221368247,0.5217808362006048,0.5339285714285715,0.5333333333333333
4,5.0,0.4866666666666667,0.562015503875969,0.5745736434108527,0.5303030303030303,0.4866666666666667,0.4358974358974359,0.4155897435897436,0.5303030303030303,0.56
