,fold,average_acc,macro_prec,weighted_prec,macro_recall,weighted_recall,macro_f1,weighted_f1,auc,baseline_likelihood
0,1.0,0.52,0.5522712453814388,0.5603390567267985,0.5432476173350117,0.52,0.5073891625615763,0.4989819376026272,0.5432476173350117,0.5533333333333333
1,2.0,0.56,0.5582844574780059,0.5586803519061584,0.5566239316239316,0.56,0.5549361625606906,0.5568351016004315,0.5566239316239316,0.52
2,3.0,0.5133333333333333,0.5225694444444444,0.5243287037037038,0.5208593332144767,0.5133333333333333,0.5070010355229391,0.5040211306709889,0.5208593332144767,0.5266666666666666
3,4.0,0.48,0.6012073863636364,0.6355113636363636,0.5527777777777778,0.48,0.44433890577507595,0.4161854103343465,0.5527777777777778,0.6
4,5.0,0.5333333333333333,0.5348546978070958,0.5363760622808581,0.5348546978070958,0.5333333333333333,0.5333333333333333,0.5333333333333333,0.5348546978070958,0.5266666666666666
