,PC_0_p,PC_1_p,PC_0_bc_distance,PC_1_bc_distance
0,4.8980544132844605e-14,0.2900143309497757,1.5078471737321996e-08,0.003081856126304809
