,fold,average_acc,macro_prec,weighted_prec,macro_recall,weighted_recall,macro_f1,weighted_f1,auc,baseline_likelihood
0,1.0,0.5666666666666667,0.5722222222222222,0.5729629629629629,0.5693826721223981,0.5666666666666667,0.5633872195602525,0.5623781589121252,0.5693826721223982,0.5133333333333333
1,2.0,0.4,0.4,0.4,0.40684614013193077,0.4,0.39309476712821434,0.38964215069232144,0.40684614013193077,0.5266666666666666
2,3.0,0.5066666666666667,0.5067096081588836,0.5067096081588836,0.5066666666666666,0.5066666666666667,0.5058760683760684,0.5058760683760685,0.5066666666666666,0.5
3,4.0,0.5066666666666667,0.5337301587301587,0.5394708994708994,0.5274390243902439,0.5066666666666667,0.4913856304985337,0.48315738025415444,0.5274390243902439,0.5466666666666666
4,5.0,0.4866666666666667,0.48613086770981506,0.48934566145092456,0.48604401502952227,0.4866666666666667,0.4855463008329251,0.4874669279764822,0.4860440150295222,0.54
