,PC_0_p,PC_1_p,PC_0_bc_distance,PC_1_bc_distance
0,0.008956613533869862,2.1775772293982148e-06,1.8834975353440763e-26,3.6781811743132656e-07
