,fold,average_acc,macro_prec,weighted_prec,macro_recall,weighted_recall,macro_f1,weighted_f1,auc,baseline_likelihood
0,1.0,0.5266666666666666,0.572072072072072,0.5834234234234235,0.5562770562770563,0.5266666666666666,0.5108171420697258,0.5002507923384318,0.5562770562770563,0.56
1,2.0,0.43333333333333335,0.4346246973365617,0.43486682808716703,0.4375,0.43333333333333335,0.4290448255787918,0.427065514307465,0.4375,0.52
2,3.0,0.5066666666666667,0.5445969125214408,0.5580560320182961,0.5377906976744187,0.5066666666666667,0.49773755656108604,0.48791553544494726,0.5377906976744187,0.5733333333333334
3,4.0,0.56,0.5603632478632479,0.5604843304843304,0.5602773826458036,0.56,0.5599217638691323,0.5598435277382646,0.5602773826458037,0.5066666666666667
4,5.0,0.52,0.5194281524926686,0.5194721407624634,0.5188477951635846,0.52,0.5157819225251076,0.5163845050215208,0.5188477951635846,0.5066666666666667
