,PC_0_p,PC_1_p,PC_0_bc_distance,PC_1_bc_distance
0,0.3041675178690393,0.08638128331451612,0.20458195564597514,0.10875205014911932
