,PC_0_p,PC_1_p,PC_0_bc_distance,PC_1_bc_distance
0,0.009591871905169025,0.946815547483258,0.03847641572658454,0.026591785114443333
