,fold,average_acc,macro_prec,weighted_prec,macro_recall,weighted_recall,macro_f1,weighted_f1,auc,baseline_likelihood
0,1.0,0.2,0.14285714285714285,0.14285714285714285,0.2,0.2,0.16666666666666666,0.16666666666666666,0.2,0.5
1,2.0,0.7,0.7,0.7200000000000001,0.7083333333333333,0.7,0.6969696969696968,0.7030303030303029,0.7083333333333334,0.6
2,3.0,0.5,0.5476190476190476,0.5714285714285714,0.5416666666666666,0.5,0.4949494949494949,0.48484848484848475,0.5416666666666667,0.6
3,4.0,0.3,0.21428571428571427,0.2571428571428571,0.25,0.3,0.23076923076923075,0.27692307692307694,0.25,0.6
4,5.0,0.6,0.6,0.6,0.6,0.6,0.6,0.6,0.6,0.5
