,standard,sqrt.dist=T,add=T
batch,0.025423750954273107,0.03339418011040004,0.029931017499526567
gender,,,
