,standard,sqrt.dist=T,add=T
batch,0.03701660806604676,0.03860680417974922,0.038105996934970125
gender,,,
