,PC_0_p,PC_1_p,PC_0_bc_distance,PC_1_bc_distance
0,0.041192219713991875,0.9675954752959255,0.8988393308015182,0.04523969397855495
