,fold,average_acc,macro_prec,weighted_prec,macro_recall,weighted_recall,macro_f1,weighted_f1,auc,baseline_likelihood
0,1.0,0.5,0.5416666666666666,0.625,0.5476190476190476,0.5,0.4949494949494949,0.5151515151515151,0.5476190476190477,0.7
1,2.0,0.5,0.7222222222222222,0.7777777777777778,0.5833333333333334,0.5,0.4505494505494505,0.41758241758241754,0.5833333333333333,0.6
2,3.0,0.3,0.16666666666666666,0.13333333333333333,0.375,0.3,0.23076923076923078,0.18461538461538463,0.375,0.6
3,4.0,0.6,0.6190476190476191,0.619047619047619,0.6000000000000001,0.6,0.5833333333333333,0.5833333333333333,0.6000000000000001,0.5
4,5.0,0.5,0.5476190476190476,0.5714285714285714,0.5416666666666666,0.5,0.4949494949494949,0.48484848484848475,0.5416666666666667,0.6
