,fold,average_acc,macro_prec,weighted_prec,macro_recall,weighted_recall,macro_f1,weighted_f1,auc,baseline_likelihood
0,1.0,0.5,0.6875,0.8125,0.6428571428571428,0.5,0.4949494949494949,0.47474747474747475,0.6428571428571428,0.7
1,2.0,0.4,0.6666666666666666,0.8,0.5714285714285714,0.4,0.375,0.325,0.5714285714285714,0.7
2,3.0,0.4,0.47619047619047616,0.5523809523809523,0.47619047619047616,0.4,0.4,0.4,0.47619047619047616,0.7
3,4.0,0.4,0.25,0.3,0.3333333333333333,0.4,0.28571428571428575,0.34285714285714286,0.33333333333333337,0.6
4,5.0,0.2,0.23809523809523808,0.27619047619047615,0.23809523809523808,0.2,0.2,0.2,0.2380952380952381,0.7
