,fold,average_acc,macro_prec,weighted_prec,macro_recall,weighted_recall,macro_f1,weighted_f1,auc,baseline_likelihood
0,1.0,0.92,0.9285714285714286,0.9314285714285715,0.9230769230769231,0.92,0.9198717948717948,0.9197435897435897,0.9230769230769231,0.52
1,2.0,0.8933333333333333,0.9031385281385281,0.9085858585858585,0.8991071428571429,0.8933333333333333,0.8932574275040028,0.8930676629306765,0.8991071428571429,0.5333333333333333
2,3.0,0.8333333333333334,0.8384267119411433,0.8358800226372383,0.8235930735930737,0.8333333333333334,0.8277525148132837,0.8314730604933167,0.8235930735930737,0.56
3,4.0,0.92,0.9211980745230879,0.9211980745230879,0.9199999999999999,0.92,0.9199430706280023,0.9199430706280022,0.9199999999999999,0.5
4,5.0,0.92,0.921474358974359,0.9229487179487179,0.921474358974359,0.92,0.9199999999999999,0.92,0.921474358974359,0.52
