,fold,average_acc,macro_prec,weighted_prec,macro_recall,weighted_recall,macro_f1,weighted_f1,auc,baseline_likelihood
0,1.0,0.7687687687687688,0.836533032185206,0.8014524971046709,0.5561152433857453,0.7687687687687688,0.5354302176000579,0.6946145681854919,0.5561152433857453,0.7417417417417418
1,2.0,0.7417417417417418,0.867283950617284,0.8102917732547361,0.5473684210526316,0.7417417417417418,0.5100260060224473,0.6547218584585133,0.5473684210526315,0.7147147147147147
2,3.0,0.7657657657657657,0.8435960591133005,0.8045533217947011,0.570164609053498,0.7657657657657657,0.5556049822064058,0.6960180821390786,0.570164609053498,0.7297297297297297
3,4.0,0.8048048048048048,0.8136634400595681,0.808300854838457,0.5862686872824083,0.8048048048048048,0.5938186117209932,0.7529373656717012,0.5862686872824083,0.7717717717717718
4,5.0,0.7469879518072289,0.8711656441717792,0.8121812402986178,0.5333333333333333,0.7469879518072289,0.488556338028169,0.6550038180892584,0.5333333333333333,0.7289156626506024
