,fold,average_acc,macro_prec,weighted_prec,macro_recall,weighted_recall,macro_f1,weighted_f1,auc,baseline_likelihood
0,1.0,0.3,0.1875,0.1875,0.3,0.3,0.23076923076923075,0.23076923076923075,0.3,0.5
1,2.0,0.4,0.375,0.4,0.375,0.4,0.375,0.4,0.375,0.6
2,3.0,0.6,0.75,0.8,0.6666666666666666,0.6,0.5833333333333333,0.5666666666666667,0.6666666666666667,0.6
3,4.0,0.6,0.7777777777777778,0.7777777777777778,0.6,0.6,0.5238095238095238,0.523809523809524,0.6,0.5
4,5.0,0.7,0.7,0.7200000000000001,0.7083333333333333,0.7,0.6969696969696968,0.7030303030303029,0.7083333333333334,0.6
