,PC_0_p,PC_1_p,PC_0_bc_distance,PC_1_bc_distance
0,0.02858187208785921,1.832201562011929e-05,1.8828270318461083e-05,0.4912663601502405
