,fold,average_acc,macro_prec,weighted_prec,macro_recall,weighted_recall,macro_f1,weighted_f1,auc,baseline_likelihood
0,1.0,0.5,0.5,0.5,0.5,0.5,0.4505494505494506,0.45054945054945056,0.5,0.5
1,2.0,0.5,0.2777777777777778,0.33333333333333337,0.4166666666666667,0.5,0.33333333333333337,0.4,0.4166666666666667,0.6
2,3.0,0.3,0.30952380952380953,0.3142857142857143,0.3333333333333333,0.3,0.29292929292929293,0.2787878787878788,0.33333333333333337,0.6
3,4.0,0.6,0.5625,0.575,0.5416666666666667,0.6,0.5238095238095238,0.5619047619047619,0.5416666666666667,0.6
4,5.0,0.4,0.6666666666666666,0.8,0.5714285714285714,0.4,0.375,0.325,0.5714285714285714,0.7
