,fold,average_acc,macro_prec,weighted_prec,macro_recall,weighted_recall,macro_f1,weighted_f1,auc,baseline_likelihood
0,1.0,0.6,0.5238095238095238,0.6,0.5238095238095238,0.6,0.5238095238095238,0.6,0.5238095238095237,0.7
1,2.0,0.2,0.3125,0.425,0.3125,0.2,0.2,0.2,0.3125,0.8
2,3.0,0.6,0.5833333333333333,0.6,0.5833333333333333,0.6,0.5833333333333333,0.6,0.5833333333333333,0.6
3,4.0,0.5,0.5416666666666666,0.625,0.5476190476190476,0.5,0.4949494949494949,0.5151515151515151,0.5476190476190477,0.7
4,5.0,0.5,0.5,0.5199999999999999,0.5,0.5,0.4949494949494949,0.505050505050505,0.5,0.6
