,PC_0_p,PC_1_p,PC_0_bc_distance,PC_1_bc_distance
0,0.06334142843426874,0.3127935894189639,0.2526661379617326,0.8119650032332757
