,standard,sqrt.dist=T,add=T
batch,0.042521520508906084,0.04188376266195875,0.041918973673569004
gender,,,
