,standard,sqrt.dist=T,add=T
batch,0.03671835995040022,0.038491652193143065,0.03816641619834363
gender,,,
