,standard,sqrt.dist=T,add=T
batch,0.03589900259259681,0.03790291391648221,0.037636586711996
gender,,,
