,PC_0_p,PC_1_p,PC_0_bc_distance,PC_1_bc_distance
0,0.6084364889709403,0.7266503952892798,0.5741645704317226,0.7036001182607629
