,fold,average_acc,macro_prec,weighted_prec,macro_recall,weighted_recall,macro_f1,weighted_f1,auc,baseline_likelihood
0,1.0,0.5277777777777778,0.5309481216457961,0.5312363347247068,0.5296740994854202,0.5277777777777778,0.5236942234520927,0.5228775125869556,0.5296740994854202,0.5092592592592593
1,2.0,0.49537037037037035,0.49655617735686614,0.4972337813491495,0.4965659340659341,0.49537037037037035,0.49527300791047657,0.49501337468409307,0.4965659340659341,0.5185185185185185
2,3.0,0.49074074074074076,0.4920634920634921,0.4922104644326866,0.49228130360205835,0.49074074074074076,0.48793103448275865,0.48722860791826306,0.49228130360205835,0.5092592592592593
3,4.0,0.5324074074074074,0.5343561500131131,0.5346159823605405,0.533704974271012,0.5324074074074074,0.5307075096263472,0.5301844641552516,0.5337049742710119,0.5092592592592593
4,5.0,0.47685185185185186,0.47947447580288416,0.4800266071609962,0.48008241758241754,0.47685185185185186,0.47431672804807135,0.47296466201938836,0.48008241758241754,0.5185185185185185
