,standard,sqrt.dist=T,add=T
batch,0.006351504582580028,0.006421948946267657,0.006400732815563432
gender,,,
