,fold,average_acc,macro_prec,weighted_prec,macro_recall,weighted_recall,macro_f1,weighted_f1,auc,baseline_likelihood
0,1.0,0.49333333333333335,0.5603991596638656,0.5658963585434174,0.5205357142857143,0.49333333333333335,0.41127866143358816,0.3966260414514908,0.5205357142857143,0.5333333333333333
1,2.0,0.5933333333333334,0.6096826034552029,0.6070550421856168,0.5492424242424242,0.5933333333333334,0.4993160054719562,0.5253515731874144,0.5492424242424242,0.56
2,3.0,0.6533333333333333,0.6683768656716418,0.6640422885572139,0.5676536731634183,0.6533333333333333,0.533604400861038,0.5871673443354859,0.5676536731634183,0.6133333333333333
3,4.0,0.6133333333333333,0.7076520601700458,0.6929147591018094,0.5574660633484163,0.6133333333333333,0.4889567669172932,0.5225720551378447,0.5574660633484163,0.5666666666666667
4,5.0,0.5666666666666667,0.5357142857142857,0.5404761904761904,0.5090497737556561,0.5666666666666667,0.4222222222222223,0.4607407407407408,0.5090497737556561,0.5666666666666667
