,PC_0_p,PC_1_p,PC_0_bc_distance,PC_1_bc_distance
0,0.11974028322359072,0.9584915889419393,0.4300697705930129,0.5224854074815468
