,fold,average_acc,macro_prec,weighted_prec,macro_recall,weighted_recall,macro_f1,weighted_f1,auc,baseline_likelihood
0,1.0,0.5092592592592593,0.51,0.5101851851851852,0.5099485420240137,0.5092592592592593,0.5088803088803089,0.5086276752943419,0.5099485420240137,0.5092592592592593
1,2.0,0.5324074074074074,0.5316178365838989,0.5322494932427057,0.5315934065934066,0.5324074074074074,0.5315942028985507,0.5323170513508677,0.5315934065934066,0.5185185185185185
2,3.0,0.5185185185185185,0.5193103448275862,0.519508301404853,0.5192109777015437,0.5185185185185185,0.5181467181467181,0.5178988512321845,0.5192109777015437,0.5092592592592593
3,4.0,0.5,0.5006896551724138,0.5008620689655172,0.5006861063464837,0.5,0.49961389961389957,0.4993564993564994,0.5006861063464837,0.5092592592592593
4,5.0,0.5,0.5006868131868132,0.5013736263736264,0.5006868131868132,0.5,0.5,0.5,0.5006868131868132,0.5185185185185185
