,PC_0_p,PC_1_p,PC_0_bc_distance,PC_1_bc_distance
0,0.1558867412163813,2.370330152175481e-05,6.117058190593052e-12,1.2524644230623387e-09
