,fold,average_acc,macro_prec,weighted_prec,macro_recall,weighted_recall,macro_f1,weighted_f1,auc,baseline_likelihood
0,1.0,0.98,0.9788732394366197,0.9808450704225352,0.9817073170731707,0.98,0.9798918629071898,0.9800294919344028,0.9817073170731707,0.5466666666666666
1,2.0,0.98,0.9802350427350428,0.9800783475783476,0.9798078633695072,0.98,0.9799777530589544,0.9799955506117908,0.9798078633695071,0.5133333333333333
2,3.0,0.96,0.9599928876244666,0.96,0.9599928876244666,0.96,0.9599928876244666,0.96,0.9599928876244666,0.5066666666666667
3,4.0,0.9533333333333334,0.9532361308677098,0.953430535798957,0.9534780288204945,0.9533333333333334,0.9533146591970121,0.9533395580454403,0.9534780288204945,0.5133333333333333
4,5.0,0.96,0.9575952764358562,0.9616031490427626,0.96289592760181,0.96,0.959539651141881,0.9601150872145296,0.96289592760181,0.5666666666666667
