,PC_0_p,PC_1_p,PC_0_bc_distance,PC_1_bc_distance
0,0.2862060805692092,0.4717065195907624,0.6029690009518871,0.2976849138269919
