,standard,sqrt.dist=T,add=T
batch,0.011445531864922752,0.010458654957328124,0.010262861249447728
gender,,,
