,standard,sqrt.dist=T,add=T
batch,0.010755477088615467,0.010460583309293297,0.010069944867586774
gender,,,
