,PC_0_p,PC_1_p,PC_0_bc_distance,PC_1_bc_distance
0,0.5301183397946827,0.09824908113338682,0.21401709267111038,0.23849951411072223
