,PC_0_p,PC_1_p,PC_0_bc_distance,PC_1_bc_distance
0,0.5404209503986006,0.8088154375829718,0.7484725169489663,0.6409350365073145
