,standard,sqrt.dist=T,add=T
batch,0.0074938250813559384,0.008554058746939331,0.009158095365584608
gender,,,
