,standard,sqrt.dist=T,add=T
batch,0.008502771802625037,0.009117638257888357,0.009440163337056816
gender,,,
