,PC_0_p,PC_1_p,PC_0_bc_distance,PC_1_bc_distance
0,0.6276861447854514,0.8084748230696129,0.486579065224206,0.914003893799668
