,standard,sqrt.dist=T,add=T
batch,0.004584714586380407,0.003975138306221005,0.003636090803204194
gender,,,
