,PC_0_p,PC_1_p,PC_0_bc_distance,PC_1_bc_distance
0,0.22374718809418104,0.8377705335309386,0.2461121682562925,0.7473463187031266
