,fold,average_acc,macro_prec,weighted_prec,macro_recall,weighted_recall,macro_f1,weighted_f1,auc,baseline_likelihood
0,1.0,0.673469387755102,0.7345679012345679,0.6696900982615269,0.4433563748079877,0.673469387755102,0.46102046102046107,0.6263894835323406,0.5915194572452637,0.6326530612244898
1,2.0,0.6804123711340206,0.7541152263374485,0.7049764541173476,0.5022030651340996,0.6804123711340206,0.5337694756475521,0.6345196225005888,0.6285748963417834,0.5979381443298969
2,3.0,0.5979381443298969,0.7477124183006536,0.656114817060845,0.4638351844234197,0.5979381443298969,0.4743232210555246,0.5298942072090699,0.5906477509418685,0.5360824742268041
3,4.0,0.6907216494845361,0.6769005847953217,0.6850244167118827,0.5120051085568327,0.6907216494845361,0.5414593698175787,0.6585628558239729,0.6408926434595503,0.5979381443298969
4,5.0,0.6701030927835051,0.7605820105820106,0.7296678121420389,0.4967159277504105,0.6701030927835051,0.5224937343358396,0.6176342919153555,0.6219949796571278,0.5773195876288659
