,standard,sqrt.dist=T,add=T
batch,0.1111268430259139,0.06306389839214013,0.1111268430259121
False,,,
