,fold,average_acc,macro_prec,weighted_prec,macro_recall,weighted_recall,macro_f1,weighted_f1,auc,baseline_likelihood
0,1.0,0.6020408163265306,0.7634317862165964,0.6868423318694566,0.5063939319258468,0.6020408163265306,0.521978021978022,0.5581782163414816,0.6278889192469693,0.47959183673469385
1,2.0,0.7422680412371134,0.7293859649122808,0.7284047748236571,0.6478632478632479,0.7422680412371134,0.6753860796413989,0.7239151139129205,0.7142656150578685,0.6701030927835051
2,3.0,0.6597938144329897,0.6791125541125541,0.6612498326415852,0.5056750298685783,0.6597938144329897,0.5263859563640302,0.6158483596744299,0.6349500216705989,0.5567010309278351
3,4.0,0.7319587628865979,0.8369477911646586,0.7686746987951807,0.5446265938069216,0.7319587628865979,0.596677559912854,0.6936106057543291,0.6566359757466876,0.6288659793814433
4,5.0,0.6804123711340206,0.49365750528541225,0.6308820644711318,0.4331450094161959,0.6804123711340206,0.4199637023593466,0.6100585626882706,0.5846176174900527,0.6082474226804123
