,fold,average_acc,macro_prec,weighted_prec,macro_recall,weighted_recall,macro_f1,weighted_f1,auc,baseline_likelihood
0,1.0,0.6224489795918368,0.5452380952380952,0.5532555879494655,0.4621212121212121,0.6224489795918368,0.44461183977313007,0.5534475399518191,0.654834732299521,0.4489795918367347
1,2.0,0.5567010309278351,0.4347587719298246,0.4247829625610418,0.4494494494494494,0.5567010309278351,0.4022746071133168,0.46363442565637447,0.6420542701792702,0.38144329896907214
2,3.0,0.5876288659793815,0.551452784503632,0.5784678365492624,0.4638278388278388,0.5876288659793815,0.42192694030929323,0.519651177170886,0.655215136452459,0.4020618556701031
3,4.0,0.7319587628865979,0.6135741652983032,0.6454161235533435,0.5616169544740973,0.7319587628865979,0.5629329004329003,0.6746173070915339,0.7209471127650763,0.5051546391752577
4,5.0,0.5876288659793815,0.5367513611615244,0.5182517260089434,0.4483805668016194,0.5876288659793815,0.3794642857142857,0.48048600883652426,0.6458899730642138,0.3917525773195876
