,fold,average_acc,macro_prec,weighted_prec,macro_recall,weighted_recall,macro_f1,weighted_f1,auc,baseline_likelihood
0,1.0,0.6938775510204082,0.7417748917748918,0.7149814471243042,0.5465608465608466,0.6938775510204082,0.580031474033922,0.6618289910823572,0.6626763705840576,0.5714285714285714
1,2.0,0.6185567010309279,0.7597385620915033,0.6827410551849606,0.5319444444444444,0.6185567010309279,0.5623470809606882,0.5884870393426168,0.6436878245922025,0.4948453608247423
2,3.0,0.6701030927835051,0.6810966810966811,0.680323113312804,0.5897319055213792,0.6701030927835051,0.6007035200429929,0.6364773732028268,0.6724122490569858,0.5876288659793815
3,4.0,0.6185567010309279,0.6440740740740741,0.6119129438717067,0.5078877005347594,0.6185567010309279,0.5358974358974359,0.5860428231562251,0.6197960588162174,0.5670103092783505
4,5.0,0.7525773195876289,0.7675606641123882,0.8231228028597386,0.6681818181818181,0.7525773195876289,0.666812865497076,0.766553626333876,0.7559016086793865,0.7216494845360825
