,fold,average_acc,macro_prec,weighted_prec,macro_recall,weighted_recall,macro_f1,weighted_f1,auc,baseline_likelihood
0,1.0,0.6938775510204082,0.7424242424242425,0.6948051948051949,0.5164598842018197,0.6938775510204082,0.5587949221042746,0.6653937018787995,0.6401743865453543,0.6326530612244898
1,2.0,0.6597938144329897,0.7078713968957872,0.6826582394221318,0.5099206349206349,0.6597938144329897,0.533915808941087,0.6090238726974783,0.6274878915122818,0.5773195876288659
2,3.0,0.6804123711340206,0.7777777777777777,0.711340206185567,0.5192307692307693,0.6804123711340206,0.5529698010591098,0.633645695466839,0.6401974513056167,0.5773195876288659
3,4.0,0.6701030927835051,0.7405731523378583,0.6835378084620048,0.475990675990676,0.6701030927835051,0.502968551502424,0.6311841036492616,0.6111078871642253,0.6185567010309279
4,5.0,0.6288659793814433,0.8226744186046512,0.7393011268280989,0.4809634809634809,0.6288659793814433,0.4935312831389183,0.561887374140438,0.6082479441854441,0.5360824742268041
