,standard,sqrt.dist=T,add=T
batch,0.10397647048615748,0.06355205324796297,0.026337629999163774
False,,,
