,fold,average_acc,macro_prec,weighted_prec,macro_recall,weighted_recall,macro_f1,weighted_f1,auc,baseline_likelihood
0,1.0,0.6632653061224489,0.7420033670033671,0.6735982271696557,0.4146401985111663,0.6632653061224489,0.4180663780663781,0.592041699796802,0.5638015807370647,0.6326530612244898
1,2.0,0.6804123711340206,0.7835118468029861,0.7173932683524228,0.5413419913419913,0.6804123711340206,0.5804865275675537,0.6427594963261851,0.6538663027793462,0.5670103092783505
2,3.0,0.6907216494845361,0.7403508771929825,0.7109061313076506,0.5593352883675465,0.6907216494845361,0.5964214173569379,0.6613836568552431,0.6684223003802899,0.5670103092783505
3,4.0,0.6185567010309279,0.7145969498910675,0.7048042584731486,0.46336996336996333,0.6185567010309279,0.46708522620931375,0.5542309297294624,0.5974514712000807,0.5360824742268041
4,5.0,0.711340206185567,0.7718360071301248,0.7195545509675285,0.5344086021505376,0.711340206185567,0.581161444470797,0.6853297015723776,0.651000597371565,0.6391752577319587
