,PC_0_p,PC_1_p,PC_0_bc_distance,PC_1_bc_distance
0,2.049187378390856e-09,5.952190052227093e-29,3.689434115526345e-12,2.7663625775030167e-40
