,fold,average_acc,macro_prec,weighted_prec,macro_recall,weighted_recall,macro_f1,weighted_f1,auc,baseline_likelihood
0,1.0,0.6530612244897959,0.7022222222222222,0.6639455782312925,0.5567042978807685,0.6530612244897959,0.5904761904761905,0.6270464229647904,0.6562033269736566,0.5612244897959183
1,2.0,0.6597938144329897,0.5917460317460318,0.6575945017182131,0.538519617797912,0.6597938144329897,0.541516022372609,0.6328732848531882,0.643962980970549,0.6082474226804123
2,3.0,0.7319587628865979,0.7665458937198067,0.7343231734648139,0.6654384131698107,0.7319587628865979,0.7006404901141744,0.7207709996641086,0.7369086730691734,0.5876288659793815
3,4.0,0.6494845360824743,0.6972549019607843,0.6482231655548818,0.5128704953266356,0.6494845360824743,0.5488215488215488,0.6170988232843904,0.632625723853794,0.5876288659793815
4,5.0,0.6907216494845361,0.7063492063492064,0.6973490427098674,0.5651340996168582,0.6907216494845361,0.5969246031746032,0.6727356406480118,0.674516498807661,0.5979381443298969
