,fold,average_acc,macro_prec,weighted_prec,macro_recall,weighted_recall,macro_f1,weighted_f1,auc,baseline_likelihood
0,1.0,0.6632653061224489,0.7122835497835499,0.6806437185263716,0.5366876310272536,0.6632653061224489,0.5629328654538739,0.6248226135038003,0.6535853181969901,0.5408163265306123
1,2.0,0.711340206185567,0.820196264640709,0.744882074778982,0.5461233729485002,0.711340206185567,0.5887132191480017,0.6685750376920256,0.6613192622318258,0.5876288659793815
2,3.0,0.6804123711340206,0.6362869198312237,0.657897255209013,0.4777134454553809,0.6804123711340206,0.5059678256357032,0.6432429733378273,0.6110070489273125,0.6391752577319587
3,4.0,0.6907216494845361,0.7133642930856553,0.6992914365963423,0.5302791461412151,0.6907216494845361,0.560293769248993,0.6594567662424256,0.6489933643039169,0.5979381443298969
4,5.0,0.6391752577319587,0.7836007130124777,0.6983075141959315,0.4346681096681096,0.6391752577319587,0.436227872917027,0.5736076410994423,0.5797900674538825,0.5773195876288659
