,fold,average_acc,macro_prec,weighted_prec,macro_recall,weighted_recall,macro_f1,weighted_f1,auc,baseline_likelihood
0,1.0,0.6632653061224489,0.71001221001221,0.6803468640203334,0.5224122807017544,0.6632653061224489,0.5572131572131572,0.6314066885495456,0.638001997350543,0.5816326530612245
1,2.0,0.711340206185567,0.791111111111111,0.7386941580756013,0.5598357963875205,0.711340206185567,0.5998588201770577,0.6845492216916462,0.6720119152877774,0.5979381443298969
2,3.0,0.6082474226804123,0.5443037974683544,0.5808430118752447,0.4898591475956156,0.6082474226804123,0.48841530337991407,0.5632531464935331,0.5970295206345967,0.6082474226804123
3,4.0,0.711340206185567,0.7924901185770751,0.7191842223218288,0.6646464646464646,0.711340206185567,0.7065493646138807,0.6987695377452611,0.7307607323232324,0.5670103092783505
4,5.0,0.6288659793814433,0.6038557213930348,0.6117800174385803,0.5354335659938376,0.6288659793814433,0.5584229390681004,0.6133022946458263,0.6436006213807571,0.5876288659793815
