,standard,sqrt.dist=T,add=T
batch,0.11112684302591393,0.06306389839214013,0.11112684302591219
False,,,
