,fold,average_acc,macro_prec,weighted_prec,macro_recall,weighted_recall,macro_f1,weighted_f1,auc,baseline_likelihood
0,1.0,0.6326530612244898,0.8651685393258427,0.7812428342123365,0.5240641711229946,0.6326530612244898,0.5273350630096368,0.546900765495227,0.628698752228164,0.5408163265306123
1,2.0,0.7628865979381443,0.8229003651538863,0.7682267718567996,0.7017838483355726,0.7628865979381443,0.7430093602729438,0.7499810265973275,0.761891552558719,0.5979381443298969
2,3.0,0.711340206185567,0.6304761904761905,0.7071575846833579,0.589021164021164,0.711340206185567,0.6045668267306924,0.7075059405205382,0.6976407051037494,0.6494845360824743
3,4.0,0.6804123711340206,0.6958396752917301,0.672692180953726,0.5734567901234567,0.6804123711340206,0.6121205792258424,0.6625261607627315,0.6666659681027497,0.6185567010309279
4,5.0,0.6804123711340206,0.7729468599033816,0.7065590915882265,0.579326923076923,0.6804123711340206,0.6204468931741659,0.6619995645300236,0.6839654558404558,0.5360824742268041
