,standard,sqrt.dist=T,add=T
batch,0.08818981240971689,0.05512816282987247,0.022825623506741784
False,,,
