,standard,sqrt.dist=T,add=T
batch,0.14185842604990082,0.08945111364576097,0.03636826682462779
False,,,
