,standard,sqrt.dist=T,add=T
batch,0.11112684302591394,0.06306389839214012,0.11112684302591215
False,,,
