,fold,average_acc,macro_prec,weighted_prec,macro_recall,weighted_recall,macro_f1,weighted_f1,auc,baseline_likelihood
0,1.0,0.6,0.6190476190476191,0.619047619047619,0.6000000000000001,0.6,0.5833333333333333,0.5833333333333333,0.6000000000000001,0.5
1,2.0,0.5,0.45238095238095233,0.47619047619047616,0.4583333333333333,0.5,0.4505494505494505,0.48351648351648346,0.45833333333333337,0.6
2,3.0,0.3,0.30000000000000004,0.32,0.29166666666666663,0.3,0.29292929292929293,0.30707070707070705,0.29166666666666663,0.6
3,4.0,0.6,0.6190476190476191,0.619047619047619,0.6000000000000001,0.6,0.5833333333333333,0.5833333333333333,0.6000000000000001,0.5
4,5.0,0.5,0.45238095238095233,0.47619047619047616,0.4583333333333333,0.5,0.4505494505494505,0.48351648351648346,0.45833333333333337,0.6
