,standard,sqrt.dist=T,add=T
batch,0.03652543684502475,0.03841606562087298,0.038003547658203636
gender,,,
