,fold,average_acc,macro_prec,weighted_prec,macro_recall,weighted_recall,macro_f1,weighted_f1,auc,baseline_likelihood
0,1.0,0.6066666666666667,0.6164587046939989,0.6160507031095267,0.604551920341394,0.6066666666666667,0.5954285714285714,0.5963276190476191,0.604551920341394,0.5066666666666667
1,2.0,0.5466666666666666,0.5221742543171115,0.5360177917320774,0.5207111436950147,0.5466666666666666,0.5189586870401812,0.5389700056593096,0.5207111436950147,0.5866666666666667
2,3.0,0.52,0.5453162356009563,0.5500630297761356,0.5373054213633923,0.52,0.5051319648093842,0.4982697947214076,0.5373054213633923,0.54
3,4.0,0.6466666666666666,0.672514619883041,0.6685380116959064,0.6266774020397209,0.6466666666666666,0.6117216117216118,0.6210402930402931,0.6266774020397208,0.54
4,5.0,0.5333333333333333,0.5466428995840761,0.5488611606258664,0.541986093777857,0.5333333333333333,0.5248868778280543,0.5215082956259427,0.541986093777857,0.5266666666666666
