,fold,average_acc,macro_prec,weighted_prec,macro_recall,weighted_recall,macro_f1,weighted_f1,auc,baseline_likelihood
0,1.0,0.5933333333333334,0.5973401245048104,0.5971175249952839,0.5917496443812233,0.5933333333333334,0.5867021997380188,0.5874002138006835,0.5917496443812233,0.5066666666666667
1,2.0,0.54,0.5088824623011774,0.5233298905184879,0.5078812316715543,0.54,0.5028579662808013,0.526411451078342,0.5078812316715543,0.5866666666666667
2,3.0,0.5066666666666667,0.5290154314279505,0.5332058248206911,0.5238862050456253,0.5066666666666667,0.4913856304985338,0.4843328445747801,0.5238862050456253,0.54
3,4.0,0.6333333333333333,0.6589756592292089,0.6552231237322516,0.6121846484165325,0.6333333333333333,0.5934158001084224,0.603607510719038,0.6121846484165324,0.54
4,5.0,0.5066666666666667,0.5148325358851674,0.5164657097288676,0.51381707969335,0.5066666666666667,0.5009890307498651,0.4981502127914644,0.51381707969335,0.5266666666666666
