,fold,average_acc,macro_prec,weighted_prec,macro_recall,weighted_recall,macro_f1,weighted_f1,auc,baseline_likelihood
0,1.0,1.0,1.0,1.0,1.0,1.0,1.0,1.0,1.0,0.5066666666666667
1,2.0,1.0,1.0,1.0,1.0,1.0,1.0,1.0,1.0,0.5266666666666666
2,3.0,1.0,1.0,1.0,1.0,1.0,1.0,1.0,1.0,0.5066666666666667
3,4.0,0.9866666666666667,0.9878048780487805,0.9869918699186992,0.9857142857142858,0.9866666666666667,0.9865807836822329,0.9866523528359278,0.9857142857142858,0.5333333333333333
4,5.0,0.9866666666666667,0.9863013698630136,0.9870319634703196,0.9873417721518987,0.9866666666666667,0.9866452991452992,0.9866737891737891,0.9873417721518987,0.5266666666666666
