,standard,sqrt.dist=T,add=T
batch,0.11700358184131422,0.08293085671569642,0.09526699315019316
gender,,,
