,fold,average_acc,macro_prec,weighted_prec,macro_recall,weighted_recall,macro_f1,weighted_f1,auc,baseline_likelihood
0,1.0,0.9866666666666667,0.9871794871794872,0.987008547008547,0.9864864864864865,0.9866666666666667,0.9866571784380003,0.9866619225523334,0.9864864864864865,0.5066666666666667
1,2.0,0.9866666666666667,0.9873417721518987,0.9870042194092826,0.9863013698630136,0.9866666666666667,0.9866452991452992,0.9866595441595443,0.9863013698630136,0.5133333333333333
2,3.0,0.9733333333333334,0.9735064011379801,0.9736794689426267,0.9735064011379801,0.9733333333333334,0.9733333333333333,0.9733333333333334,0.9735064011379801,0.5066666666666667
3,4.0,0.9066666666666666,0.910679265466215,0.9187044630653118,0.9142240604207876,0.9066666666666666,0.9066002490660026,0.9068659194686594,0.9142240604207876,0.5533333333333333
4,5.0,0.9533333333333334,0.954059829059829,0.9540598290598291,0.9533333333333334,0.9533333333333334,0.9533146591970122,0.9533146591970122,0.9533333333333334,0.5
