,PC_0_p,PC_1_p,PC_0_bc_distance,PC_1_bc_distance
0,0.39398440626567166,0.9872367501331817,0.0921313976702753,0.38392003267708164
