,PC_0_p,PC_1_p,PC_0_bc_distance,PC_1_bc_distance
0,0.5447788276177813,0.9035956125203342,0.7129239339986945,0.9762992971834186
