,standard,sqrt.dist=T,add=T
batch,0.00720907396474614,0.0064012974502592615,0.004724195386024749
gender,,,
