,standard,sqrt.dist=T,add=T
batch,0.0329595987625287,0.026968899841032266,0.018359856393570646
gender,,,
