,fold,average_acc,macro_prec,weighted_prec,macro_recall,weighted_recall,macro_f1,weighted_f1,auc,baseline_likelihood
0,1.0,0.9066666666666666,0.9089285714285714,0.9093809523809523,0.9071834992887624,0.9066666666666666,0.9066002490660026,0.9065670402656705,0.9071834992887624,0.5066666666666667
1,2.0,0.8466666666666667,0.8501515421643786,0.8562500742853748,0.8522238163558107,0.8466666666666667,0.8466053087901827,0.8468916455471077,0.8522238163558107,0.5466666666666666
2,3.0,0.84,0.8410357849307679,0.8405178924653839,0.838117311463719,0.84,0.8389694041867954,0.8396564680622651,0.838117311463719,0.5266666666666666
3,4.0,0.8666666666666667,0.870101986044015,0.8712470925031311,0.8679950186799502,0.8666666666666667,0.8665717843800036,0.8664769020933405,0.8679950186799503,0.5133333333333333
4,5.0,0.9266666666666666,0.9268162393162394,0.9267165242165243,0.9264365771215086,0.9266666666666666,0.9265850945494996,0.9266503522432333,0.9264365771215086,0.5133333333333333
