,fold,average_acc,macro_prec,weighted_prec,macro_recall,weighted_recall,macro_f1,weighted_f1,auc,baseline_likelihood
0,1,0.6896551724137931,0.698051948051948,0.6952530228392297,0.6495098039215687,0.6896551724137931,0.6477732793522267,0.66871422588301,0.6495098039215685,0.5862068965517241
1,2,0.6896551724137931,0.7444444444444445,0.7593869731800766,0.7115384615384616,0.6896551724137931,0.6836363636363637,0.6791222570532915,0.7115384615384616,0.5517241379310345
2,3,0.7142857142857143,0.8181818181818181,0.8181818181818181,0.7142857142857143,0.7142857142857143,0.6888888888888889,0.688888888888889,0.7142857142857143,0.5
3,4,0.6785714285714286,0.6625,0.6705357142857142,0.6390374331550802,0.6785714285714286,0.6415362731152204,0.6662263767526925,0.6390374331550802,0.6071428571428571
4,5,0.6428571428571429,0.6533333333333333,0.6504761904761905,0.5614973262032086,0.6428571428571429,0.523809523809524,0.5748299319727892,0.5614973262032086,0.6071428571428571
5,mean,0.6830049261083745,0.7153023088023087,0.718766743792606,0.6551737478208067,0.6830049261083745,0.6371288657604447,0.6555563361101345,0.6551737478208067,0.5704433497536946
