,standard,sqrt.dist=T,add=T
batch,0.03424591461664255,0.02308703806404255,0.007730885846394208
gender,,,
