,PC_0_p,PC_1_p,PC_0_bc_distance,PC_1_bc_distance
0,4.022612424220987e-10,7.106991792280248e-20,2.41824571452931e-27,3.7294009043959475e-16
