,PC_0_p,PC_1_p,PC_0_bc_distance,PC_1_bc_distance
0,6.946259413980131e-09,1.2762575071473522e-18,1.0544697164973688e-25,7.086554089008844e-20
