,standard,sqrt.dist=T,add=T
batch,0.03491192055305224,0.02358554798307789,0.007796583170309799
gender,,,
