,fold,average_acc,macro_prec,weighted_prec,macro_recall,weighted_recall,macro_f1,weighted_f1,auc,baseline_likelihood
0,1.0,0.5694444444444444,0.5810058374494835,0.5850271915381929,0.5777586206896551,0.5694444444444444,0.5673580151192092,0.5651324905056249,0.5777586206896552,0.5370370370370371
1,2.0,0.6111111111111112,0.6158730158730159,0.6164021164021165,0.6126929674099485,0.6111111111111112,0.6089655172413793,0.6084291187739462,0.6126929674099486,0.5092592592592593
2,3.0,0.6064814814814815,0.6069468267581475,0.6081101899498125,0.6071397886416359,0.6064814814814815,0.6064055566274358,0.6066586394742546,0.6071397886416359,0.5231481481481481
3,4.0,0.5648148148148148,0.5642170329670331,0.5648148148148148,0.5642170329670331,0.5648148148148148,0.5642170329670331,0.5648148148148148,0.564217032967033,0.5185185185185185
4,5.0,0.5601851851851852,0.5855676581483034,0.5883266226008161,0.5701950339376235,0.5601851851851852,0.5437465258476932,0.5397370967409878,0.5701950339376235,0.5231481481481481
