,PC_0_p,PC_1_p,PC_0_bc_distance,PC_1_bc_distance
0,9.197495125141793e-11,0.6320515846436259,8.260797231197156e-08,0.038654824183241475
