,PC_0_p,PC_1_p,PC_0_bc_distance,PC_1_bc_distance
0,1.1590504088666982e-12,0.5607938045428402,9.543963599815905e-10,0.006028986628943259
