,standard,sqrt.dist=T,add=T
batch,0.005541806045627643,0.006519805388710439,0.006270729535440155
False,,,
