,standard,sqrt.dist=T,add=T
batch,0.0060135080843311635,0.006660681223450801,0.006013508084331172
False,,,
