,fold,average_acc,macro_prec,weighted_prec,macro_recall,weighted_recall,macro_f1,weighted_f1,auc,baseline_likelihood
0,1.0,0.6551724137931034,0.6370192307692308,0.7035809018567639,0.6583333333333333,0.6551724137931034,0.6338383838383839,0.6673632880529433,0.6583333333333334,0.6896551724137931
1,2.0,0.4827586206896552,0.25,0.25862068965517243,0.4666666666666667,0.4827586206896552,0.32558139534883723,0.33680834001603854,0.4666666666666667,0.5172413793103449
2,3.0,0.5357142857142857,0.44666666666666666,0.4628571428571429,0.4791666666666667,0.5357142857142857,0.408130081300813,0.44738675958188157,0.47916666666666663,0.5714285714285714
3,4.0,0.5357142857142857,0.5608695652173913,0.5608695652173913,0.5357142857142857,0.5357142857142857,0.48221906116642954,0.48221906116642954,0.5357142857142857,0.5
4,5.0,0.4642857142857143,0.23214285714285715,0.21556122448979592,0.5,0.4642857142857143,0.3170731707317073,0.29442508710801396,0.5,0.5357142857142857
