,PC_0_p,PC_1_p,PC_0_bc_distance,PC_1_bc_distance
0,0.523736401715305,0.44665573857633944,0.6492724838418678,0.8424032368846595
