,standard,sqrt.dist=T,add=T
batch,0.0064393851588485885,0.0067133083199557965,0.006746308100781618
False,,,
