,PC_0_p,PC_1_p,PC_0_bc_distance,PC_1_bc_distance
0,0.6771195310691265,0.5100503595858102,0.33169459108099103,0.9830969091400727
