,PC_0_p,PC_1_p,PC_0_bc_distance,PC_1_bc_distance
0,0.7417413180659473,0.06673960801008166,0.7938812545383551,0.39504659271849807
