,standard,sqrt.dist=T,add=T
batch,0.005192438131988328,0.00589883053855355,0.005974195584722584
False,,,
