,standard,sqrt.dist=T,add=T
batch,0.003629818846849388,0.003787067017154196,0.004018594307879132
False,,,
