,PC_0_p,PC_1_p,PC_0_bc_distance,PC_1_bc_distance
0,0.731649530633319,0.45206358222963494,0.846356749905798,0.3816816751365439
