,PC_0_p,PC_1_p,PC_0_bc_distance,PC_1_bc_distance
0,0.5610095543151892,0.7647709254301767,0.5583008794146593,0.48219356860927354
