,standard,sqrt.dist=T,add=T
batch,0.0026658669482375126,0.0033405461224197876,0.0038134327307119582
False,,,
