,fold,average_acc,macro_prec,weighted_prec,macro_recall,weighted_recall,macro_f1,weighted_f1,auc,baseline_likelihood
0,1.0,0.37755102040816324,0.17844202898550726,0.2631617864537119,0.24496904024767802,0.37755102040816324,0.1596153846153846,0.24348508634222918,0.495922020123839,0.3877551020408163
1,2.0,0.41237113402061853,0.23097826086956522,0.2711788435679068,0.24684873949579833,0.41237113402061853,0.1718381775333857,0.2704869575076328,0.49572550611153554,0.4329896907216495
2,3.0,0.4020618556701031,0.10263157894736842,0.16928920238741185,0.24375,0.4020618556701031,0.14444444444444443,0.23825887743413512,0.4953915118679051,0.41237113402061853
3,4.0,0.4020618556701031,0.10483870967741936,0.17292983039574325,0.24375,0.4020618556701031,0.14661654135338348,0.24184171769630267,0.4972039473684211,0.41237113402061853
4,5.0,0.38144329896907214,0.09536082474226804,0.14549899032840896,0.25,0.38144329896907214,0.1380597014925373,0.21064779196799505,0.5,0.38144329896907214
