,fold,average_acc,macro_prec,weighted_prec,macro_recall,weighted_recall,macro_f1,weighted_f1,auc,baseline_likelihood
0,1.0,0.40816326530612246,0.18958904109589042,0.2902991333519709,0.2527131782945736,0.40816326530612246,0.21065830721003134,0.3311368434521144,0.5019247709654686,0.4387755102040816
1,2.0,0.38144329896907214,0.16194852941176469,0.21313674954517886,0.2664512338425382,0.38144329896907214,0.191025641025641,0.26259582342056564,0.5133494907951429,0.38144329896907214
2,3.0,0.4536082474226804,0.21805555555555556,0.3191867124856816,0.29352396972245587,0.4536082474226804,0.24303507046869877,0.365085640334249,0.5343670268780346,0.422680412371134
3,4.0,0.4639175257731959,0.21694862155388472,0.3118169134175645,0.299683830171635,0.4639175257731959,0.24145299145299148,0.36011983434663847,0.5395740579429604,0.422680412371134
4,5.0,0.3917525773195876,0.20122549019607844,0.2947240751970891,0.2704365079365079,0.3917525773195876,0.18958333333333335,0.2757731958762887,0.5160352819957525,0.3711340206185567
