,standard,sqrt.dist=T,add=T
batch,0.004129264119022771,0.0039504924946666044,0.004129264119022773
False,,,
