,standard,sqrt.dist=T,add=T
batch,0.0038382682240004993,0.003973276254155525,0.0038382682240005062
False,,,
