,standard,sqrt.dist=T,add=T
batch,0.004442034339940241,0.005257221799633728,0.005719586361864529
False,,,
