,fold,average_acc,macro_prec,weighted_prec,macro_recall,weighted_recall,macro_f1,weighted_f1,auc,baseline_likelihood
0,1.0,0.3469387755102041,0.08673469387755102,0.12036651395251978,0.25,0.3469387755102041,0.12878787878787878,0.17872603586889302,0.5,0.35714285714285715
1,2.0,0.4329896907216495,0.10824742268041238,0.18748007227122968,0.25,0.4329896907216495,0.1510791366906475,0.26166283468070906,0.5,0.4329896907216495
2,3.0,0.41237113402061853,0.10309278350515463,0.17004995217345092,0.25,0.41237113402061853,0.14598540145985403,0.2408006622018211,0.5,0.41237113402061853
3,4.0,0.35051546391752575,0.09883720930232558,0.17525773195876287,0.19767441860465115,0.35051546391752575,0.1317829457364341,0.23367697594501716,0.45988575785087416,0.44329896907216493
4,5.0,0.3917525773195876,0.19782608695652176,0.24813984760197225,0.2585812356979405,0.3917525773195876,0.17417582417582417,0.2508440013594652,0.5055789824847925,0.3917525773195876
