,standard,sqrt.dist=T,add=T
batch,0.00417705670121311,0.003766539998410196,0.0041379685470460574
False,,,
