,standard,sqrt.dist=T,add=T
batch,0.004416095340799244,0.005202291742390217,0.005808963572946807
False,,,
