,fold,average_acc,macro_prec,weighted_prec,macro_recall,weighted_recall,macro_f1,weighted_f1,auc,baseline_likelihood
0,1.0,0.3673469387755102,0.09183673469387756,0.13494377342773844,0.25,0.3673469387755102,0.13432835820895522,0.1973804447151995,0.5,0.3673469387755102
1,2.0,0.4536082474226804,0.17809139784946237,0.27932047444850905,0.25357744107744107,0.4536082474226804,0.1730633388274076,0.30270488082551905,0.5035070493796909,0.4536082474226804
2,3.0,0.36082474226804123,0.09020618556701031,0.1301944946327984,0.25,0.36082474226804123,0.13257575757575757,0.19134645423305216,0.5,0.36082474226804123
3,4.0,0.44329896907216493,0.16781609195402297,0.2868112335584785,0.2327724358974359,0.44329896907216493,0.17962962962962964,0.33035509736540664,0.4849547721309542,0.4948453608247423
4,5.0,0.35051546391752575,0.08762886597938144,0.1228610904453183,0.25,0.35051546391752575,0.1297709923664122,0.1819469583694027,0.5,0.36082474226804123
