,standard,sqrt.dist=T,add=T
batch,0.0037662777405954415,0.003910227020664921,0.0037662777405954428
False,,,
