,PC_0_p,PC_1_p,PC_0_bc_distance,PC_1_bc_distance
0,0.4520908865622678,0.5238301346921743,0.43593883740889994,0.8361788767767778
