,standard,sqrt.dist=T,add=T
batch,0.005224230864311447,0.00574620462353881,0.005980962153796473
False,,,
