,standard,sqrt.dist=T,add=T
batch,0.002571299257729068,0.003341755235703773,0.0025712992577290954
False,,,
