,fold,average_acc,macro_prec,weighted_prec,macro_recall,weighted_recall,macro_f1,weighted_f1,auc,baseline_likelihood
0,1.0,0.40816326530612246,0.2265625,0.31887755102040816,0.2520833333333333,0.40816326530612246,0.15900735294117646,0.25322629051620643,0.5013586037863421,0.40816326530612246
1,2.0,0.3711340206185567,0.09278350515463918,0.13774046126049527,0.25,0.3711340206185567,0.13533834586466165,0.2009146577784668,0.5,0.3711340206185567
2,3.0,0.38144329896907214,0.09536082474226804,0.14549899032840896,0.25,0.38144329896907214,0.1380597014925373,0.21064779196799505,0.5,0.38144329896907214
3,4.0,0.4329896907216495,0.19613821138211382,0.2928086497359819,0.2614125753660637,0.4329896907216495,0.2075238095238095,0.32870692194403534,0.5086824781592223,0.44329896907216493
4,5.0,0.41237113402061853,0.10416666666666667,0.17611683848797252,0.24390243902439024,0.41237113402061853,0.145985401459854,0.24682067875686656,0.49516550522648084,0.422680412371134
