,fold,average_acc,macro_prec,weighted_prec,macro_recall,weighted_recall,macro_f1,weighted_f1,auc,baseline_likelihood
0,1.0,0.41836734693877553,0.22872340425531915,0.31643508467216674,0.2556620209059233,0.41836734693877553,0.17569444444444446,0.277437641723356,0.5036455467938138,0.41836734693877553
1,2.0,0.4020618556701031,0.11079545454545454,0.20103092783505155,0.2215909090909091,0.4020618556701031,0.14772727272727273,0.26804123711340205,0.47868529916254665,0.4536082474226804
2,3.0,0.38144329896907214,0.1592741935483871,0.22638842700365813,0.24546279491833028,0.38144329896907214,0.15255609530418687,0.23343373134826662,0.49645397971240546,0.3917525773195876
3,4.0,0.36082474226804123,0.09114583333333333,0.13530927835051546,0.24305555555555555,0.36082474226804123,0.13257575757575757,0.19681349578256793,0.49468954248366015,0.3711340206185567
4,5.0,0.3917525773195876,0.0979381443298969,0.15347008183653948,0.25,0.3917525773195876,0.14074074074074075,0.22054219167621228,0.5,0.3917525773195876
