,fold,average_acc,macro_prec,weighted_prec,macro_recall,weighted_recall,macro_f1,weighted_f1,auc,baseline_likelihood
0,1.0,0.3469387755102041,0.1704119850187266,0.24329282274707636,0.24877450980392157,0.3469387755102041,0.15934959349593494,0.22385929981748798,0.49900923070841235,0.3673469387755102
1,2.0,0.4742268041237113,0.19212962962962962,0.3182512409316533,0.2618657937806874,0.4742268041237113,0.21168154761904762,0.3690322778595974,0.5123061363269634,0.4845360824742268
2,3.0,0.35051546391752575,0.17124542124542125,0.21947811638533288,0.25315126050420167,0.35051546391752575,0.15741176470588236,0.21342389326864766,0.5022657613770145,0.35051546391752575
3,4.0,0.422680412371134,0.11388888888888889,0.20664375715922106,0.23295454545454544,0.422680412371134,0.15298507462686567,0.277581166333282,0.48875845721364586,0.4536082474226804
4,5.0,0.3917525773195876,0.18223443223443223,0.25807182508213433,0.2535087719298246,0.3917525773195876,0.167312661498708,0.2530168624630384,0.5027662756689346,0.3917525773195876
