,standard,sqrt.dist=T,add=T
batch,0.0032866580437700883,0.003616442116499503,0.003945558078910563
False,,,
