,standard,sqrt.dist=T,add=T
batch,0.003056661937184164,0.00353616935129273,0.0030566619371841853
False,,,
