,standard,sqrt.dist=T,add=T
batch,0.00186060577115314,0.0028991901872788095,0.003642045908029174
False,,,
