,standard,sqrt.dist=T,add=T
batch,0.0033565232838451767,0.004662441078327811,0.005583450790991604
False,,,
