,fold,average_acc,macro_prec,weighted_prec,macro_recall,weighted_recall,macro_f1,weighted_f1,auc,baseline_likelihood
0,1.0,0.4489795918367347,0.19649122807017544,0.2950590762620838,0.25357744107744107,0.4489795918367347,0.17134292565947243,0.2961532814564675,0.5028972234077869,0.4489795918367347
1,2.0,0.38144329896907214,0.09635416666666667,0.14701460481099657,0.25,0.38144329896907214,0.13909774436090225,0.21223160995271684,0.500297619047619,0.38144329896907214
2,3.0,0.29896907216494845,0.07474226804123711,0.08938250611117016,0.25,0.29896907216494845,0.11507936507936507,0.13762068401243657,0.5,0.4020618556701031
3,4.0,0.5051546391752577,0.2513157894736842,0.38925664677156807,0.2545133437990581,0.5051546391752577,0.1845238095238095,0.35591556210112907,0.503100275185914,0.5051546391752577
4,5.0,0.36082474226804123,0.09408602150537634,0.14743376565790933,0.23026315789473684,0.36082474226804123,0.13358778625954199,0.20933343826237508,0.48520796949403827,0.3917525773195876
