,PC_0_p,PC_1_p,PC_0_bc_distance,PC_1_bc_distance
0,0.6433664451835279,0.611135415933072,0.9608997773703115,0.37575081782012315
