,PC_0_p,PC_1_p,PC_0_bc_distance,PC_1_bc_distance
0,2.3782384887084074e-07,0.029076055427113272,1.2846683584066606e-08,2.802602676942137e-05
