,fold,average_acc,macro_prec,weighted_prec,macro_recall,weighted_recall,macro_f1,weighted_f1,auc,baseline_likelihood
0,1.0,0.5533333333333333,0.594017094017094,0.596923076923077,0.5646367521367521,0.5533333333333333,0.520949520949521,0.5159673959673959,0.5646367521367521,0.52
1,2.0,0.5,0.5,0.5,0.5,0.5,0.4972965726797445,0.4972965726797444,0.5,0.5
2,3.0,0.54,0.5463773514620973,0.5475731048612404,0.5443376068376069,0.54,0.5365187407639604,0.5349120057319422,0.5443376068376069,0.52
3,4.0,0.5266666666666666,0.5278124442859691,0.5286717775004458,0.5277777777777778,0.5266666666666666,0.5266456286946086,0.5265194008622606,0.5277777777777778,0.52
4,5.0,0.5533333333333333,0.5573680351906158,0.5579887585532746,0.5556840419854119,0.5533333333333333,0.5509182715939049,0.550040067325022,0.5556840419854119,0.5133333333333333
