,PC_0_p,PC_1_p,PC_0_bc_distance,PC_1_bc_distance
0,0.1899118424787515,0.4957822138549606,0.595165740706856,0.4123083576900168
