,fold,average_acc,macro_prec,weighted_prec,macro_recall,weighted_recall,macro_f1,weighted_f1,auc,baseline_likelihood
0,1.0,0.5370370370370371,0.5396825396825398,0.5399764844209288,0.5385934819897084,0.5370370370370371,0.5344827586206897,0.5338441890166028,0.5385934819897085,0.5092592592592593
1,2.0,0.5138888888888888,0.5209287115761936,0.5218370757939104,0.5192307692307692,0.5138888888888888,0.5061728395061729,0.5038866026520348,0.5192307692307692,0.5185185185185185
2,3.0,0.4722222222222222,0.47298747763864046,0.4730570463128603,0.47409948542024016,0.4722222222222222,0.4676582497405742,0.4667454552442446,0.47409948542024016,0.5092592592592593
3,4.0,0.5231481481481481,0.522292158405455,0.5224062903711475,0.5218696397941681,0.5231481481481481,0.5201759872322989,0.5208753192124986,0.521869639794168,0.5092592592592593
4,5.0,0.5092592592592593,0.5092592592592593,0.5099451303155007,0.509271978021978,0.5092592592592593,0.509090909090909,0.5094276094276095,0.509271978021978,0.5185185185185185
