,fold,average_acc,macro_prec,weighted_prec,macro_recall,weighted_recall,macro_f1,weighted_f1,auc,baseline_likelihood
0,1.0,0.6,0.5821759259259259,0.5932098765432099,0.5780791788856305,0.6,0.578335832083958,0.5949025487256372,0.5780791788856305,0.5866666666666667
1,2.0,0.4666666666666667,0.4278880650562067,0.43401100215259514,0.44605475040257647,0.4666666666666667,0.416455942423653,0.4301497763081113,0.44605475040257647,0.54
2,3.0,0.5333333333333333,0.5630232001913418,0.5661484493342901,0.5469780709573899,0.5333333333333333,0.5080584707646177,0.5021114442778611,0.5469780709573899,0.5266666666666666
3,4.0,0.54,0.5641534391534392,0.5670811287477955,0.5518809056872882,0.54,0.5221386028902535,0.5172113209289441,0.5518809056872882,0.5266666666666666
4,5.0,0.5333333333333333,0.5236335343318421,0.5262789340595215,0.5217391304347826,0.5333333333333333,0.5164855406152146,0.523706023208694,0.5217391304347826,0.54
