,standard,sqrt.dist=T,add=T
batch,0.04332249178611448,0.03368575032281348,0.03686793245259725
gender,,,
