,standard,sqrt.dist=T,add=T
batch,0.11397348055867529,0.08125523210464938,0.09336640970706414
gender,,,
