,PC_0_p,PC_1_p,PC_0_bc_distance,PC_1_bc_distance
0,0.028730272488745687,0.9087490690993503,0.04307351125657718,0.7048262774013256
