,fold,average_acc,macro_prec,weighted_prec,macro_recall,weighted_recall,macro_f1,weighted_f1,auc,baseline_likelihood
0,1.0,0.56,0.5923402255639099,0.5949624060150376,0.5699786324786325,0.56,0.5361694152923538,0.5319640179910046,0.5699786324786325,0.52
1,2.0,0.5266666666666666,0.5266714082503556,0.5266714082503555,0.5266666666666666,0.5266666666666666,0.5266456286946086,0.5266456286946086,0.5266666666666666,0.5
2,3.0,0.54,0.5516934046345812,0.5531550802139037,0.546474358974359,0.54,0.5308037535699714,0.5281762545899632,0.546474358974359,0.52
3,4.0,0.5,0.5038681156750783,0.5046969976054522,0.5037393162393162,0.5,0.49729657267974436,0.495821975959605,0.5037393162393162,0.52
4,5.0,0.5466666666666666,0.5500821018062397,0.5506513409961686,0.5488347269169187,0.5466666666666666,0.5446428571428572,0.5438333333333334,0.5488347269169187,0.5133333333333333
