,standard,sqrt.dist=T,add=T
batch,0.008925435906732506,0.006070657112980849,0.0012318743964262675
gender,,,
