,standard,sqrt.dist=T,add=T
batch,0.03295827542924442,0.020279269569852168,0.03295827542924083
gender,,,
