,standard,sqrt.dist=T,add=T
batch,0.05146229425037571,0.027586883236488523,0.005216557620301929
gender,,,
