,PC_0_p,PC_1_p,PC_0_bc_distance,PC_1_bc_distance
0,1.2852071775808623e-23,0.0042258672800396515,1.312351092506691e-48,0.0005886783487159347
