,fold,average_acc,macro_prec,weighted_prec,macro_recall,weighted_recall,macro_f1,weighted_f1,auc,baseline_likelihood
0,1.0,0.776566757493188,0.8867403314917127,0.8271787074532945,0.5287356321839081,0.776566757493188,0.4904848977380469,0.6912623484025641,0.5287356321839081,0.7629427792915532
1,2.0,0.7247956403269755,0.36239782016348776,0.5253287202369905,0.5,0.7247956403269755,0.42022116903633494,0.6091489425812812,0.5,0.7247956403269755
2,3.0,0.7411444141689373,0.8680555555555556,0.8094535270965789,0.5343137254901961,0.7411444141689373,0.4882201834862386,0.6480133989950755,0.5343137254901961,0.7220708446866485
3,4.0,0.7356948228882834,0.8674863387978142,0.805742916275815,0.5051020408163265,0.7356948228882834,0.43372305734510463,0.6263990719267598,0.5051020408163265,0.7329700272479565
4,5.0,0.7704918032786885,0.8846153846153846,0.8234552332912988,0.5116279069767442,0.7704918032786885,0.4575098814229249,0.6759217261711917,0.5116279069767442,0.7650273224043715
