,fold,average_acc,macro_prec,weighted_prec,macro_recall,weighted_recall,macro_f1,weighted_f1,auc,baseline_likelihood
0,1.0,0.5517241379310345,0.4916666666666667,0.5074712643678162,0.49509803921568624,0.5517241379310345,0.45911047345767575,0.49769950032157523,0.4950980392156863,0.5862068965517241
1,2.0,0.4827586206896552,0.7321428571428572,0.7598522167487685,0.53125,0.4827586206896552,0.37589670014347204,0.34918122000692625,0.53125,0.5517241379310345
2,3.0,0.4642857142857143,0.4066666666666666,0.4066666666666667,0.46428571428571425,0.4642857142857143,0.3665158371040724,0.3665158371040724,0.4642857142857143,0.5
3,4.0,0.4642857142857143,0.4277777777777778,0.45515873015873015,0.4304812834224599,0.4642857142857143,0.4285714285714286,0.45918367346938777,0.43048128342245995,0.6071428571428571
4,5.0,0.6785714285714286,0.6625,0.6705357142857142,0.6390374331550802,0.6785714285714286,0.6415362731152204,0.6662263767526925,0.6390374331550802,0.6071428571428571
