,fold,average_acc,macro_prec,weighted_prec,macro_recall,weighted_recall,macro_f1,weighted_f1,auc,baseline_likelihood
0,1.0,0.4482758620689655,0.3869047619047619,0.41050903119868637,0.4068627450980392,0.4482758620689655,0.3894736842105263,0.42214156079854814,0.4068627450980392,0.5862068965517241
1,2.0,0.4482758620689655,0.22413793103448276,0.20095124851367419,0.5,0.4482758620689655,0.30952380952380953,0.277504105090312,0.5,0.5517241379310345
2,3.0,0.4642857142857143,0.4391304347826087,0.4391304347826087,0.4642857142857143,0.4642857142857143,0.40256045519203415,0.40256045519203415,0.4642857142857143,0.5
3,4.0,0.4642857142857143,0.4,0.4321428571428572,0.4144385026737968,0.4642857142857143,0.40256045519203415,0.4437106279211543,0.4144385026737968,0.6071428571428571
4,5.0,0.5357142857142857,0.4875,0.5116071428571428,0.4893048128342246,0.5357142857142857,0.48221906116642954,0.5178825441983336,0.4893048128342246,0.6071428571428571
