,fold,average_acc,macro_prec,weighted_prec,macro_recall,weighted_recall,macro_f1,weighted_f1,auc,baseline_likelihood
0,1.0,0.4827586206896552,0.37083333333333335,0.40028735632183904,0.42401960784313725,0.4827586206896552,0.37589670014347204,0.4204225003710484,0.4240196078431372,0.5862068965517241
1,2.0,0.4827586206896552,0.7321428571428572,0.7598522167487685,0.53125,0.4827586206896552,0.37589670014347204,0.34918122000692625,0.53125,0.5517241379310345
2,3.0,0.5,0.5,0.5,0.5,0.5,0.4269005847953216,0.4269005847953216,0.5,0.5
3,4.0,0.5714285714285714,0.5238095238095238,0.5442176870748299,0.5187165775401069,0.5714285714285714,0.5087719298245614,0.5463659147869674,0.5187165775401069,0.6071428571428571
4,5.0,0.42857142857142855,0.40106951871657753,0.42857142857142855,0.40106951871657753,0.42857142857142855,0.40106951871657753,0.42857142857142855,0.40106951871657753,0.6071428571428571
