,fold,average_acc,macro_prec,weighted_prec,macro_recall,weighted_recall,macro_f1,weighted_f1,auc,baseline_likelihood
0,1.0,0.5733333333333334,0.5791733762748256,0.5889067811773127,0.5800904977375565,0.5733333333333334,0.5730297100160113,0.5745478266026212,0.5800904977375565,0.5666666666666667
1,2.0,0.5866666666666667,0.6037583350171751,0.6050730787364451,0.5913538516278243,0.5866666666666667,0.5758073344280241,0.5739974457215837,0.5913538516278243,0.5133333333333333
2,3.0,0.5466666666666666,0.5446947674418605,0.5452325581395349,0.5438034188034189,0.5466666666666666,0.5426829268292682,0.5443902439024391,0.5438034188034189,0.52
3,4.0,0.5533333333333333,0.5808946488294314,0.5865969899665551,0.5692431561996779,0.5533333333333333,0.542578853943835,0.5369678212188794,0.5692431561996778,0.54
4,5.0,0.5133333333333333,0.5293739279588336,0.5314436821040595,0.5244250311998574,0.5133333333333333,0.4970373432547885,0.4922089017500344,0.5244250311998574,0.5266666666666666
