,standard,sqrt.dist=T,add=T
batch,0.044454752786740555,0.06429520251855134,0.006447205654186788
False,,,
