,standard,sqrt.dist=T,add=T
batch,0.06585234479448823,0.05924778712592984,0.00767993314099833
False,,,
