,fold,average_acc,macro_prec,weighted_prec,macro_recall,weighted_recall,macro_f1,weighted_f1,auc,baseline_likelihood
0,1.0,0.5306122448979592,0.5231085786641342,0.5293234102757912,0.41564664968920284,0.5306122448979592,0.39136574074074076,0.45968608276643996,0.5632786217174489,0.47959183673469385
1,2.0,0.7216494845360825,0.7915214866434379,0.724487230144761,0.47863247863247865,0.7216494845360825,0.5173469387755102,0.6853145381864085,0.6129958167810282,0.6701030927835051
2,3.0,0.5670103092783505,0.33216127519924993,0.46253280554468085,0.37156511350059734,0.5670103092783505,0.33583959899749366,0.493140066661499,0.5378497402128309,0.5567010309278351
3,4.0,0.7422680412371134,0.7409638554216867,0.7638802633213265,0.5223132969034608,0.7422680412371134,0.5571895424836601,0.7005255710531636,0.650753598342798,0.6288659793814433
4,5.0,0.6701030927835051,0.650070323488045,0.6583757449214842,0.4768019174798836,0.6701030927835051,0.49896480331262943,0.6277133892552987,0.6125281371510859,0.6082474226804123
