,PC_0_p,PC_1_p,PC_0_bc_distance,PC_1_bc_distance
0,0.5939111396216838,0.4614029645802301,0.18023151129780962,0.9059052765534099
