,fold,average_acc,macro_prec,weighted_prec,macro_recall,weighted_recall,macro_f1,weighted_f1,auc,baseline_likelihood
0,1.0,0.7258064516129032,0.3629032258064516,0.5267950052029137,0.5,0.7258064516129032,0.4205607476635514,0.6104914078987036,0.5,0.7258064516129032
1,2.0,0.7096774193548387,0.3548387096774194,0.5036420395421436,0.5,0.7096774193548387,0.41509433962264153,0.5891661594643944,0.5,0.7096774193548387
2,3.0,0.7704918032786885,0.38524590163934425,0.5936576189196452,0.5,0.7704918032786885,0.4351851851851852,0.6706132361870066,0.5,0.7704918032786885
3,4.0,0.8852459016393442,0.4426229508196721,0.7836603063692557,0.5,0.8852459016393442,0.4695652173913043,0.8313613684960798,0.5,0.8852459016393442
4,5.0,0.7540983606557377,0.3770491803278688,0.568664337543671,0.5,0.7540983606557377,0.42990654205607476,0.6483836371993259,0.5,0.7540983606557377
