,PC_0_p,PC_1_p,PC_0_bc_distance,PC_1_bc_distance
0,0.0480304076586363,0.9516352106220263,0.22756702962963393,0.7139420130439649
