,PC_0_p,PC_1_p,PC_0_bc_distance,PC_1_bc_distance
0,0.2365560660340729,0.25980007302477903,0.5621362626779289,0.44052201756356146
