,standard,sqrt.dist=T,add=T
batch,0.011277024653053821,0.01052843577218596,0.010276764206606958
gender,,,
