,standard,sqrt.dist=T,add=T
batch,0.011513590932689336,0.01110624942867083,0.010352698216183356
gender,,,
