,standard,sqrt.dist=T,add=T
batch,0.011235830785311,0.010420744310588063,0.010263541630876841
gender,,,
