,standard,sqrt.dist=T,add=T
batch,0.0036171017028996354,0.0034705939636052187,0.003380038336805576
gender,,,
