,standard,sqrt.dist=T,add=T
batch,0.007490041108113636,0.008491245484603088,0.009061202778282488
gender,,,
