,PC_0_p,PC_1_p,PC_0_bc_distance,PC_1_bc_distance
0,0.968332076261493,0.880911829438735,0.4427051521825959,0.781275167689937
