,PC_0_p,PC_1_p,PC_0_bc_distance,PC_1_bc_distance
0,1.6800541078178094e-12,5.760621398125106e-43,2.5777799427259746e-26,6.652877559947631e-47
