,fold,average_acc,macro_prec,weighted_prec,macro_recall,weighted_recall,macro_f1,weighted_f1,auc,baseline_likelihood
0,1.0,0.9266666666666666,0.9282403280442146,0.9286337433886016,0.9270981507823612,0.9266666666666666,0.9266373215953048,0.926617758214397,0.9270981507823614,0.5066666666666667
1,2.0,0.9733333333333334,0.9730989956958394,0.9733333333333334,0.9730989956958394,0.9733333333333334,0.9730989956958394,0.9733333333333334,0.9730989956958394,0.5466666666666666
2,3.0,0.9733333333333334,0.9732572651096452,0.9733333333333334,0.9732572651096452,0.9733333333333334,0.9732572651096452,0.9733333333333334,0.9732572651096452,0.5266666666666666
3,4.0,0.98,0.9799075391180654,0.9800924608819346,0.9801636719444938,0.98,0.9799919967987195,0.9800026677337602,0.9801636719444938,0.5133333333333333
4,5.0,0.9533333333333334,0.953525641025641,0.9533974358974359,0.9531222202455079,0.9533333333333334,0.953281423804227,0.9533229514275121,0.953122220245508,0.5133333333333333
