,fold,average_acc,macro_prec,weighted_prec,macro_recall,weighted_recall,macro_f1,weighted_f1,auc,baseline_likelihood
0,1.0,0.96,0.9634146341463414,0.9629268292682926,0.9594594594594594,0.96,0.959885897664468,0.959914423248351,0.9594594594594594,0.5066666666666667
1,2.0,0.96,0.96,0.9632000000000002,0.962962962962963,0.96,0.9599358974358974,0.9600641025641024,0.962962962962963,0.54
2,3.0,0.96,0.9596372688477952,0.9614509246088194,0.9616071428571429,0.96,0.9599358974358974,0.960042735042735,0.9616071428571429,0.5333333333333333
3,4.0,0.9866666666666667,0.9875,0.9870000000000001,0.9861111111111112,0.9866666666666667,0.9866286325548226,0.9866571581387056,0.9861111111111112,0.52
4,5.0,0.9666666666666667,0.9675324675324675,0.9688311688311688,0.967948717948718,0.9666666666666667,0.9666651851193386,0.9666740744033068,0.967948717948718,0.52
