,PC_0_p,PC_1_p,PC_0_bc_distance,PC_1_bc_distance
0,0.42512186802359353,0.3691217148302479,0.08780103303081566,0.990883202506132
