,standard,sqrt.dist=T,add=T
batch,0.00709395035951287,0.007202640991804749,0.0070939503595128664
False,,,
