,standard,sqrt.dist=T,add=T
batch,0.008256754681427406,0.007610336365493304,0.008256754681427394
False,,,
