,standard,sqrt.dist=T,add=T
batch,0.017872363683056645,0.014539983350778147,0.012281201873531562
False,,,
