,fold,average_acc,macro_prec,weighted_prec,macro_recall,weighted_recall,macro_f1,weighted_f1,auc,baseline_likelihood
0,1.0,0.5517241379310345,0.4583333333333333,0.5373563218390804,0.4611111111111111,0.5517241379310345,0.45911047345767575,0.5440063325582545,0.46111111111111114,0.6896551724137931
1,2.0,0.5517241379310345,0.5942028985507246,0.5967016491754124,0.5619047619047619,0.5517241379310345,0.5148005148005147,0.5101850619091998,0.5619047619047619,0.5172413793103449
2,3.0,0.5714285714285714,0.5384615384615384,0.5439560439560439,0.5104166666666666,0.5714285714285714,0.4285714285714286,0.4693877551020408,0.5104166666666667,0.5714285714285714
3,4.0,0.5714285714285714,0.5826086956521739,0.5813664596273291,0.5487179487179488,0.5714285714285714,0.5087719298245614,0.5213032581453635,0.5487179487179488,0.5357142857142857
4,5.0,0.5,0.5733333333333333,0.5800000000000001,0.5282051282051282,0.5,0.4269005847953216,0.41228070175438586,0.5282051282051282,0.5357142857142857
