,PC_0_p,PC_1_p,PC_0_bc_distance,PC_1_bc_distance
0,0.7542160854601098,0.7611706838313352,0.37647601100957495,0.23922529810443763
