,PC_0_p,PC_1_p,PC_0_bc_distance,PC_1_bc_distance
0,0.5786717338955812,0.8783079327177344,0.8963594266671648,0.30055812175816754
