,fold,average_acc,macro_prec,weighted_prec,macro_recall,weighted_recall,macro_f1,weighted_f1,auc,baseline_likelihood
0,1.0,0.4827586206896552,0.25,0.25862068965517243,0.4666666666666667,0.4827586206896552,0.32558139534883723,0.33680834001603854,0.4666666666666667,0.5172413793103449
1,2.0,0.5172413793103449,0.46578947368421053,0.5172413793103449,0.46578947368421053,0.5172413793103449,0.46578947368421053,0.5172413793103449,0.46578947368421053,0.6551724137931034
2,3.0,0.5,0.5,0.5,0.5,0.5,0.4555555555555556,0.4555555555555556,0.5,0.5
3,4.0,0.35714285714285715,0.2,0.18571428571428572,0.38461538461538464,0.35714285714285715,0.2631578947368421,0.24436090225563908,0.3846153846153846,0.5357142857142857
4,5.0,0.5,0.47593582887700536,0.5,0.47593582887700536,0.5,0.47593582887700536,0.5,0.47593582887700536,0.6071428571428571
