,standard,sqrt.dist=T,add=T
batch,0.007081478603080031,0.00744622776141933,0.00708147860308003
False,,,
