,fold,average_acc,macro_prec,weighted_prec,macro_recall,weighted_recall,macro_f1,weighted_f1,auc,baseline_likelihood
0,1.0,0.4827586206896552,0.5291666666666667,0.5364942528735632,0.5168269230769231,0.4827586206896552,0.4401544401544401,0.42417787245373445,0.5168269230769231,0.5517241379310345
1,2.0,0.5517241379310345,0.6025641025641025,0.6003536693191865,0.5380952380952381,0.5517241379310345,0.45911047345767575,0.4668282788304556,0.5380952380952381,0.5172413793103449
2,3.0,0.5,0.4625,0.47500000000000003,0.46875,0.5,0.4555555555555556,0.4777777777777778,0.46875,0.5714285714285714
3,4.0,0.42857142857142855,0.4583333333333333,0.5476190476190476,0.45,0.42857142857142855,0.41666666666666663,0.4523809523809524,0.45,0.7142857142857143
4,5.0,0.6071428571428571,0.78,0.78,0.6071428571428571,0.6071428571428571,0.5354449472096531,0.5354449472096531,0.6071428571428572,0.5
