,standard,sqrt.dist=T,add=T
batch,0.008836171402804611,0.007469949581884579,0.007916504118973542
False,,,
