,PC_0_p,PC_1_p,PC_0_bc_distance,PC_1_bc_distance
0,0.7821484487338711,0.566232905176955,0.26377727875402857,0.8281282812371527
