,standard,sqrt.dist=T,add=T
batch,0.006849412934846823,0.0070913192817707365,0.006977443609147594
False,,,
