,standard,sqrt.dist=T,add=T
batch,0.005717148845476317,0.006835052619749066,0.006430322113065984
False,,,
