,PC_0_p,PC_1_p,PC_0_bc_distance,PC_1_bc_distance
0,0.6691247128199111,0.757690932996197,0.3691217148302479,0.514847549587365
