,standard,sqrt.dist=T,add=T
batch,0.006285791835446465,0.006641729217037813,0.006711042672401816
False,,,
