,standard,sqrt.dist=T,add=T
batch,0.0152546858208125,0.01168081800882513,0.010950276728431862
False,,,
