,PC_0_p,PC_1_p,PC_0_bc_distance,PC_1_bc_distance
0,0.1571870624735636,0.13206527267993914,0.3359953974022131,0.21803412746410125
