,fold,average_acc,macro_prec,weighted_prec,macro_recall,weighted_recall,macro_f1,weighted_f1,auc,baseline_likelihood
0,1.0,0.4827586206896552,0.4642857142857143,0.46551724137931033,0.4738095238095238,0.4827586206896552,0.4401544401544401,0.445479962721342,0.4738095238095238,0.5172413793103449
1,2.0,0.4827586206896552,0.385,0.3989655172413793,0.44471153846153844,0.4827586206896552,0.37589670014347204,0.40261218028001783,0.44471153846153844,0.5517241379310345
2,3.0,0.5,0.4625,0.47500000000000003,0.46875,0.5,0.4555555555555556,0.4777777777777778,0.46875,0.5714285714285714
3,4.0,0.5,0.48717948717948717,0.5512820512820512,0.4853801169590643,0.5,0.47593582887700536,0.5160427807486632,0.4853801169590643,0.6785714285714286
4,5.0,0.39285714285714285,0.3666666666666667,0.3619047619047619,0.4479166666666667,0.39285714285714285,0.3229018492176387,0.29181060760008126,0.4479166666666667,0.5714285714285714
