,standard,sqrt.dist=T,add=T
batch,0.004542644406946647,0.005307682820129504,0.005887127264812571
False,,,
