,standard,sqrt.dist=T,add=T
batch,0.005145523731886651,0.0059724902674970085,0.005145523731886652
False,,,
