,standard,sqrt.dist=T,add=T
batch,0.007195224094592271,0.007071360625593397,0.007195224094592261
False,,,
