,standard,sqrt.dist=T,add=T
batch,0.007932669347079004,0.008665988624219861,0.007489455177312006
False,,,
