,fold,average_acc,macro_prec,weighted_prec,macro_recall,weighted_recall,macro_f1,weighted_f1,auc,baseline_likelihood
0,1.0,0.3793103448275862,0.3605263157894737,0.3626134301270418,0.3738095238095238,0.3793103448275862,0.3602941176470588,0.3640973630831643,0.3738095238095238,0.5172413793103449
1,2.0,0.4827586206896552,0.37083333333333335,0.40028735632183904,0.42401960784313725,0.4827586206896552,0.37589670014347204,0.4204225003710484,0.4240196078431372,0.5862068965517241
2,3.0,0.6428571428571429,0.6260869565217391,0.6316770186335404,0.5775401069518716,0.6428571428571429,0.5625,0.6026785714285714,0.5775401069518716,0.6071428571428571
3,4.0,0.6428571428571429,0.7916666666666667,0.7916666666666667,0.6428571428571428,0.6428571428571429,0.5906432748538012,0.5906432748538012,0.6428571428571428,0.5
4,5.0,0.42857142857142855,0.40350877192982454,0.4085213032581453,0.41538461538461535,0.42857142857142855,0.4010695187165776,0.41023682200152795,0.41538461538461535,0.5357142857142857
