,fold,average_acc,macro_prec,weighted_prec,macro_recall,weighted_recall,macro_f1,weighted_f1,auc,baseline_likelihood
0,1.0,0.9666666666666667,0.9671766589574808,0.9674316551028881,0.966927453769559,0.9666666666666667,0.9666651851193386,0.9666622220246824,0.9669274537695591,0.5066666666666667
1,2.0,0.9533333333333334,0.9533333333333334,0.9534222222222222,0.9534139402560455,0.9533333333333334,0.9533312591670741,0.9533354074995926,0.9534139402560455,0.5066666666666667
2,3.0,0.9266666666666666,0.9262820512820513,0.9267948717948719,0.9268140488500625,0.9266666666666666,0.9265066144047036,0.9266895312755187,0.9268140488500625,0.5266666666666666
3,4.0,0.96,0.9625,0.963,0.9605263157894737,0.96,0.959971535314001,0.9599573029710015,0.9605263157894737,0.5066666666666667
4,5.0,0.9466666666666667,0.9464793741109531,0.9470412517780937,0.9471153846153846,0.9466666666666667,0.9466287137520014,0.9466856431239993,0.9471153846153847,0.52
