,standard,sqrt.dist=T,add=T
batch,0.003255599862015629,0.0036726200852698963,0.0036248797175682445
False,,,
