,standard,sqrt.dist=T,add=T
batch,0.005554588320743793,0.005876675919697908,0.005822995921833449
False,,,
