,standard,sqrt.dist=T,add=T
batch,0.0046163483524145265,0.004547498503031974,0.004616348352414532
False,,,
