,PC_0_p,PC_1_p,PC_0_bc_distance,PC_1_bc_distance
0,0.16935495609230142,0.8407591400130999,0.27303330047680624,0.9036510756725583
