,fold,average_acc,macro_prec,weighted_prec,macro_recall,weighted_recall,macro_f1,weighted_f1,auc,baseline_likelihood
0,1.0,0.3469387755102041,0.08673469387755102,0.12036651395251978,0.25,0.3469387755102041,0.12878787878787878,0.17872603586889302,0.5,0.35714285714285715
1,2.0,0.4329896907216495,0.10824742268041238,0.18748007227122968,0.25,0.4329896907216495,0.1510791366906475,0.26166283468070906,0.5,0.4329896907216495
2,3.0,0.4020618556701031,0.1015625,0.16752577319587628,0.24375,0.4020618556701031,0.14338235294117646,0.23650697392359002,0.4949810606060606,0.41237113402061853
3,4.0,0.38144329896907214,0.10511363636363637,0.18638706654170575,0.21511627906976744,0.38144329896907214,0.14122137404580154,0.2504131581018336,0.4742998812766255,0.44329896907216493
4,5.0,0.38144329896907214,0.09736842105263158,0.15257731958762885,0.24342105263157895,0.38144329896907214,0.13909774436090225,0.21796759941089838,0.4954507920052077,0.3917525773195876
