,fold,average_acc,macro_prec,weighted_prec,macro_recall,weighted_recall,macro_f1,weighted_f1,auc,baseline_likelihood
0,1.0,0.40816326530612246,0.1665556295802798,0.26260044324192033,0.2415824915824916,0.40816326530612246,0.18981972428419938,0.310732140151925,0.49484575804998343,0.4489795918367347
1,2.0,0.3402061855670103,0.09065934065934066,0.13832559193383936,0.22297297297297297,0.3402061855670103,0.12890625,0.19668170103092783,0.47993886743886743,0.38144329896907214
2,3.0,0.29896907216494845,0.07474226804123711,0.08938250611117016,0.25,0.29896907216494845,0.11507936507936507,0.13762068401243657,0.5,0.4020618556701031
3,4.0,0.4020618556701031,0.16152777777777777,0.2884478808705613,0.21703296703296704,0.4020618556701031,0.1838437854480635,0.3342839052635623,0.47519048586390134,0.5051546391752577
4,5.0,0.35051546391752575,0.09239130434782608,0.14477812640071716,0.2236842105263158,0.35051546391752575,0.13076923076923078,0.2049167327517843,0.4801579324295461,0.3917525773195876
