,standard,sqrt.dist=T,add=T
batch,0.006449306284870168,0.006341140698453557,0.006337116083887687
False,,,
