,fold,average_acc,macro_prec,weighted_prec,macro_recall,weighted_recall,macro_f1,weighted_f1,auc,baseline_likelihood
0,1.0,0.40816326530612246,0.2059108527131783,0.2936639772187945,0.2604166666666667,0.40816326530612246,0.19841269841269843,0.29964366699060574,0.5074268931710615,0.40816326530612246
1,2.0,0.3711340206185567,0.21710526315789475,0.28621812262615304,0.25167624521072796,0.3711340206185567,0.1497168185176065,0.2176042161165931,0.5010490676391153,0.3711340206185567
2,3.0,0.38144329896907214,0.09635416666666667,0.14701460481099657,0.25,0.38144329896907214,0.13909774436090225,0.21223160995271684,0.5001602564102564,0.38144329896907214
3,4.0,0.38144329896907214,0.1715151515151515,0.259144017494533,0.23578811369509042,0.38144329896907214,0.1925804219993082,0.30108727048394057,0.48747077642426484,0.44329896907216493
4,5.0,0.4536082474226804,0.24473443223443223,0.3360617046184057,0.2904245709123758,0.4536082474226804,0.2355,0.34764948453608246,0.5295872854561878,0.422680412371134
