,fold,average_acc,macro_prec,weighted_prec,macro_recall,weighted_recall,macro_f1,weighted_f1,auc,baseline_likelihood
0,1.0,0.3877551020408163,0.09693877551020408,0.15035401915868388,0.25,0.3877551020408163,0.13970588235294118,0.21668667466986793,0.5,0.3877551020408163
1,2.0,0.422680412371134,0.10677083333333333,0.18492268041237114,0.24404761904761904,0.422680412371134,0.14855072463768115,0.2572837292693859,0.49512987012987014,0.4329896907216495
2,3.0,0.41237113402061853,0.10309278350515463,0.17004995217345092,0.25,0.41237113402061853,0.14598540145985403,0.2408006622018211,0.5,0.41237113402061853
3,4.0,0.4020618556701031,0.10263157894736842,0.16928920238741185,0.24375,0.4020618556701031,0.14444444444444443,0.23825887743413512,0.4959429824561404,0.41237113402061853
4,5.0,0.38144329896907214,0.09536082474226804,0.14549899032840896,0.25,0.38144329896907214,0.1380597014925373,0.21064779196799505,0.5,0.38144329896907214
