,standard,sqrt.dist=T,add=T
batch,0.00601513045361326,0.006111136630368474,0.006146851036601483
False,,,
