,fold,average_acc,macro_prec,weighted_prec,macro_recall,weighted_recall,macro_f1,weighted_f1,auc,baseline_likelihood
0,1.0,0.3979591836734694,0.13680555555555557,0.21235827664399093,0.24063588850174217,0.3979591836734694,0.15892705682782018,0.25858994997490087,0.4937828565315729,0.41836734693877553
1,2.0,0.422680412371134,0.15882663847780126,0.26006407881258037,0.23883228840125392,0.422680412371134,0.175,0.3020618556701031,0.49202296994979455,0.4536082474226804
2,3.0,0.38144329896907214,0.09736842105263158,0.15257731958762885,0.24342105263157895,0.38144329896907214,0.13909774436090225,0.21796759941089838,0.4951526997953508,0.3917525773195876
3,4.0,0.3711340206185567,0.09278350515463918,0.13774046126049527,0.25,0.3711340206185567,0.13533834586466165,0.2009146577784668,0.5,0.3711340206185567
4,5.0,0.3917525773195876,0.09895833333333333,0.15506872852233677,0.25,0.3917525773195876,0.1417910447761194,0.22218802892752731,0.5002529724260055,0.3917525773195876
