,fold,average_acc,macro_prec,weighted_prec,macro_recall,weighted_recall,macro_f1,weighted_f1,auc,baseline_likelihood
0,1.0,0.41836734693877553,0.10459183673469388,0.17503123698458975,0.25,0.41836734693877553,0.14748201438848924,0.24680663632359423,0.5,0.41836734693877553
1,2.0,0.4020618556701031,0.10263157894736842,0.1735214324470971,0.23780487804878048,0.4020618556701031,0.1433823529411765,0.24241964827167986,0.49043021680216803,0.422680412371134
2,3.0,0.4329896907216495,0.109375,0.19394329896907217,0.2441860465116279,0.4329896907216495,0.1510791366906475,0.2678929021731069,0.49533245987553226,0.44329896907216493
3,4.0,0.36082474226804123,0.09308510638297872,0.14202676025444175,0.23648648648648649,0.36082474226804123,0.13358778625954199,0.20382466357125992,0.4909661114602975,0.3917525773195876
4,5.0,0.36082474226804123,0.09020618556701031,0.1301944946327984,0.25,0.36082474226804123,0.13257575757575757,0.19134645423305216,0.5,0.36082474226804123
