,PC_0_p,PC_1_p,PC_0_bc_distance,PC_1_bc_distance
0,0.40718336811481015,0.7972634574108176,0.1592114073894764,0.8883527211504877
