,standard,sqrt.dist=T,add=T
batch,0.0040559504819980075,0.003934001758832174,0.004055950481998006
False,,,
