,standard,sqrt.dist=T,add=T
batch,0.0031138712079415284,0.003522771767138011,0.0035434400220196566
False,,,
