,standard,sqrt.dist=T,add=T
batch,0.0033752211027547863,0.003460031293181058,0.0033752211027548136
False,,,
