,PC_0_p,PC_1_p,PC_0_bc_distance,PC_1_bc_distance
0,0.706317157931116,0.5026299378406854,0.729473751218095,0.9000198186554839
