,fold,average_acc,macro_prec,weighted_prec,macro_recall,weighted_recall,macro_f1,weighted_f1,auc,baseline_likelihood
0,1.0,0.336734693877551,0.14592760180995476,0.1955859266783637,0.23511904761904762,0.336734693877551,0.16055230800241888,0.223967353520727,0.4888152841781874,0.3673469387755102
1,2.0,0.4020618556701031,0.1579861111111111,0.2537943871706758,0.23232323232323232,0.4020618556701031,0.17888372093023258,0.3001179573243826,0.4868152549756324,0.4536082474226804
2,3.0,0.36082474226804123,0.09210526315789473,0.1329354313619099,0.25,0.36082474226804123,0.1346153846153846,0.1942902458366376,0.5003557874762808,0.36082474226804123
3,4.0,0.5051546391752577,0.2389520202020202,0.3721753618660835,0.27283653846153844,0.5051546391752577,0.22258403361344536,0.3887377631464957,0.5179215747783403,0.4948453608247423
4,5.0,0.35051546391752575,0.08854166666666667,0.1241408934707904,0.25,0.35051546391752575,0.13076923076923078,0.18334655035685965,0.4999679979518689,0.36082474226804123
