,standard,sqrt.dist=T,add=T
batch,0.004647593067969569,0.003443017358307181,0.004647593067969557
False,,,
