,standard,sqrt.dist=T,add=T
batch,0.006388142985241647,0.006335959522797124,0.006301970611484558
False,,,
