,PC_0_p,PC_1_p,PC_0_bc_distance,PC_1_bc_distance
0,0.7052152352734097,0.9982246878264734,0.7080357491795108,0.937021079862926
