,PC_0_p,PC_1_p,PC_0_bc_distance,PC_1_bc_distance
0,0.7682083822373386,0.6712484699196837,0.9143470980646929,0.8638697726615011
