,PC_0_p,PC_1_p,PC_0_bc_distance,PC_1_bc_distance
0,0.42447018646510837,0.7890942433312496,0.41679050422205266,0.7892945364643451
