,fold,average_acc,macro_prec,weighted_prec,macro_recall,weighted_recall,macro_f1,weighted_f1,auc,baseline_likelihood
0,1.0,0.3877551020408163,0.17494658119658119,0.2713348159776731,0.23856589147286822,0.3877551020408163,0.19728260869565217,0.31308784383318544,0.49117465696638063,0.4387755102040816
1,2.0,0.3711340206185567,0.0967741935483871,0.1476554705686731,0.24324324324324326,0.3711340206185567,0.13846153846153847,0.21126090404440923,0.4961148648648649,0.38144329896907214
2,3.0,0.422680412371134,0.10789473684210527,0.18241996744438416,0.25,0.422680412371134,0.15073529411764705,0.2548514251061249,0.5007878151260504,0.422680412371134
3,4.0,0.41237113402061853,0.1488095238095238,0.227540500736377,0.24706413730803972,0.41237113402061853,0.1628787878787879,0.2666354264292409,0.4985320686540199,0.422680412371134
4,5.0,0.36082474226804123,0.09020618556701031,0.1301944946327984,0.25,0.36082474226804123,0.13257575757575757,0.19134645423305216,0.5,0.3711340206185567
