,standard,sqrt.dist=T,add=T
batch,0.004561096190811007,0.004343933873989972,0.004375040115629386
False,,,
