,standard,sqrt.dist=T,add=T
batch,0.0028692275643779305,0.0033164243686029256,0.0038387457094557005
False,,,
