,standard,sqrt.dist=T,add=T
batch,0.003931686919824041,0.00342746235563718,0.003931686919824051
False,,,
