,standard,sqrt.dist=T,add=T
batch,0.0033030274881402154,0.0036942244407566645,0.003652132438321237
False,,,
