,standard,sqrt.dist=T,add=T
batch,0.004624349257880878,0.004000173090416122,0.0036442014250492147
gender,,,
