,PC_0_p,PC_1_p,PC_0_bc_distance,PC_1_bc_distance
0,0.2879485523121012,0.47518485433873303,0.6227343401908862,0.29619665301140446
