,standard,sqrt.dist=T,add=T
batch,0.00849348627391095,0.00911037452825589,0.009440436736592195
gender,,,
