,fold,average_acc,macro_prec,weighted_prec,macro_recall,weighted_recall,macro_f1,weighted_f1,auc,baseline_likelihood
0,1.0,0.7419354838709677,0.8688524590163935,0.8096245372818616,0.5294117647058824,0.7419354838709677,0.48008385744234794,0.6467167106241969,0.5294117647058824,0.7258064516129032
1,2.0,0.7580645161290323,0.521551724137931,0.6792269187986653,0.5078492935635793,0.7580645161290323,0.4887300714678395,0.7041976271967938,0.5078492935635792,0.7903225806451613
2,3.0,0.819672131147541,0.9067796610169492,0.8532925812725758,0.5769230769230769,0.819672131147541,0.5819314641744548,0.7628211020887595,0.5769230769230769,0.7868852459016393
3,4.0,0.7213114754098361,0.36065573770491804,0.5202902445579145,0.5,0.7213114754098361,0.41904761904761906,0.6045277127244341,0.5,0.7213114754098361
4,5.0,0.819672131147541,0.4098360655737705,0.6718624025799517,0.5,0.819672131147541,0.45045045045045046,0.738443361394181,0.5,0.819672131147541
