,standard,sqrt.dist=T,add=T
batch,0.009974129987340078,0.008135395422880512,0.005433697913539493
gender,,,
