,standard,sqrt.dist=T,add=T
batch,0.10096948463965325,0.06448850434721638,0.04200937547938286
gender,,,
