,standard,sqrt.dist=T,add=T
batch,0.10120999411399782,0.06460292302343273,0.042092170437993084
gender,,,
