,standard,sqrt.dist=T,add=T
batch,0.10796506933943047,0.06596583635682364,0.03437455084417083
gender,,,
