,PC_0_p,PC_1_p,PC_0_bc_distance,PC_1_bc_distance
0,0.9008293557084783,0.9070953295915334,0.973852555934751,0.7499275255934502
