,standard,sqrt.dist=T,add=T
batch,0.10474640855103681,0.06498155870934276,0.0404651862484137
gender,,,
