,PC_0_p,PC_1_p,PC_0_bc_distance,PC_1_bc_distance
0,0.8108186270838544,0.9958613624983256,0.6845642449997733,0.941368979065253
