,PC_0_p,PC_1_p,PC_0_bc_distance,PC_1_bc_distance
0,0.9019499462624319,0.7087571876769827,0.9673562797557911,0.06741533667665556
