,fold,average_acc,macro_prec,weighted_prec,macro_recall,weighted_recall,macro_f1,weighted_f1,auc,baseline_likelihood
0,1.0,0.7903225806451613,0.5734463276836158,0.7206123564789503,0.5216666666666666,0.7903225806451613,0.5070336391437309,0.7360757620597811,0.5216666666666666,0.8064516129032258
1,2.0,0.7419354838709677,0.3709677419354839,0.5504682622268471,0.5,0.7419354838709677,0.42592592592592593,0.6320191158900836,0.5,0.7419354838709677
2,3.0,0.7213114754098361,0.618421052631579,0.6708369283865401,0.536096256684492,0.7213114754098361,0.5110796793965111,0.6529861417055054,0.536096256684492,0.7213114754098361
3,4.0,0.7704918032786885,0.5632183908045977,0.6951196532881101,0.5176282051282052,0.7704918032786885,0.49646226415094336,0.7095963501391895,0.5176282051282051,0.7868852459016393
4,5.0,0.7868852459016393,0.39344262295081966,0.6191883902176835,0.5,0.7868852459016393,0.4403669724770642,0.6930365468491502,0.5,0.7868852459016393
