,PC_0_p,PC_1_p,PC_0_bc_distance,PC_1_bc_distance
0,0.7357259731401699,0.07615155404504262,0.9985831526699608,0.5008745607541785
