,fold,average_acc,macro_prec,weighted_prec,macro_recall,weighted_recall,macro_f1,weighted_f1,auc,baseline_likelihood
0,1.0,1.0,1.0,1.0,1.0,1.0,1.0,1.0,1.0,0.54
1,2.0,1.0,1.0,1.0,1.0,1.0,1.0,1.0,1.0,0.5266666666666666
2,3.0,0.9933333333333333,0.9932432432432432,0.9934234234234235,0.9935064935064934,0.9933333333333333,0.9933306655995733,0.9933342225779201,0.9935064935064934,0.5133333333333333
3,4.0,1.0,1.0,1.0,1.0,1.0,1.0,1.0,1.0,0.5133333333333333
4,5.0,1.0,1.0,1.0,1.0,1.0,1.0,1.0,1.0,0.5333333333333333
