,PC_0_p,PC_1_p,PC_0_bc_distance,PC_1_bc_distance
0,0.19037441607274747,0.43312511245207974,0.0618899232199981,0.6993379327312966
