,PC_0_p,PC_1_p,PC_0_bc_distance,PC_1_bc_distance
0,0.001164646305826881,0.21463769131450708,0.06994965708826476,0.5569887877701147
