,standard,sqrt.dist=T,add=T
batch,0.008073637222708421,0.009820077800552484,0.008073637222708426
False,,,
