,fold,average_acc,macro_prec,weighted_prec,macro_recall,weighted_recall,macro_f1,weighted_f1,auc,baseline_likelihood
0,1.0,0.41379310344827586,0.4222222222222222,0.42452107279693485,0.4326923076923077,0.41379310344827586,0.40242424242424246,0.3938975966562174,0.4326923076923077,0.5517241379310345
1,2.0,0.4827586206896552,0.25,0.25862068965517243,0.4666666666666667,0.4827586206896552,0.32558139534883723,0.33680834001603854,0.4666666666666667,0.5172413793103449
2,3.0,0.39285714285714285,0.347953216374269,0.3659147869674185,0.3645833333333333,0.39285714285714285,0.35238095238095235,0.37551020408163266,0.3645833333333333,0.5714285714285714
3,4.0,0.32142857142857145,0.3609625668449198,0.4400305576776165,0.3375,0.32142857142857145,0.31354838709677413,0.3450691244239631,0.3375,0.7142857142857143
4,5.0,0.32142857142857145,0.1956521739130435,0.1956521739130435,0.32142857142857145,0.32142857142857145,0.24324324324324326,0.24324324324324326,0.3214285714285714,0.5
