,PC_0_p,PC_1_p,PC_0_bc_distance,PC_1_bc_distance
0,0.3026971567580975,0.8891318520674063,0.058766459178694753,0.4093770412180223
