,fold,average_acc,macro_prec,weighted_prec,macro_recall,weighted_recall,macro_f1,weighted_f1,auc,baseline_likelihood
0,1.0,0.5862068965517241,0.6159420289855072,0.6141929035482258,0.5761904761904761,0.5862068965517241,0.5421052631578948,0.547005444646098,0.5761904761904761,0.5172413793103449
1,2.0,0.5517241379310345,0.5222222222222221,0.5356321839080459,0.5196078431372549,0.5517241379310345,0.5148005148005148,0.5378777792570896,0.5196078431372548,0.5862068965517241
2,3.0,0.5714285714285714,0.5043478260869565,0.5267080745341616,0.5026737967914439,0.5714285714285714,0.475,0.5232142857142856,0.5026737967914439,0.6071428571428571
3,4.0,0.42857142857142855,0.35416666666666663,0.35416666666666663,0.42857142857142855,0.42857142857142855,0.3450292397660819,0.34502923976608185,0.42857142857142855,0.5
4,5.0,0.5357142857142857,0.26785714285714285,0.2869897959183673,0.5,0.5357142857142857,0.3488372093023256,0.37375415282392027,0.5,0.5357142857142857
