,PC_0_p,PC_1_p,PC_0_bc_distance,PC_1_bc_distance
0,0.6427091692932949,0.6757947330500376,0.8174589249249021,0.10915789429716412
