,standard,sqrt.dist=T,add=T
batch,0.004391499279518173,0.005827551663772316,0.00582319113801764
False,,,
