,standard,sqrt.dist=T,add=T
batch,0.007769223266071547,0.007482673655264395,0.007552249556729777
False,,,
