,fold,average_acc,macro_prec,weighted_prec,macro_recall,weighted_recall,macro_f1,weighted_f1,auc,baseline_likelihood
0,1.0,0.6896551724137931,0.7138888888888889,0.7116858237547893,0.6833333333333333,0.6896551724137931,0.675776397515528,0.6780895266652389,0.6833333333333333,0.5172413793103449
1,2.0,0.4827586206896552,0.4809523809523809,0.4863711001642036,0.4807692307692308,0.4827586206896552,0.48028673835125457,0.4839945618588556,0.4807692307692308,0.5517241379310345
2,3.0,0.5357142857142857,0.5213903743315508,0.5309396485867074,0.5208333333333334,0.5357142857142857,0.5204216073781291,0.5326557500470545,0.5208333333333333,0.5714285714285714
3,4.0,0.5357142857142857,0.5104166666666666,0.5736607142857143,0.5116959064327485,0.5357142857142857,0.5047619047619047,0.5489795918367347,0.5116959064327485,0.6785714285714286
4,5.0,0.4642857142857143,0.5533333333333333,0.5695238095238094,0.5208333333333333,0.4642857142857143,0.4025604551920341,0.375127006705954,0.5208333333333333,0.5714285714285714
