,standard,sqrt.dist=T,add=T
batch,0.009180730546602681,0.008354983760605623,0.008511395235939344
False,,,
