,standard,sqrt.dist=T,add=T
batch,0.007174108985053888,0.007228536008235699,0.007147858237501726
False,,,
