,standard,sqrt.dist=T,add=T
batch,0.006563064727103654,0.00692650934444871,0.006732642200076646
False,,,
