,standard,sqrt.dist=T,add=T
batch,0.007021394579020011,0.006832223806498885,0.007021394579020016
False,,,
