,standard,sqrt.dist=T,add=T
batch,0.008882004227217077,0.008116334737806812,0.00830840509734292
False,,,
