,standard,sqrt.dist=T,add=T
batch,0.0077825617582134255,0.007404232514089023,0.007561313312391206
False,,,
