,standard,sqrt.dist=T,add=T
batch,0.0061392199132895686,0.0066168420442801875,0.006444631697097036
False,,,
