,standard,sqrt.dist=T,add=T
batch,0.008553043778210617,0.008041206027698446,0.008553043778210609
False,,,
