,standard,sqrt.dist=T,add=T
batch,0.012118465411489254,0.010532209753408487,0.009453946153971783
False,,,
