,fold,average_acc,macro_prec,weighted_prec,macro_recall,weighted_recall,macro_f1,weighted_f1,auc,baseline_likelihood
0,1.0,0.5172413793103449,0.5092592592592593,0.5095785440613028,0.5023809523809524,0.5172413793103449,0.39583333333333337,0.40517241379310354,0.5023809523809524,0.5172413793103449
1,2.0,0.5172413793103449,0.4901960784313726,0.5388776200135227,0.48947368421052634,0.5172413793103449,0.48737373737373746,0.5257749912922328,0.48947368421052634,0.6551724137931034
2,3.0,0.6071428571428571,0.6228070175438596,0.6228070175438596,0.6071428571428571,0.6071428571428571,0.5942028985507246,0.5942028985507246,0.6071428571428571,0.5
3,4.0,0.39285714285714285,0.3875,0.3866071428571428,0.4076923076923077,0.39285714285714285,0.3728590250329381,0.3648597779032562,0.4076923076923077,0.5357142857142857
4,5.0,0.5714285714285714,0.5380116959064327,0.5580618212197159,0.5347593582887701,0.5714285714285714,0.5333333333333333,0.5619047619047619,0.5347593582887701,0.6071428571428571
