,standard,sqrt.dist=T,add=T
batch,0.004319515618430972,0.008407056828143859,0.004319515618430988
False,,,
