,standard,sqrt.dist=T,add=T
batch,0.006882568263084394,0.007324114196843232,0.006882568263084387
False,,,
