,standard,sqrt.dist=T,add=T
batch,0.008152125041083003,0.007799385949000843,0.0078124384966874365
False,,,
