,fold,average_acc,macro_prec,weighted_prec,macro_recall,weighted_recall,macro_f1,weighted_f1,auc,baseline_likelihood
0,1.0,0.5862068965517241,0.5429292929292929,0.610936955764542,0.5472222222222223,0.5862068965517241,0.5421052631578948,0.5960072595281306,0.5472222222222223,0.6896551724137931
1,2.0,0.4482758620689655,0.23214285714285715,0.22413793103448276,0.4642857142857143,0.4482758620689655,0.30952380952380953,0.2988505747126437,0.4642857142857143,0.5172413793103449
2,3.0,0.6071428571428571,0.5935672514619883,0.5989974937343359,0.5833333333333334,0.6071428571428571,0.580952380952381,0.5959183673469388,0.5833333333333333,0.5714285714285714
3,4.0,0.5714285714285714,0.5826086956521739,0.5813664596273291,0.5487179487179488,0.5714285714285714,0.5087719298245614,0.5213032581453635,0.5487179487179488,0.5357142857142857
4,5.0,0.4642857142857143,0.47916666666666663,0.48065476190476186,0.4897435897435897,0.4642857142857143,0.4025604551920341,0.3888437309489941,0.4897435897435898,0.5357142857142857
