,PC_0_p,PC_1_p,PC_0_bc_distance,PC_1_bc_distance
0,0.9507994439907342,0.4385086905079255,0.4548882421682481,0.8639116941907524
