,PC_0_p,PC_1_p,PC_0_bc_distance,PC_1_bc_distance
0,0.9726543679945575,0.50020887886211,0.9180914356137836,0.06514953828020516
