,PC_0_p,PC_1_p,PC_0_bc_distance,PC_1_bc_distance
0,6.396493822488888e-05,1.2351060316587446e-17,6.276539121585074e-22,0.0001537010725971452
