,fold,average_acc,macro_prec,weighted_prec,macro_recall,weighted_recall,macro_f1,weighted_f1,auc,baseline_likelihood
0,1.0,0.5066666666666667,0.5002736726874658,0.5034701696770663,0.5002683843263553,0.5066666666666667,0.49945887445887444,0.5042640692640692,0.5002683843263553,0.54
1,2.0,0.5,0.5363712374581939,0.5514214046822743,0.5317460317460317,0.5,0.49349421457836207,0.48430957633604976,0.5317460317460319,0.58
2,3.0,0.6,0.625,0.65,0.625,0.6,0.6,0.6,0.625,0.6
3,4.0,0.47333333333333333,0.485,0.4878,0.48658078368223295,0.47333333333333333,0.46474547179186054,0.4593215592393513,0.486580783682233,0.54
4,5.0,0.5333333333333333,0.5962732919254659,0.612008281573499,0.5701357466063348,0.5333333333333333,0.513888888888889,0.500925925925926,0.5701357466063348,0.5666666666666667
