,PC_0_p,PC_1_p,PC_0_bc_distance,PC_1_bc_distance
0,0.9049463094059716,0.4989682077222021,0.9508917334842085,0.818977881652436
