,PC_0_p,PC_1_p,PC_0_bc_distance,PC_1_bc_distance
0,0.18275334458117515,0.9435218723052589,0.16262014308132422,0.5327033046674556
