,PC_0_p,PC_1_p,PC_0_bc_distance,PC_1_bc_distance
0,0.9072167487801452,0.7163349155846284,0.9471601070392797,0.8603194898977764
