,fold,average_acc,macro_prec,weighted_prec,macro_recall,weighted_recall,macro_f1,weighted_f1,auc,baseline_likelihood
0,1.0,0.54,0.5380090497737557,0.538606334841629,0.5373931623931624,0.54,0.5365187407639604,0.5381254757959787,0.5373931623931625,0.52
1,2.0,0.5133333333333333,0.5253968253968254,0.5266031746031746,0.5213675213675214,0.5133333333333333,0.49703734325478854,0.49341601212622305,0.5213675213675214,0.52
2,3.0,0.5133333333333333,0.5314913844325609,0.5367874826698356,0.5285150645624104,0.5133333333333333,0.5070010355229391,0.5017862020320261,0.5285150645624103,0.5466666666666666
3,4.0,0.5466666666666666,0.5493035190615836,0.5495063538611926,0.5478307254623044,0.5466666666666666,0.5437466451959205,0.5432599749507961,0.5478307254623044,0.5066666666666667
4,5.0,0.5066666666666667,0.5169340463458111,0.5186452762923351,0.5152433588875023,0.5066666666666667,0.497737556561086,0.4941659125188537,0.5152433588875023,0.5266666666666666
