,fold,average_acc,macro_prec,weighted_prec,macro_recall,weighted_recall,macro_f1,weighted_f1,auc,baseline_likelihood
0,1.0,0.52,0.5294117647058824,0.5388235294117646,0.5294117647058824,0.52,0.5199999999999999,0.5199999999999999,0.5294117647058824,0.5666666666666667
1,2.0,0.6133333333333333,0.6412698412698412,0.6431322751322752,0.6187511119017968,0.6133333333333333,0.5993737336526064,0.5973795051267882,0.6187511119017968,0.5133333333333333
2,3.0,0.58,0.5842801074158231,0.5838215244784135,0.5726495726495726,0.58,0.5612609684757881,0.5648878778030549,0.5726495726495726,0.52
3,4.0,0.54,0.5789473684210527,0.5852631578947368,0.5601180891035964,0.54,0.5194762988068156,0.5115316402804215,0.5601180891035964,0.54
4,5.0,0.4866666666666667,0.49976503759398494,0.5011810776942356,0.499821715100731,0.4866666666666667,0.4605576572789688,0.45422820045770873,0.499821715100731,0.5266666666666666
