,PC_0_p,PC_1_p,PC_0_bc_distance,PC_1_bc_distance
0,2.0645388394291308e-11,0.6397482083947093,9.46268955367266e-30,0.0032420836545303537
