,PC_0_p,PC_1_p,PC_0_bc_distance,PC_1_bc_distance
0,2.307949039847336e-11,0.4271317559633647,6.348780029550892e-28,0.15653102723825815
