,standard,sqrt.dist=T,add=T
batch,0.03494187162711558,0.029837821576246596,0.023793875580455984
gender,,,
