,fold,average_acc,macro_prec,weighted_prec,macro_recall,weighted_recall,macro_f1,weighted_f1,auc,baseline_likelihood
0,1.0,0.717948717948718,0.5823529411764705,0.6711915535444947,0.5482758620689655,0.717948717948718,0.5460317460317461,0.6821326821326822,0.5482758620689655,0.7435897435897436
1,2.0,0.7105263157894737,0.35526315789473684,0.5048476454293628,0.5,0.7105263157894737,0.4153846153846154,0.5902834008097166,0.5,0.7105263157894737
2,3.0,0.7894736842105263,0.39473684210526316,0.6232686980609419,0.5,0.7894736842105263,0.4411764705882353,0.696594427244582,0.5,0.7894736842105263
3,4.0,0.7894736842105263,0.39473684210526316,0.6232686980609419,0.5,0.7894736842105263,0.4411764705882353,0.696594427244582,0.5,0.7894736842105263
4,5.0,0.6842105263157895,0.34210526315789475,0.46814404432132967,0.5,0.6842105263157895,0.40625000000000006,0.5559210526315791,0.5,0.6842105263157895
