,PC_0_p,PC_1_p,PC_0_bc_distance,PC_1_bc_distance
0,0.417924427827741,0.006898014575341884,0.3293457417489261,0.020273198732662246
