,standard,sqrt.dist=T,add=T
batch,0.03494187162711558,0.029837821576246596,0.023793875580455977
gender,0.006358967001302341,0.006918815395709239,0.005721131696067823
