,fold,average_acc,macro_prec,weighted_prec,macro_recall,weighted_recall,macro_f1,weighted_f1,auc,baseline_likelihood
0,1.0,0.8205128205128205,0.9078947368421053,0.8535762483130904,0.5625,0.8205128205128205,0.5603864734299516,0.7598166728601511,0.5625,0.7948717948717948
1,2.0,0.6842105263157895,0.8378378378378378,0.786628733997155,0.5384615384615384,0.6842105263157895,0.47465437788018433,0.5794324520979869,0.5384615384615384,0.6578947368421053
2,3.0,0.631578947368421,0.5694444444444444,0.587719298245614,0.5148809523809524,0.631578947368421,0.4458333333333333,0.5302631578947368,0.5148809523809523,0.631578947368421
3,4.0,0.7368421052631579,0.3684210526315789,0.5429362880886427,0.5,0.7368421052631579,0.4242424242424242,0.6251993620414672,0.5,0.7368421052631579
4,5.0,0.868421052631579,0.44594594594594594,0.79800853485064,0.4852941176470588,0.868421052631579,0.46478873239436624,0.831727205337287,0.4852941176470588,0.8947368421052632
