,fold,average_acc,macro_prec,weighted_prec,macro_recall,weighted_recall,macro_f1,weighted_f1,auc,baseline_likelihood
0,1.0,0.9733333333333334,0.9764705882352941,0.9745882352941176,0.9710144927536232,0.9733333333333334,0.9730264340945873,0.9732566085236468,0.9710144927536232,0.54
1,2.0,0.96,0.96,0.9614222222222223,0.9613121768586201,0.96,0.959971535314001,0.9600284646859988,0.9613121768586201,0.5266666666666666
2,3.0,0.96,0.9620253164556962,0.9630379746835445,0.961038961038961,0.96,0.9599928876244666,0.9599786628733996,0.961038961038961,0.5133333333333333
3,4.0,0.9666666666666667,0.967948717948718,0.9688034188034188,0.9675324675324675,0.9666666666666667,0.9666651851193386,0.9666592589300266,0.9675324675324675,0.5133333333333333
4,5.0,0.96,0.9651162790697674,0.9627906976744187,0.9571428571428571,0.96,0.959539651141881,0.9598273691782052,0.9571428571428571,0.5333333333333333
