,standard,sqrt.dist=T,add=T
batch,0.05730282367609659,0.057476724344446166,0.057103785670250436
gender,0.024668113770889583,0.022480728887171134,0.023016646851819072
