,fold,average_acc,macro_prec,weighted_prec,macro_recall,weighted_recall,macro_f1,weighted_f1,auc,baseline_likelihood
0,1.0,0.5454545454545454,0.5357142857142857,0.538961038961039,0.5333333333333333,0.5454545454545454,0.5299145299145299,0.5376845376845376,0.5333333333333333,0.5454545454545454
1,2.0,0.36363636363636365,0.2222222222222222,0.2424242424242424,0.3333333333333333,0.36363636363636365,0.26666666666666666,0.29090909090909095,0.33333333333333337,0.5454545454545454
2,3.0,0.36363636363636365,0.35416666666666663,0.3522727272727273,0.3833333333333333,0.36363636363636365,0.3418803418803419,0.33100233100233095,0.3833333333333333,0.5454545454545454
3,4.0,0.7272727272727273,0.7333333333333334,0.7393939393939394,0.7333333333333334,0.7272727272727273,0.7272727272727272,0.7272727272727272,0.7333333333333334,0.5454545454545454
4,5.0,0.7,0.6904761904761905,0.6952380952380952,0.6666666666666667,0.7,0.6703296703296704,0.6901098901098901,0.6666666666666667,0.6
