,fold,average_acc,macro_prec,weighted_prec,macro_recall,weighted_recall,macro_f1,weighted_f1,auc,baseline_likelihood
0,1.0,0.45454545454545453,0.4642857142857143,0.46753246753246747,0.4666666666666667,0.45454545454545453,0.45,0.4454545454545455,0.4666666666666667,0.5454545454545454
1,2.0,0.45454545454545453,0.4666666666666667,0.503030303030303,0.4642857142857143,0.45454545454545453,0.45,0.4636363636363636,0.4642857142857143,0.6363636363636364
2,3.0,0.36363636363636365,0.39285714285714285,0.42207792207792205,0.39285714285714285,0.36363636363636365,0.36363636363636365,0.36363636363636365,0.3928571428571428,0.6363636363636364
3,4.0,0.36363636363636365,0.2,0.18181818181818182,0.4,0.36363636363636365,0.26666666666666666,0.2424242424242424,0.4,0.5454545454545454
4,5.0,0.4,0.6666666666666666,0.8,0.5714285714285714,0.4,0.375,0.325,0.5714285714285714,0.7
