,PC_0_p,PC_1_p,PC_0_bc_distance,PC_1_bc_distance
0,0.13028949265356318,0.8379581502385998,0.08768249072219152,0.7261833558628769
