,fold,average_acc,macro_prec,weighted_prec,macro_recall,weighted_recall,macro_f1,weighted_f1,auc,baseline_likelihood
0,1.0,0.45454545454545453,0.5208333333333333,0.5606060606060606,0.5178571428571428,0.45454545454545453,0.45,0.43636363636363645,0.5178571428571428,0.6363636363636364
1,2.0,0.2727272727272727,0.26785714285714285,0.2662337662337662,0.2833333333333333,0.2727272727272727,0.26666666666666666,0.2606060606060606,0.2833333333333333,0.5454545454545454
2,3.0,0.45454545454545453,0.4642857142857143,0.46753246753246747,0.4666666666666667,0.45454545454545453,0.45,0.4454545454545455,0.4666666666666667,0.5454545454545454
3,4.0,0.36363636363636365,0.39285714285714285,0.42207792207792205,0.39285714285714285,0.36363636363636365,0.36363636363636365,0.36363636363636365,0.3928571428571428,0.6363636363636364
4,5.0,0.2,0.20833333333333331,0.21666666666666665,0.20833333333333331,0.2,0.2,0.2,0.20833333333333331,0.6
