,standard,sqrt.dist=T,add=T
batch,0.0573028236760966,0.057476724344446166,0.05710378567025043
gender,0.024668113770889583,0.022480728887171134,0.02301664685181907
