,fold,average_acc,macro_prec,weighted_prec,macro_recall,weighted_recall,macro_f1,weighted_f1,auc,baseline_likelihood
0,1.0,0.2727272727272727,0.16666666666666666,0.1515151515151515,0.3,0.2727272727272727,0.21428571428571427,0.1948051948051948,0.3,0.5454545454545454
1,2.0,0.2727272727272727,0.16666666666666666,0.1515151515151515,0.3,0.2727272727272727,0.21428571428571427,0.1948051948051948,0.3,0.5454545454545454
2,3.0,0.45454545454545453,0.4642857142857143,0.46753246753246747,0.4666666666666667,0.45454545454545453,0.45,0.4454545454545455,0.4666666666666667,0.5454545454545454
3,4.0,0.5454545454545454,0.5833333333333333,0.5909090909090909,0.5666666666666667,0.5454545454545454,0.5299145299145299,0.5221445221445221,0.5666666666666667,0.5454545454545454
4,5.0,0.3,0.30000000000000004,0.32,0.29166666666666663,0.3,0.29292929292929293,0.30707070707070705,0.29166666666666663,0.6
