,fold,average_acc,macro_prec,weighted_prec,macro_recall,weighted_recall,macro_f1,weighted_f1,auc,baseline_likelihood
0,1.0,0.2727272727272727,0.1875,0.20454545454545456,0.25,0.2727272727272727,0.21428571428571427,0.23376623376623373,0.25,0.5454545454545454
1,2.0,0.36363636363636365,0.3666666666666667,0.3696969696969697,0.3666666666666667,0.36363636363636365,0.3636363636363636,0.3636363636363636,0.3666666666666667,0.5454545454545454
2,3.0,0.5454545454545454,0.5666666666666667,0.6727272727272727,0.5833333333333333,0.5454545454545454,0.5299145299145299,0.5687645687645687,0.5833333333333333,0.7272727272727273
3,4.0,0.36363636363636365,0.3666666666666667,0.3696969696969697,0.3666666666666667,0.36363636363636365,0.3636363636363636,0.3636363636363636,0.3666666666666667,0.5454545454545454
4,5.0,0.5,0.7222222222222222,0.7777777777777778,0.5833333333333334,0.5,0.4505494505494505,0.41758241758241754,0.5833333333333333,0.6
