,fold,average_acc,macro_prec,weighted_prec,macro_recall,weighted_recall,macro_f1,weighted_f1,auc,baseline_likelihood
0,1.0,0.5866666666666667,0.5835866261398176,0.5843971631205674,0.5785714285714285,0.5866666666666667,0.5758073344280241,0.5803320561941251,0.5785714285714285,0.5333333333333333
1,2.0,0.5,0.5697674418604651,0.5788113695090439,0.5338952654232425,0.5,0.4455670001478488,0.42935291508550594,0.5338952654232425,0.5466666666666666
2,3.0,0.5866666666666667,0.5865817091454273,0.5865967016491754,0.5822649572649572,0.5866666666666667,0.5791855203619909,0.5814298642533936,0.5822649572649572,0.52
3,4.0,0.5933333333333334,0.5953566980964241,0.6064852042934235,0.5973837209302326,0.5933333333333334,0.5918640438913422,0.5954556403050983,0.5973837209302326,0.5733333333333334
4,5.0,0.47333333333333333,0.5173913043478261,0.5295072463768116,0.512718023255814,0.47333333333333333,0.45288332794681196,0.43736953075703716,0.512718023255814,0.5733333333333334
