,fold,average_acc,macro_prec,weighted_prec,macro_recall,weighted_recall,macro_f1,weighted_f1,auc,baseline_likelihood
0,1,0.7627627627627628,0.8810240963855422,0.8192137921053584,0.50625,0.7627627627627628,0.4448243114909781,0.6630915816101001,0.50625,0.7597597597597597
1,2,0.7447447447447447,0.37237237237237236,0.554644734824915,0.5,0.7447447447447447,0.4268502581755593,0.6357889731383707,0.5,0.7447447447447447
2,3,0.7447447447447447,0.37237237237237236,0.554644734824915,0.5,0.7447447447447447,0.4268502581755593,0.6357889731383707,0.5,0.7447447447447447
3,4,0.7177177177177178,0.3588588588588589,0.5151187223259296,0.5,0.7177177177177178,0.41783216783216787,0.5997710997710998,0.5,0.7177177177177178
4,5,0.7259036144578314,0.8621212121212121,0.8014877692588537,0.510752688172043,0.7259036144578314,0.44108778096383316,0.6165439484327098,0.510752688172043,0.7198795180722891
5,mean,0.7391747168855602,0.5693497824220716,0.6490219506679944,0.5034005376344086,0.7391747168855602,0.43148895532761955,0.6301969152181301,0.5034005376344086,0.7373692970078511
