,PC_0_p,PC_1_p,PC_0_bc_distance,PC_1_bc_distance
0,0.6791393523346201,0.5818013865686609,0.9326145374900577,0.5539238360102818
