,standard,sqrt.dist=T,add=T
batch,0.0031209129508436746,0.005167299215499984,0.0055375309983848285
False,,,
