,standard,sqrt.dist=T,add=T
batch,0.007754254913804938,0.007505446964919507,0.0077542549138049375
False,,,
