,fold,average_acc,macro_prec,weighted_prec,macro_recall,weighted_recall,macro_f1,weighted_f1,auc,baseline_likelihood
0,1.0,0.6206896551724138,0.6525974025974026,0.6504702194357367,0.611904761904762,0.6206896551724138,0.5894465894465896,0.5933519726623175,0.611904761904762,0.5172413793103449
1,2.0,0.6896551724137931,0.6527777777777778,0.6829501915708813,0.6447368421052632,0.6896551724137931,0.6477732793522266,0.6854669831076364,0.644736842105263,0.6551724137931034
2,3.0,0.6071428571428571,0.6228070175438596,0.6228070175438596,0.6071428571428571,0.6071428571428571,0.5942028985507246,0.5942028985507246,0.6071428571428571,0.5
3,4.0,0.4642857142857143,0.23214285714285715,0.21556122448979592,0.5,0.4642857142857143,0.3170731707317073,0.29442508710801396,0.5,0.5357142857142857
4,5.0,0.5,0.5240641711229946,0.5481283422459893,0.5240641711229946,0.5,0.5,0.5,0.5240641711229946,0.6071428571428571
