,standard,sqrt.dist=T,add=T
batch,0.008421215358176509,0.0076770755949669145,0.008421215358176505
False,,,
