,standard,sqrt.dist=T,add=T
batch,0.00811030888679321,0.0076179118140349425,0.008110308886793212
False,,,
