,standard,sqrt.dist=T,add=T
batch,0.007457664713928984,0.007572128154396138,0.00728583929395286
False,,,
