,standard,sqrt.dist=T,add=T
batch,0.006628364982499872,0.007094791494142595,0.006846438275477915
False,,,
