,standard,sqrt.dist=T,add=T
batch,0.006946069161422337,0.007170992550930428,0.006946069161422341
False,,,
