,fold,average_acc,macro_prec,weighted_prec,macro_recall,weighted_recall,macro_f1,weighted_f1,auc,baseline_likelihood
0,1.0,0.3793103448275862,0.3605263157894737,0.3626134301270418,0.3738095238095238,0.3793103448275862,0.3602941176470588,0.3640973630831643,0.3738095238095238,0.5172413793103449
1,2.0,0.5172413793103449,0.405,0.43172413793103454,0.4534313725490196,0.5172413793103449,0.3958333333333333,0.44252873563218387,0.4534313725490196,0.5862068965517241
2,3.0,0.5,0.28,0.34,0.4117647058823529,0.5,0.3333333333333333,0.4047619047619047,0.4117647058823529,0.6071428571428571
3,4.0,0.5,0.25,0.25,0.5,0.5,0.3333333333333333,0.3333333333333333,0.5,0.5
4,5.0,0.5,0.25925925925925924,0.2777777777777778,0.4666666666666667,0.5,0.33333333333333337,0.3571428571428572,0.4666666666666667,0.5357142857142857
