,standard,sqrt.dist=T,add=T
batch,0.005746201614155979,0.006442699858836522,0.006379027678535351
False,,,
