,PC_0_p,PC_1_p,PC_0_bc_distance,PC_1_bc_distance
0,0.7300349152210542,0.43312511245207974,0.6427091692932949,0.485794001443428
