,standard,sqrt.dist=T,add=T
batch,0.007380097124917797,0.007162563073522337,0.007244740429066669
False,,,
