,PC_0_p,PC_1_p,PC_0_bc_distance,PC_1_bc_distance
0,0.2197467585375892,0.7821484487338711,0.09481090653477607,0.9144647350827378
