,standard,sqrt.dist=T,add=T
batch,0.00850469793595253,0.007713564705838669,0.007840605498135061
False,,,
