,standard,sqrt.dist=T,add=T
batch,0.0042600449973105,0.005370131925928878,0.005591593767360857
False,,,
