,standard,sqrt.dist=T,add=T
batch,0.005292398355442314,0.006086527617854277,0.005292398355442321
False,,,
