,standard,sqrt.dist=T,add=T
batch,0.0050185906806945405,0.006259460700298934,0.005993506047332708
False,,,
