,PC_0_p,PC_1_p,PC_0_bc_distance,PC_1_bc_distance
0,0.6791393523346201,0.6459873817062025,0.23200589167362187,0.7716386959100577
