,standard,sqrt.dist=T,add=T
batch,0.009628945011104555,0.008586899363661407,0.008487558822684198
False,,,
