,fold,average_acc,macro_prec,weighted_prec,macro_recall,weighted_recall,macro_f1,weighted_f1,auc,baseline_likelihood
0,1.0,0.4482758620689655,0.4057971014492754,0.40829585207396296,0.4380952380952381,0.4482758620689655,0.3894736842105263,0.3960072595281307,0.4380952380952381,0.5172413793103449
1,2.0,0.5172413793103449,0.487012987012987,0.4930586654724585,0.4903846153846154,0.5172413793103449,0.46578947368421053,0.48294010889292194,0.4903846153846154,0.5517241379310345
2,3.0,0.4642857142857143,0.458974358974359,0.4695970695970696,0.45833333333333337,0.4642857142857143,0.4580645161290323,0.46635944700460835,0.45833333333333337,0.5714285714285714
3,4.0,0.6071428571428571,0.5075757575757576,0.5698051948051948,0.5058479532163742,0.6071428571428571,0.49918699186991866,0.5822299651567944,0.5058479532163742,0.6785714285714286
4,5.0,0.42857142857142855,0.46153846153846156,0.46703296703296704,0.4895833333333333,0.42857142857142855,0.3450292397660819,0.3116123642439432,0.4895833333333333,0.5714285714285714
