,PC_0_p,PC_1_p,PC_0_bc_distance,PC_1_bc_distance
0,0.43312511245207974,0.04858598476426844,0.036524285881261574,0.8675067136566729
