,fold,average_acc,macro_prec,weighted_prec,macro_recall,weighted_recall,macro_f1,weighted_f1,auc,baseline_likelihood
0,1.0,0.41379310344827586,0.3782051282051282,0.37356321839080453,0.4543269230769231,0.41379310344827586,0.33468286099865047,0.31094978826376285,0.4543269230769231,0.5517241379310345
1,2.0,0.41379310344827586,0.23076923076923078,0.2387267904509284,0.4,0.41379310344827586,0.29268292682926833,0.30277544154751895,0.4,0.5172413793103449
2,3.0,0.39285714285714285,0.30952380952380953,0.3333333333333333,0.3541666666666667,0.39285714285714285,0.32290184921763865,0.3539930908351961,0.35416666666666663,0.5714285714285714
3,4.0,0.42857142857142855,0.35555555555555557,0.46507936507936515,0.3375,0.42857142857142855,0.3450292397660819,0.44527986633249794,0.3375,0.7142857142857143
4,5.0,0.5,0.5,0.5,0.5,0.5,0.4759358288770053,0.4759358288770053,0.5,0.5
