,standard,sqrt.dist=T,add=T
batch,0.006174154545305984,0.006838561154102926,0.0065872201836916795
False,,,
