,PC_0_p,PC_1_p,PC_0_bc_distance,PC_1_bc_distance
0,0.572436273940827,0.1442072118814164,0.9580811216207742,0.9580811216207742
