,PC_0_p,PC_1_p,PC_0_bc_distance,PC_1_bc_distance
0,0.6613920672959547,0.2239998381224044,0.8493526599395451,0.7810319740648529
