,PC_0_p,PC_1_p,PC_0_bc_distance,PC_1_bc_distance
0,0.28220462403991137,0.013343847484712014,0.40433845287168113,0.1302040435511075
