,PC_0_p,PC_1_p,PC_0_bc_distance,PC_1_bc_distance
0,0.9115373336788937,0.6674469522100024,0.7097687487280377,0.3931214794765323
