,standard,sqrt.dist=T,add=T
batch,0.009527437058289668,0.009708701538458054,0.009728716289822796
gender,,,
