,fold,average_acc,macro_prec,weighted_prec,macro_recall,weighted_recall,macro_f1,weighted_f1,auc,baseline_likelihood
0,1.0,0.6935483870967742,0.35833333333333334,0.5201612903225806,0.4777777777777778,0.6935483870967742,0.40952380952380957,0.5944700460829494,0.4777777777777778,0.7258064516129032
1,2.0,0.7903225806451613,0.3951612903225806,0.6246097814776275,0.5,0.7903225806451613,0.44144144144144143,0.6977622784074397,0.5,0.7903225806451613
2,3.0,0.7868852459016393,0.39344262295081966,0.6191883902176835,0.5,0.7868852459016393,0.4403669724770642,0.6930365468491502,0.5,0.7868852459016393
3,4.0,0.7213114754098361,0.36065573770491804,0.5202902445579145,0.5,0.7213114754098361,0.41904761904761906,0.6045277127244341,0.5,0.7213114754098361
4,5.0,0.8032786885245902,0.5804597701149425,0.7384586395326926,0.5254545454545454,0.8032786885245902,0.5158730158730159,0.7543585740307053,0.5254545454545454,0.819672131147541
