,standard,sqrt.dist=T,add=T
batch,0.009157701086814468,0.009418136103169395,0.009628146110376105
gender,,,
