,PC_0_p,PC_1_p,PC_0_bc_distance,PC_1_bc_distance
0,0.6554320012704273,0.055549157090925366,0.29864287903594755,0.6137609522780061
