,PC_0_p,PC_1_p,PC_0_bc_distance,PC_1_bc_distance
0,0.5952932202371819,0.11288309157174849,0.3917241208231732,0.3903370841266035
