,standard,sqrt.dist=T,add=T
batch,0.010905641062132205,0.010912317926300758,0.010103595216067303
gender,,,
