,PC_0_p,PC_1_p,PC_0_bc_distance,PC_1_bc_distance
0,0.34119931439323586,0.16965410969384664,0.646482947336033,0.9574482075418624
