,PC_0_p,PC_1_p,PC_0_bc_distance,PC_1_bc_distance
0,0.8120058967153532,0.03696852629214658,0.6666663471864616,0.6914483074261626
