,fold,average_acc,macro_prec,weighted_prec,macro_recall,weighted_recall,macro_f1,weighted_f1,auc,baseline_likelihood
0,1.0,1.0,1.0,1.0,1.0,1.0,1.0,1.0,1.0,0.5066666666666667
1,2.0,1.0,1.0,1.0,1.0,1.0,1.0,1.0,1.0,0.5266666666666666
2,3.0,1.0,1.0,1.0,1.0,1.0,1.0,1.0,1.0,0.5066666666666667
3,4.0,1.0,1.0,1.0,1.0,1.0,1.0,1.0,1.0,0.5333333333333333
4,5.0,0.98,0.9797297297297297,0.9808108108108108,0.9810126582278481,0.98,0.9799777530589544,0.9800133481646273,0.9810126582278481,0.5266666666666666
