,standard,sqrt.dist=T,add=T
batch,0.005971958868339888,0.006060291409213122,0.006086949883676927
False,,,
