,fold,average_acc,macro_prec,weighted_prec,macro_recall,weighted_recall,macro_f1,weighted_f1,auc,baseline_likelihood
0,1.0,0.3469387755102041,0.08673469387755102,0.12036651395251978,0.25,0.3469387755102041,0.12878787878787878,0.17872603586889302,0.5,0.35714285714285715
1,2.0,0.4329896907216495,0.10824742268041238,0.18748007227122968,0.25,0.4329896907216495,0.1510791366906475,0.26166283468070906,0.5,0.4329896907216495
2,3.0,0.41237113402061853,0.10309278350515463,0.17004995217345092,0.25,0.41237113402061853,0.14598540145985403,0.2408006622018211,0.5,0.41237113402061853
3,4.0,0.4329896907216495,0.11052631578947368,0.19598480737927293,0.2441860465116279,0.4329896907216495,0.15217391304347824,0.2698341550874047,0.4960294596922504,0.44329896907216493
4,5.0,0.3917525773195876,0.09895833333333333,0.15506872852233677,0.25,0.3917525773195876,0.1417910447761194,0.22218802892752731,0.5004294548786075,0.3917525773195876
