,fold,average_acc,macro_prec,weighted_prec,macro_recall,weighted_recall,macro_f1,weighted_f1,auc,baseline_likelihood
0,1.0,0.4387755102040816,0.1096938775510204,0.19252394835485212,0.25,0.4387755102040816,0.1524822695035461,0.26762194239397885,0.5,0.4387755102040816
1,2.0,0.38144329896907214,0.09536082474226804,0.14549899032840896,0.25,0.38144329896907214,0.1380597014925373,0.21064779196799505,0.5,0.38144329896907214
2,3.0,0.422680412371134,0.1056701030927835,0.1786587310022319,0.25,0.422680412371134,0.14855072463768115,0.2511579261915434,0.5,0.422680412371134
3,4.0,0.422680412371134,0.1056701030927835,0.1786587310022319,0.25,0.422680412371134,0.14855072463768115,0.2511579261915434,0.5,0.422680412371134
4,5.0,0.36082474226804123,0.09020618556701031,0.1301944946327984,0.25,0.36082474226804123,0.13257575757575757,0.19134645423305216,0.5,0.3711340206185567
