,standard,sqrt.dist=T,add=T
batch,0.004225826750749189,0.00417863955257438,0.00422582675074919
False,,,
