,standard,sqrt.dist=T,add=T
batch,0.0042698311520882205,0.004246334595002623,0.004269831152088219
False,,,
