,fold,average_acc,macro_prec,weighted_prec,macro_recall,weighted_recall,macro_f1,weighted_f1,auc,baseline_likelihood
0,1.0,0.42857142857142855,0.11052631578947368,0.19849624060150375,0.23863636363636365,0.42857142857142855,0.1510791366906475,0.27132579650565264,0.4913513064921516,0.4489795918367347
1,2.0,0.3711340206185567,0.09375,0.14304123711340205,0.24324324324324326,0.3711340206185567,0.13533834586466167,0.20649562049453535,0.4948359073359073,0.38144329896907214
2,3.0,0.29896907216494845,0.07474226804123711,0.08938250611117016,0.25,0.29896907216494845,0.11507936507936507,0.13762068401243657,0.5,0.4020618556701031
3,4.0,0.4948453608247423,0.13043478260869565,0.2635589421783953,0.24489795918367346,0.4948453608247423,0.1702127659574468,0.3439350734810266,0.49906282935709495,0.5051546391752577
4,5.0,0.38144329896907214,0.09840425531914894,0.15420048256196536,0.24342105263157895,0.38144329896907214,0.14015151515151517,0.2196188691034052,0.49566612431053764,0.3917525773195876
