,PC_0_p,PC_1_p,PC_0_bc_distance,PC_1_bc_distance
0,0.16308872165124405,0.3095266814585063,0.11994237121321326,0.6601379776803402
