,PC_0_p,PC_1_p,PC_0_bc_distance,PC_1_bc_distance
0,0.6261166708890988,0.0724285290849821,0.7831889208689744,0.04500339310059184
