,fold,average_acc,macro_prec,weighted_prec,macro_recall,weighted_recall,macro_f1,weighted_f1,auc,baseline_likelihood
0,1.0,0.41836734693877553,0.18859649122807015,0.2713927676333691,0.2528310104529617,0.41836734693877553,0.1631878557874763,0.2645316190992526,0.502230041567333,0.41836734693877553
1,2.0,0.44329896907216493,0.11197916666666667,0.20317869415807563,0.24431818181818182,0.44329896907216493,0.15357142857142855,0.2786450662739322,0.4953208556149733,0.4536082474226804
2,3.0,0.3917525773195876,0.0979381443298969,0.15347008183653948,0.25,0.3917525773195876,0.14074074074074075,0.22054219167621228,0.5,0.3917525773195876
3,4.0,0.3711340206185567,0.09278350515463918,0.13774046126049527,0.25,0.3711340206185567,0.13533834586466165,0.2009146577784668,0.5,0.3711340206185567
4,5.0,0.3917525773195876,0.0979381443298969,0.15347008183653948,0.25,0.3917525773195876,0.14074074074074075,0.22054219167621228,0.5,0.3917525773195876
