,PC_0_p,PC_1_p,PC_0_bc_distance,PC_1_bc_distance
0,0.04461203054052013,0.3976542130080853,0.08206015032629381,0.25583257736583187
