,PC_0_p,PC_1_p,PC_0_bc_distance,PC_1_bc_distance
0,0.6650580444756418,0.27886426778665657,0.6766240133859522,0.24644385269972455
