,standard,sqrt.dist=T,add=T
batch,0.006228935048982798,0.00624290642416978,0.006205588865853885
False,,,
