,standard,sqrt.dist=T,add=T
batch,0.007894614096452781,0.007019774101104074,0.006969638969042325
False,,,
