,PC_0_p,PC_1_p,PC_0_bc_distance,PC_1_bc_distance
0,0.12195279025828239,0.758997595719712,0.1427356327024691,0.9998962465115603
