,standard,sqrt.dist=T,add=T
batch,0.004739232251237928,0.004441153290458667,0.004739232251237921
False,,,
