,standard,sqrt.dist=T,add=T
batch,0.006405725304718673,0.006291229906677668,0.006286570631876207
False,,,
