,standard,sqrt.dist=T,add=T
batch,0.004173073002361659,0.0041473381275219144,0.004173073002361658
False,,,
