,standard,sqrt.dist=T,add=T
batch,0.003966858339728349,0.004129613116548359,0.004051750748649092
False,,,
