,PC_0_p,PC_1_p,PC_0_bc_distance,PC_1_bc_distance
0,0.08410912491866873,0.38469215378396554,0.09612350423974791,0.7541930374755139
