,standard,sqrt.dist=T,add=T
batch,0.005318861995695166,0.004711737932143639,0.004675480212171669
False,,,
