,standard,sqrt.dist=T,add=T
batch,0.006651963888993946,0.006427964975333532,0.006400889889025996
False,,,
