,standard,sqrt.dist=T,add=T
batch,0.004301883673134186,0.004241605595435739,0.004301883673134185
False,,,
