,fold,average_acc,macro_prec,weighted_prec,macro_recall,weighted_recall,macro_f1,weighted_f1,auc,baseline_likelihood
0,1.0,0.37755102040816324,0.09536082474226804,0.14790658531453818,0.24342105263157895,0.37755102040816324,0.137037037037037,0.21254724111866966,0.4947574013157895,0.3877551020408163
1,2.0,0.4329896907216495,0.109375,0.18943298969072164,0.25,0.4329896907216495,0.15217391304347827,0.2635589421783954,0.5003787878787879,0.4329896907216495
2,3.0,0.41237113402061853,0.10309278350515463,0.17004995217345092,0.25,0.41237113402061853,0.14598540145985403,0.2408006622018211,0.5,0.41237113402061853
3,4.0,0.41237113402061853,0.10309278350515463,0.17004995217345092,0.25,0.41237113402061853,0.14598540145985403,0.2408006622018211,0.5,0.41237113402061853
4,5.0,0.36082474226804123,0.1423913043478261,0.1904527117884357,0.2401463963963964,0.36082474226804123,0.14902432504677893,0.21813451941015824,0.49239054979637176,0.38144329896907214
