,fold,average_acc,macro_prec,weighted_prec,macro_recall,weighted_recall,macro_f1,weighted_f1,auc,baseline_likelihood
0,1.0,0.41836734693877553,0.10459183673469388,0.17503123698458975,0.25,0.41836734693877553,0.14748201438848924,0.24680663632359423,0.5,0.41836734693877553
1,2.0,0.422680412371134,0.1056701030927835,0.1786587310022319,0.25,0.422680412371134,0.14855072463768115,0.2511579261915434,0.5,0.422680412371134
2,3.0,0.44329896907216493,0.11082474226804123,0.19651397598044426,0.25,0.44329896907216493,0.15357142857142855,0.2723122238586156,0.5,0.44329896907216493
3,4.0,0.38144329896907214,0.09536082474226804,0.14549899032840896,0.25,0.38144329896907214,0.1380597014925373,0.21064779196799505,0.5,0.3917525773195876
4,5.0,0.36082474226804123,0.09020618556701031,0.1301944946327984,0.25,0.36082474226804123,0.13257575757575757,0.19134645423305216,0.5,0.36082474226804123
