,fold,average_acc,macro_prec,weighted_prec,macro_recall,weighted_recall,macro_f1,weighted_f1,auc,baseline_likelihood
0,1.0,0.40816326530612246,0.10204081632653061,0.16659725114535612,0.25,0.40816326530612246,0.14492753623188406,0.23661638568470866,0.5,0.40816326530612246
1,2.0,0.3402061855670103,0.08776595744680851,0.1302917306426848,0.22916666666666666,0.3402061855670103,0.12692307692307692,0.18842188739095955,0.4840686274509804,0.3711340206185567
2,3.0,0.38144329896907214,0.09635416666666667,0.14701460481099657,0.25,0.38144329896907214,0.13909774436090225,0.21223160995271684,0.5001602564102564,0.38144329896907214
3,4.0,0.44329896907216493,0.11082474226804123,0.19651397598044426,0.25,0.44329896907216493,0.15357142857142855,0.2723122238586156,0.5,0.44329896907216493
4,5.0,0.422680412371134,0.23026315789473684,0.31714595767769943,0.2531616982836495,0.422680412371134,0.1643002028397566,0.267832123962276,0.5020272777132533,0.422680412371134
