,standard,sqrt.dist=T,add=T
batch,0.004690667383413782,0.004416768178378184,0.004383817886665605
False,,,
