,fold,average_acc,macro_prec,weighted_prec,macro_recall,weighted_recall,macro_f1,weighted_f1,auc,baseline_likelihood
0,1.0,0.4897959183673469,0.23076923076923078,0.3784480825297152,0.2545918367346939,0.4897959183673469,0.20125482625482627,0.3710700496414783,0.5025960384153662,0.5
1,2.0,0.38144329896907214,0.09536082474226804,0.14549899032840896,0.25,0.38144329896907214,0.1380597014925373,0.21064779196799505,0.5,0.38144329896907214
2,3.0,0.38144329896907214,0.21973684210526317,0.3301139446554531,0.2501876876876877,0.38144329896907214,0.1495215311004785,0.22759335076209739,0.5001279968493083,0.38144329896907214
3,4.0,0.4020618556701031,0.225,0.2948453608247423,0.2532051282051282,0.4020618556701031,0.15964818763326225,0.24718088497131427,0.5019971731360755,0.4020618556701031
4,5.0,0.36082474226804123,0.09020618556701031,0.1301944946327984,0.25,0.36082474226804123,0.13257575757575757,0.19134645423305216,0.5,0.36082474226804123
