,standard,sqrt.dist=T,add=T
batch,0.004491006532781765,0.004260869380179423,0.0042932816392768575
False,,,
