,standard,sqrt.dist=T,add=T
batch,0.005292260128789405,0.0047506074755260625,0.00529226012878939
False,,,
