,standard,sqrt.dist=T,add=T
batch,0.007733926114172378,0.007095486566361155,0.006895918974998299
False,,,
