,standard,sqrt.dist=T,add=T
batch,0.004316645354915408,0.004268527910387367,0.0042122250810186996
False,,,
