,PC_0_p,PC_1_p,PC_0_bc_distance,PC_1_bc_distance
0,8.406502111948162e-39,0.038624837284341594,6.923850039984447e-43,4.910890662553956e-27
