,PC_0_p,PC_1_p,PC_0_bc_distance,PC_1_bc_distance
0,6.817778711220405e-38,0.05500297933804064,1.8662691433852318e-43,3.367080944149079e-28
