,standard,sqrt.dist=T,add=T
batch,0.052794152429273655,0.046472469372522994,0.04905596332134354
gender,,,
