,PC_0_p,PC_1_p,PC_0_bc_distance,PC_1_bc_distance
0,0.6272760102663046,0.8643813964786398,0.036011333572000516,0.8102854974326332
