,fold,average_acc,macro_prec,weighted_prec,macro_recall,weighted_recall,macro_f1,weighted_f1,auc,baseline_likelihood
0,1.0,0.4,0.4,0.4800000000000001,0.38095238095238093,0.4,0.375,0.425,0.38095238095238093,0.7
1,2.0,0.2,0.1,0.04,0.5,0.2,0.16666666666666669,0.06666666666666668,0.5,0.8
2,3.0,0.4,0.4375,0.45,0.4583333333333333,0.4,0.375,0.35,0.4583333333333333,0.6
3,4.0,0.6,0.7142857142857143,0.8285714285714285,0.7142857142857143,0.6,0.6,0.6,0.7142857142857143,0.7
4,5.0,0.5,0.45238095238095233,0.47619047619047616,0.4583333333333333,0.5,0.4505494505494505,0.48351648351648346,0.45833333333333337,0.6
