,fold,average_acc,macro_prec,weighted_prec,macro_recall,weighted_recall,macro_f1,weighted_f1,auc,baseline_likelihood
0,1.0,0.5,0.5,0.5,0.5,0.5,0.4949494949494949,0.494949494949495,0.5,0.5
1,2.0,0.7,0.6904761904761905,0.6952380952380952,0.6666666666666667,0.7,0.6703296703296704,0.6901098901098901,0.6666666666666667,0.6
2,3.0,0.5,0.5476190476190476,0.5714285714285714,0.5416666666666666,0.5,0.4949494949494949,0.48484848484848475,0.5416666666666667,0.6
3,4.0,0.6,0.6190476190476191,0.619047619047619,0.6000000000000001,0.6,0.5833333333333333,0.5833333333333333,0.6000000000000001,0.5
4,5.0,0.6,0.5833333333333333,0.6,0.5833333333333333,0.6,0.5833333333333333,0.6,0.5833333333333333,0.6
