,standard,sqrt.dist=T,add=T
batch,0.05281667099087682,0.04601432804504473,0.049071454009739744
gender,,,
