,PC_0_p,PC_1_p,PC_0_bc_distance,PC_1_bc_distance
0,0.3345933999941515,0.5110147303153405,0.07731565482412414,0.1828985723199167
