,PC_0_p,PC_1_p,PC_0_bc_distance,PC_1_bc_distance
0,0.2952811129950973,0.44425486420975346,0.06986488217885417,0.6449058251330557
