,standard,sqrt.dist=T,add=T
batch,0.020347490443796547,0.0198849041444965,0.02036642597370266
gender,,,
