,fold,average_acc,macro_prec,weighted_prec,macro_recall,weighted_recall,macro_f1,weighted_f1,auc,baseline_likelihood
0,1.0,0.5,0.5,0.5,0.5,0.5,0.4949494949494949,0.494949494949495,0.5,0.5
1,2.0,0.5,0.45238095238095233,0.47619047619047616,0.4583333333333333,0.5,0.4505494505494505,0.48351648351648346,0.45833333333333337,0.6
2,3.0,0.4,0.41666666666666663,0.4333333333333333,0.41666666666666663,0.4,0.4,0.4,0.41666666666666663,0.6
3,4.0,0.7,0.6904761904761905,0.6952380952380952,0.6666666666666667,0.7,0.6703296703296704,0.6901098901098901,0.6666666666666667,0.6
4,5.0,0.5,0.6875,0.8125,0.6428571428571428,0.5,0.4949494949494949,0.47474747474747475,0.6428571428571428,0.7
