,fold,average_acc,macro_prec,weighted_prec,macro_recall,weighted_recall,macro_f1,weighted_f1,auc,baseline_likelihood
0,1.0,0.5666666666666667,0.5657894736842105,0.5745614035087718,0.5669683257918552,0.5666666666666667,0.5643236963224452,0.5685836424028479,0.5669683257918552,0.5666666666666667
1,2.0,0.5266666666666666,0.5374163879598661,0.5381577480490524,0.5318448674613059,0.5266666666666666,0.5108171420697258,0.5084690643516604,0.5318448674613059,0.5133333333333333
2,3.0,0.56,0.5582844574780059,0.5586803519061584,0.5566239316239316,0.56,0.5549361625606906,0.5568351016004315,0.5566239316239316,0.52
3,4.0,0.56,0.6029106029106028,0.61006237006237,0.5797101449275363,0.56,0.5416666666666666,0.5343333333333333,0.5797101449275364,0.54
4,5.0,0.4866666666666667,0.498015873015873,0.49939153439153433,0.49839543590657875,0.4866666666666667,0.4667343829355002,0.4612358219062129,0.4983954359065787,0.5266666666666666
