,fold,average_acc,macro_prec,weighted_prec,macro_recall,weighted_recall,macro_f1,weighted_f1,auc,baseline_likelihood
0,1,0.7653061224489796,0.7163710273466372,0.7864081330980287,0.7045833333333333,0.7653061224489796,0.7012780252437784,0.7672543413057743,0.8096794499009219,0.45918367346938777
1,2,0.8247422680412371,0.90625,0.8518041237113402,0.7184388192452709,0.8247422680412371,0.7542031922235437,0.8085077621207779,0.8220981975014233,0.4329896907216495
2,3,0.7422680412371134,0.608974358974359,0.6444620671424794,0.6367231286586126,0.7422680412371134,0.6108543417366947,0.6814115336856392,0.7679827764505185,0.38144329896907214
3,4,0.7422680412371134,0.8480548469387755,0.8034267830843678,0.6253205128205128,0.7422680412371134,0.6253480545823344,0.7128021922662352,0.7640283007418194,0.3711340206185567
4,5,0.8350515463917526,0.6648484848484848,0.7598000624804748,0.6913130961844197,0.8350515463917526,0.6711645417985797,0.7886454153394512,0.8126437275793893,0.38144329896907214
5,mean,0.7819272038712393,0.7488997436216513,0.7691802339033382,0.6752757780484299,0.7819272038712393,0.6725696311169862,0.7517242489435756,0.7952864904348145,0.4052387965495477
