,fold,average_acc,macro_prec,weighted_prec,macro_recall,weighted_recall,macro_f1,weighted_f1,auc,baseline_likelihood
0,1.0,0.8466666666666667,0.8470912648994842,0.8473035640158928,0.8469061166429588,0.8466666666666667,0.8466598515489577,0.8466462213135398,0.8469061166429588,0.5066666666666667
1,2.0,0.8266666666666667,0.828322362568938,0.834945146178023,0.8318647725229276,0.8266666666666667,0.826388888888889,0.8271296296296297,0.8318647725229276,0.5533333333333333
2,3.0,0.8533333333333334,0.8609769189479335,0.8737162283056001,0.865158371040724,0.8533333333333334,0.8532289628180039,0.853750815394651,0.865158371040724,0.5666666666666667
3,4.0,0.9266666666666666,0.927275960170697,0.9309317211948792,0.929951690821256,0.9266666666666666,0.9265850945494994,0.9267808676307008,0.929951690821256,0.54
4,5.0,0.8466666666666667,0.8499370616795541,0.8495282623029431,0.8460170697012802,0.8466666666666667,0.8461126722868995,0.8462357821490699,0.8460170697012802,0.5066666666666667
