,standard,sqrt.dist=T,add=T
batch,0.04440293310023268,0.04235318169449467,0.04440293310023272
gender,,,
