,PC_0_p,PC_1_p,PC_0_bc_distance,PC_1_bc_distance
0,0.04687592880448648,0.8910201512774045,0.039126438550060094,0.8193731467312597
