,standard,sqrt.dist=T,add=T
batch,0.044020361768950605,0.04267753985022857,0.04317240834024346
gender,0.02343254643098472,0.022607486624423166,0.022632138231856617
