,standard,sqrt.dist=T,add=T
batch,0.04402036176895061,0.042677539850228575,0.043172408340243454
gender,0.02343254643098472,0.02260748662442317,0.02263213823185662
