,fold,average_acc,macro_prec,weighted_prec,macro_recall,weighted_recall,macro_f1,weighted_f1,auc,baseline_likelihood
0,1.0,0.5,0.5,0.5,0.5,0.5,0.4949494949494949,0.494949494949495,0.5,0.5
1,2.0,0.1,0.1,0.12000000000000002,0.08333333333333333,0.1,0.0909090909090909,0.10909090909090909,0.08333333333333331,0.6
2,3.0,0.5,0.5,0.5,0.5,0.5,0.4949494949494949,0.494949494949495,0.5,0.5
3,4.0,0.4,0.4375,0.45,0.4583333333333333,0.4,0.375,0.35,0.4583333333333333,0.6
4,5.0,0.4,0.4375,0.45,0.4583333333333333,0.4,0.375,0.35,0.4583333333333333,0.6
