,fold,average_acc,macro_prec,weighted_prec,macro_recall,weighted_recall,macro_f1,weighted_f1,auc,baseline_likelihood
0,1.0,0.5,0.25,0.25,0.5,0.5,0.3333333333333333,0.3333333333333333,0.5,0.5
1,2.0,0.5,0.5,0.5199999999999999,0.5,0.5,0.4949494949494949,0.505050505050505,0.5,0.6
2,3.0,0.8,0.875,0.85,0.75,0.8,0.7619047619047619,0.7809523809523808,0.75,0.6
3,4.0,0.5,0.45238095238095233,0.47619047619047616,0.4583333333333333,0.5,0.4505494505494505,0.48351648351648346,0.45833333333333337,0.6
4,5.0,0.6,0.7142857142857143,0.8285714285714285,0.7142857142857143,0.6,0.6,0.6,0.7142857142857143,0.7
