,fold,average_acc,macro_prec,weighted_prec,macro_recall,weighted_recall,macro_f1,weighted_f1,auc,baseline_likelihood
0,1.0,0.5,0.5416666666666666,0.625,0.5476190476190476,0.5,0.4949494949494949,0.5151515151515151,0.5476190476190477,0.7
1,2.0,0.4,0.4,0.4800000000000001,0.38095238095238093,0.4,0.375,0.425,0.38095238095238093,0.7
2,3.0,0.7,0.8125,0.8125,0.7,0.7,0.6703296703296704,0.6703296703296704,0.7,0.5
3,4.0,0.4,0.38095238095238093,0.38095238095238093,0.4,0.4,0.375,0.375,0.4,0.5
4,5.0,0.4,0.41666666666666663,0.4333333333333333,0.41666666666666663,0.4,0.4,0.4,0.41666666666666663,0.6
