,fold,average_acc,macro_prec,weighted_prec,macro_recall,weighted_recall,macro_f1,weighted_f1,auc,baseline_likelihood
0,1.0,0.4,0.38095238095238093,0.38095238095238093,0.4,0.4,0.375,0.375,0.4,0.5
1,2.0,0.5,0.5476190476190476,0.5714285714285714,0.5416666666666666,0.5,0.4949494949494949,0.48484848484848475,0.5416666666666667,0.6
2,3.0,0.6,0.75,0.8,0.6666666666666666,0.6,0.5833333333333333,0.5666666666666667,0.6666666666666667,0.6
3,4.0,0.6,0.6,0.6,0.6,0.6,0.6,0.6,0.6,0.5
4,5.0,0.4,0.25,0.3,0.3333333333333333,0.4,0.28571428571428575,0.34285714285714286,0.33333333333333337,0.6
