,standard,sqrt.dist=T,add=T
batch,0.016738311920342468,0.018804349162699994,0.017711973283677934
gender,,,
