,standard,sqrt.dist=T,add=T
batch,0.04402036176895062,0.04267753985022857,0.043172408340243454
gender,,,
