,standard,sqrt.dist=T,add=T
batch,0.04402499723064233,0.042681237296019206,0.04317369335083443
gender,,,
