,standard,sqrt.dist=T,add=T
batch,0.016706597311773725,0.01878822982161627,0.017686223098758273
gender,,,
