,PC_0_p,PC_1_p,PC_0_bc_distance,PC_1_bc_distance
0,0.047759913193738304,0.889302663917908,0.039126438550060656,0.8193731467312597
