,fold,average_acc,macro_prec,weighted_prec,macro_recall,weighted_recall,macro_f1,weighted_f1,auc,baseline_likelihood
0,1.0,0.5,0.6875,0.8125,0.6428571428571428,0.5,0.4949494949494949,0.47474747474747475,0.6428571428571428,0.7
1,2.0,0.5,0.2777777777777778,0.33333333333333337,0.4166666666666667,0.5,0.33333333333333337,0.4,0.4166666666666667,0.6
2,3.0,0.2,0.20833333333333331,0.21666666666666665,0.20833333333333331,0.2,0.2,0.2,0.20833333333333331,0.6
3,4.0,0.3,0.375,0.425,0.40476190476190477,0.3,0.29292929292929293,0.26464646464646463,0.40476190476190477,0.7
4,5.0,0.5,0.5476190476190476,0.5714285714285714,0.5416666666666666,0.5,0.4949494949494949,0.48484848484848475,0.5416666666666667,0.6
