,standard,sqrt.dist=T,add=T
batch,0.016706597311773725,0.018788229821616275,0.017686223098758277
gender,,,
