,standard,sqrt.dist=T,add=T
batch,0.03684824004529948,0.03946758822747146,0.03684824004529949
gender,,,
