,standard,sqrt.dist=T,add=T
batch,0.01670659731177373,0.018788229821616275,0.017686223098758273
gender,,,
