,standard,sqrt.dist=T,add=T
batch,0.007042354940184574,0.007276673854595437,0.007042354940184575
False,,,
