,fold,average_acc,macro_prec,weighted_prec,macro_recall,weighted_recall,macro_f1,weighted_f1,auc,baseline_likelihood
0,1.0,0.5172413793103449,0.5108695652173914,0.5112443778110944,0.5071428571428571,0.5172413793103449,0.46578947368421053,0.4715063520871144,0.5071428571428571,0.5172413793103449
1,2.0,0.3448275862068966,0.2767857142857143,0.29248768472906406,0.31971153846153844,0.3448275862068966,0.2908622908622908,0.31109927661651793,0.31971153846153844,0.5517241379310345
2,3.0,0.42857142857142855,0.3333333333333333,0.35714285714285715,0.3854166666666667,0.42857142857142855,0.3450292397660819,0.3784461152882206,0.38541666666666663,0.5714285714285714
3,4.0,0.6785714285714286,0.625,0.6696428571428571,0.6169590643274854,0.6785714285714286,0.6199095022624435,0.6732385261797026,0.6169590643274854,0.6785714285714286
4,5.0,0.4642857142857143,0.5533333333333333,0.5695238095238094,0.5208333333333333,0.4642857142857143,0.4025604551920341,0.375127006705954,0.5208333333333333,0.5714285714285714
