,fold,average_acc,macro_prec,weighted_prec,macro_recall,weighted_recall,macro_f1,weighted_f1,auc,baseline_likelihood
0,1.0,0.4482758620689655,0.24074074074074073,0.2490421455938697,0.43333333333333335,0.4482758620689655,0.30952380952380953,0.3201970443349754,0.43333333333333335,0.5172413793103449
1,2.0,0.5517241379310345,0.461038961038961,0.515450067174205,0.46842105263157896,0.5517241379310345,0.45911047345767575,0.5285707218126948,0.4684210526315789,0.6551724137931034
2,3.0,0.42857142857142855,0.3939393939393939,0.3939393939393939,0.4285714285714286,0.42857142857142855,0.37777777777777777,0.3777777777777778,0.4285714285714286,0.5
3,4.0,0.39285714285714285,0.33333333333333337,0.32738095238095244,0.41794871794871796,0.39285714285714285,0.3229018492176387,0.30735622840885995,0.4179487179487179,0.5357142857142857
4,5.0,0.4642857142857143,0.4277777777777778,0.45515873015873015,0.4304812834224599,0.4642857142857143,0.4285714285714286,0.45918367346938777,0.43048128342245995,0.6071428571428571
