,PC_0_p,PC_1_p,PC_0_bc_distance,PC_1_bc_distance
0,0.9471601070392797,0.8459802772952223,0.6492724838419126,0.566232905176955
