,standard,sqrt.dist=T,add=T
batch,0.012869183089184373,0.011790432946080797,0.00935375601601994
False,,,
