,standard,sqrt.dist=T,add=T
batch,0.00320493183512042,0.004814502687245242,0.005627285501837847
False,,,
