,PC_0_p,PC_1_p,PC_0_bc_distance,PC_1_bc_distance
0,0.6624806978445007,0.9507994439907342,0.485794001443428,0.34995096156618744
