,PC_0_p,PC_1_p,PC_0_bc_distance,PC_1_bc_distance
0,0.3889324039174886,0.36669027199334625,0.1417127436289079,0.08951305978240569
