,standard,sqrt.dist=T,add=T
batch,0.00793190520357975,0.007464495788494014,0.007931905203579745
False,,,
