,standard,sqrt.dist=T,add=T
batch,0.008682501267867184,0.00962844980431829,0.007714765745884859
False,,,
