,fold,average_acc,macro_prec,weighted_prec,macro_recall,weighted_recall,macro_f1,weighted_f1,auc,baseline_likelihood
0,1.0,0.6206896551724138,0.5144927536231884,0.5832083958020988,0.5111111111111111,0.6206896551724138,0.5054263565891473,0.595990376904571,0.5111111111111111,0.6896551724137931
1,2.0,0.5862068965517241,0.6708333333333334,0.675287356321839,0.5976190476190476,0.5862068965517241,0.5421052631578946,0.5372050816696914,0.5976190476190477,0.5172413793103449
2,3.0,0.5357142857142857,0.44666666666666666,0.4628571428571429,0.4791666666666667,0.5357142857142857,0.408130081300813,0.44738675958188157,0.47916666666666663,0.5714285714285714
3,4.0,0.42857142857142855,0.38095238095238093,0.38775510204081626,0.41025641025641024,0.42857142857142855,0.37777777777777777,0.3904761904761905,0.41025641025641024,0.5357142857142857
4,5.0,0.5,0.7407407407407407,0.7592592592592593,0.5333333333333333,0.5,0.3875,0.36875,0.5333333333333333,0.5357142857142857
