,standard,sqrt.dist=T,add=T
batch,0.008939824915260276,0.00784058348207669,0.007815502074164104
False,,,
