,standard,sqrt.dist=T,add=T
batch,0.005697283369201801,0.0062258521004475926,0.005697283369201811
False,,,
