,PC_0_p,PC_1_p,PC_0_bc_distance,PC_1_bc_distance
0,0.1404780054547025,0.12073085217748868,0.10615888392343846,0.1653892532816032
