,standard,sqrt.dist=T,add=T
batch,0.005590119989979336,0.005797823200062109,0.0065041691344587035
False,,,
