,standard,sqrt.dist=T,add=T
batch,0.006553953258826115,0.0061558417596889155,0.006881487836259487
False,,,
