,fold,average_acc,macro_prec,weighted_prec,macro_recall,weighted_recall,macro_f1,weighted_f1,auc,baseline_likelihood
0,1.0,0.4482758620689655,0.46739130434782605,0.4707646176911544,0.47836538461538464,0.4482758620689655,0.4141414141414141,0.39951236502960635,0.4783653846153846,0.5517241379310345
1,2.0,0.4482758620689655,0.24074074074074073,0.2490421455938697,0.43333333333333335,0.4482758620689655,0.30952380952380953,0.3201970443349754,0.43333333333333335,0.5172413793103449
2,3.0,0.5357142857142857,0.5213903743315508,0.5309396485867074,0.5208333333333334,0.5357142857142857,0.5204216073781291,0.5326557500470545,0.5208333333333333,0.5714285714285714
3,4.0,0.2857142857142857,0.3333333333333333,0.40476190476190477,0.3125,0.2857142857142857,0.28205128205128205,0.304029304029304,0.3125,0.7142857142857143
4,5.0,0.6071428571428571,0.78,0.78,0.6071428571428571,0.6071428571428571,0.5354449472096531,0.5354449472096531,0.6071428571428572,0.5
