,standard,sqrt.dist=T,add=T
batch,0.013837631325923116,0.009714413012080978,0.009732881372301475
False,,,
