,standard,sqrt.dist=T,add=T
batch,0.003235071732175687,0.005561816975576019,0.005582221552823665
False,,,
