,fold,average_acc,macro_prec,weighted_prec,macro_recall,weighted_recall,macro_f1,weighted_f1,auc,baseline_likelihood
0,1.0,0.4482758620689655,0.44362745098039214,0.44455713319810686,0.4452380952380952,0.4482758620689655,0.4423076923076923,0.44429708222811665,0.4452380952380952,0.5172413793103449
1,2.0,0.5862068965517241,0.55,0.5586206896551724,0.5245098039215687,0.5862068965517241,0.48214285714285715,0.5221674876847291,0.5245098039215687,0.5862068965517241
2,3.0,0.6071428571428571,0.59375,0.6138392857142857,0.5962566844919786,0.6071428571428571,0.5942028985507246,0.6097308488612836,0.5962566844919786,0.6071428571428571
3,4.0,0.5,0.5,0.5,0.5,0.5,0.4555555555555556,0.4555555555555556,0.5,0.5
4,5.0,0.39285714285714285,0.35,0.35714285714285715,0.3769230769230769,0.39285714285714285,0.3523809523809524,0.36394557823129253,0.3769230769230769,0.5357142857142857
