,standard,sqrt.dist=T,add=T
batch,0.007341277873402779,0.007207653811216127,0.0073412778734027765
False,,,
