,standard,sqrt.dist=T,add=T
batch,0.006049255156769659,0.0072686425797099845,0.00669916626244157
False,,,
