,fold,average_acc,macro_prec,weighted_prec,macro_recall,weighted_recall,macro_f1,weighted_f1,auc,baseline_likelihood
0,1.0,0.62,0.6075704549640818,0.6191121753545773,0.6070381231671553,0.62,0.6072757337742869,0.6195287308805291,0.6070381231671554,0.5866666666666667
1,2.0,0.5533333333333333,0.5448782961460445,0.5461156186612577,0.5316693505099302,0.5533333333333333,0.5047065201320783,0.5171218766941009,0.5316693505099302,0.54
2,3.0,0.5,0.52079107505071,0.5228194726166329,0.5146193617400606,0.5,0.4676068335620652,0.4606029056835928,0.5146193617400605,0.5266666666666666
3,4.0,0.4533333333333333,0.455393446543889,0.4556103005660528,0.4667498662863256,0.4533333333333333,0.4237256371814093,0.41675912043978014,0.46674986628632553,0.5266666666666666
4,5.0,0.52,0.5058872133856641,0.508911381945879,0.5050993022007515,0.52,0.49400299850074963,0.5031784107946028,0.5050993022007515,0.54
