,fold,average_acc,macro_prec,weighted_prec,macro_recall,weighted_recall,macro_f1,weighted_f1,auc,baseline_likelihood
0,1.0,0.8333333333333334,0.8333333333333334,0.8341333333333334,0.8338675213675213,0.8333333333333334,0.8332666399893291,0.8334000266773376,0.8338675213675213,0.52
1,2.0,0.8133333333333334,0.8121309715512615,0.8133333333333334,0.8121309715512615,0.8133333333333334,0.8121309715512615,0.8133333333333334,0.8121309715512615,0.54
2,3.0,0.7133333333333334,0.7088030059044552,0.7171086061907317,0.7120276162790697,0.7133333333333334,0.7096033496915943,0.7144303873456096,0.7120276162790697,0.5733333333333334
3,4.0,0.7133333333333334,0.7339355559694543,0.7429490283727572,0.7252510760401721,0.7133333333333334,0.7122976047102902,0.710686471296668,0.7252510760401721,0.5466666666666666
4,5.0,0.7933333333333333,0.8021346469622331,0.8028680897646414,0.794452347083926,0.7933333333333333,0.7922159167076277,0.7920127500484084,0.794452347083926,0.5066666666666667
