,fold,average_acc,macro_prec,weighted_prec,macro_recall,weighted_recall,macro_f1,weighted_f1,auc,baseline_likelihood
0,1.0,0.5133333333333333,0.5217391304347826,0.5223188405797101,0.5185020458993062,0.5133333333333333,0.4970373432547885,0.49462312250241147,0.5185020458993062,0.5133333333333333
1,2.0,0.49333333333333335,0.49613378888689086,0.49753401666366964,0.49616687466571585,0.49333333333333335,0.4929727806440135,0.49225167526537383,0.4961668746657158,0.5266666666666666
2,3.0,0.46,0.45725683890577506,0.4572568389057751,0.45999999999999996,0.46,0.45119472424228735,0.45119472424228735,0.45999999999999996,0.5
3,4.0,0.4666666666666667,0.47800925925925924,0.4817901234567901,0.47955523672883793,0.4666666666666667,0.4619799139167863,0.45729316116690577,0.47955523672883793,0.5466666666666666
4,5.0,0.5333333333333333,0.5285067873303168,0.5314027149321267,0.5281803542673108,0.5333333333333333,0.5279625966552778,0.5319906491638194,0.5281803542673108,0.54
