,fold,average_acc,macro_prec,weighted_prec,macro_recall,weighted_recall,macro_f1,weighted_f1,auc,baseline_likelihood
0,1.0,0.8733333333333333,0.8754679978605813,0.8770689962560171,0.875,0.8733333333333333,0.8733277034534868,0.8732939241744078,0.875,0.52
1,2.0,0.8733333333333333,0.8723214285714285,0.8735357142857144,0.8730542136339238,0.8733333333333333,0.8726484650788685,0.8733955940837391,0.8730542136339238,0.54
2,3.0,0.84,0.8366071428571429,0.8440714285714286,0.8424781976744187,0.84,0.8381586045675238,0.8406905232871785,0.8424781976744187,0.5733333333333334
3,4.0,0.8333333333333334,0.8392377885131508,0.8461263195562712,0.8400286944045912,0.8333333333333334,0.8333259255966932,0.8334296339096553,0.8400286944045912,0.5466666666666666
4,5.0,0.88,0.8801564722617354,0.8803129445234709,0.8801564722617354,0.88,0.88,0.88,0.8801564722617354,0.5066666666666667
