,fold,average_acc,macro_prec,weighted_prec,macro_recall,weighted_recall,macro_f1,weighted_f1,auc,baseline_likelihood
0,1.0,0.9733333333333334,0.9714285714285714,0.9748571428571429,0.9761904761904762,0.9733333333333334,0.9730989956958394,0.9734002869440459,0.9761904761904762,0.56
1,2.0,0.9266666666666666,0.9303571428571429,0.9333095238095238,0.9296666072383669,0.9266666666666666,0.926663407262545,0.9266373320295717,0.9296666072383669,0.5266666666666666
2,3.0,0.9666666666666667,0.9691358024691358,0.9687242798353909,0.9662162162162162,0.9666666666666667,0.9665939156385016,0.966614701646549,0.9662162162162162,0.5066666666666667
3,4.0,0.9266666666666666,0.9215367965367965,0.9295165945165945,0.9304660158408546,0.9266666666666666,0.924901005871376,0.9270505059699907,0.9304660158408546,0.5933333333333334
4,5.0,0.98,0.9794642857142857,0.9801071428571428,0.9804079441760601,0.98,0.9798918629071898,0.9800098306448009,0.9804079441760601,0.54
