,PC_0_p,PC_1_p,PC_0_bc_distance,PC_1_bc_distance
0,0.8316918963877153,0.3864212576938897,0.9144647350827378,0.9253498768154461
