,standard,sqrt.dist=T,add=T
batch,0.009161742634375126,0.00798366473340718,0.00916174263437511
False,,,
