,standard,sqrt.dist=T,add=T
batch,0.01172683526318165,0.009123664699059373,0.009547841578883302
False,,,
