,fold,average_acc,macro_prec,weighted_prec,macro_recall,weighted_recall,macro_f1,weighted_f1,auc,baseline_likelihood
0,1.0,0.5172413793103449,0.4361111111111111,0.5172413793103449,0.4361111111111111,0.5172413793103449,0.4361111111111111,0.5172413793103449,0.4361111111111111,0.6896551724137931
1,2.0,0.41379310344827586,0.4017857142857143,0.40086206896551724,0.4214285714285715,0.41379310344827586,0.38757763975155285,0.383208395802099,0.4214285714285714,0.5172413793103449
2,3.0,0.5,0.4625,0.47500000000000003,0.46875,0.5,0.4555555555555556,0.4777777777777778,0.46875,0.5714285714285714
3,4.0,0.5,0.4608695652173913,0.46521739130434786,0.47692307692307695,0.5,0.42690058479532167,0.44152046783625737,0.4769230769230769,0.5357142857142857
4,5.0,0.4642857142857143,0.23214285714285715,0.21556122448979592,0.5,0.4642857142857143,0.3170731707317073,0.29442508710801396,0.5,0.5357142857142857
