,PC_0_p,PC_1_p,PC_0_bc_distance,PC_1_bc_distance
0,0.7317419975344301,0.014010489870027365,0.568850283316105,0.2681755702294234
