,standard,sqrt.dist=T,add=T
batch,0.006088771345854872,0.006192808929158136,0.0064353918016839115
gender,,,
