,fold,average_acc,macro_prec,weighted_prec,macro_recall,weighted_recall,macro_f1,weighted_f1,auc,baseline_likelihood
0,1.0,0.47685185185185186,0.48271604938271606,0.4840192043895748,0.48374613003095973,0.47685185185185186,0.47185978578383636,0.46900717660211333,0.4837461300309598,0.5277777777777778
1,2.0,0.5092592592592593,0.5180039138943249,0.5189244038559108,0.5157967032967032,0.5092592592592593,0.49679120879120875,0.49385754985754987,0.5157967032967034,0.5185185185185185
2,3.0,0.4675925925925926,0.466991341991342,0.4669662898829565,0.4686187087370316,0.4675925925925926,0.4614867648015263,0.46095582325447704,0.46861870873703165,0.5046296296296297
3,4.0,0.5,0.5028273162244454,0.5039147455415398,0.5027923361113498,0.5,0.4993131868131868,0.4984546703296704,0.5027923361113498,0.5231481481481481
4,5.0,0.5046296296296297,0.506457167455876,0.5080236284498015,0.5064499484004128,0.5046296296296297,0.5046190118958311,0.5044915990902488,0.5064499484004128,0.5277777777777778
