,PC_0_p,PC_1_p,PC_0_bc_distance,PC_1_bc_distance
0,0.05970582751803249,0.0504968384471372,7.40531007531262e-12,0.00033447470637555145
