,PC_0_p,PC_1_p,PC_0_bc_distance,PC_1_bc_distance
0,9.956103353785606e-11,9.287818081106527e-08,2.408366392708947e-17,7.53280327346006e-06
