,PC_0_p,PC_1_p,PC_0_bc_distance,PC_1_bc_distance
0,1.026464941853273e-10,9.353290134438333e-08,2.3858328392666915e-17,8.362013032041553e-06
