,PC_0_p,PC_1_p,PC_0_bc_distance,PC_1_bc_distance
0,0.4633669711824736,0.6927553213785802,0.6004327163492991,0.4570327913137444
