,standard,sqrt.dist=T,add=T
batch,0.006607023639464615,0.0069010367762627235,0.006607023639464623
False,,,
