,fold,average_acc,macro_prec,weighted_prec,macro_recall,weighted_recall,macro_f1,weighted_f1,auc,baseline_likelihood
0,1.0,0.41379310344827586,0.3394736842105263,0.4303085299455536,0.3305555555555556,0.41379310344827586,0.33468286099865047,0.4217041276932384,0.3305555555555556,0.6896551724137931
1,2.0,0.5862068965517241,0.6298701298701299,0.632781012091357,0.5952380952380952,0.5862068965517241,0.5606060606060606,0.5569487983281086,0.5952380952380953,0.5172413793103449
2,3.0,0.5714285714285714,0.5416666666666667,0.5476190476190477,0.5208333333333334,0.5714285714285714,0.47500000000000003,0.5071428571428572,0.5208333333333334,0.5714285714285714
3,4.0,0.4642857142857143,0.375,0.38392857142857145,0.43846153846153846,0.4642857142857143,0.36651583710407243,0.3842921784098255,0.43846153846153846,0.5357142857142857
4,5.0,0.5,0.7407407407407407,0.7592592592592593,0.5333333333333333,0.5,0.3875,0.36875,0.5333333333333333,0.5357142857142857
