,PC_0_p,PC_1_p,PC_0_bc_distance,PC_1_bc_distance
0,0.6199590700771441,0.7891772434583675,0.7334736206023103,0.9362490119977092
