,PC_0_p,PC_1_p,PC_0_bc_distance,PC_1_bc_distance
0,0.457651285895856,0.9617233106816502,0.11748329118275644,0.4119768229457469
