,fold,average_acc,macro_prec,weighted_prec,macro_recall,weighted_recall,macro_f1,weighted_f1,auc,baseline_likelihood
0,1.0,0.82,0.8316912972085386,0.8346141215106733,0.8237179487179487,0.82,0.8193496587715776,0.8189160979526294,0.8237179487179487,0.52
1,2.0,0.8266666666666667,0.842741935483871,0.8489247311827957,0.8339285714285714,0.8266666666666667,0.8261722232126938,0.8255541688952278,0.8339285714285715,0.5333333333333333
2,3.0,0.7333333333333333,0.7294372294372294,0.7333333333333333,0.7294372294372294,0.7333333333333333,0.7294372294372294,0.7333333333333333,0.7294372294372293,0.56
3,4.0,0.8933333333333333,0.9075336157671763,0.9075336157671763,0.8933333333333333,0.8933333333333333,0.8923959827833572,0.8923959827833573,0.8933333333333333,0.5
4,5.0,0.8066666666666666,0.8102522812667741,0.8120450885668277,0.8087606837606838,0.8066666666666666,0.8065893023876216,0.8064345738295318,0.8087606837606838,0.52
