,fold,average_acc,macro_prec,weighted_prec,macro_recall,weighted_recall,macro_f1,weighted_f1,auc,baseline_likelihood
0,1.0,0.5266666666666666,0.45988805970149255,0.46894278606965173,0.4845351555475634,0.5266666666666666,0.40869468658042307,0.43686709973534693,0.48453515554756343,0.5533333333333333
1,2.0,0.6,0.6296296296296295,0.6246913580246913,0.5475113122171946,0.6,0.4886363636363636,0.5204545454545454,0.5475113122171945,0.5666666666666667
2,3.0,0.6333333333333333,0.6507611241217799,0.6470530835284933,0.5932126696832579,0.6333333333333333,0.5714508337229234,0.593163991480962,0.5932126696832579,0.5666666666666667
3,4.0,0.5733333333333334,0.6321428571428571,0.6258095238095238,0.5331779053084649,0.5733333333333334,0.44559944559944564,0.47043659043659053,0.5331779053084649,0.5466666666666666
4,5.0,0.5666666666666667,0.6944444444444444,0.6833333333333333,0.5300590445517982,0.5666666666666667,0.4222222222222222,0.4453333333333333,0.5300590445517981,0.54
