,fold,average_acc,macro_prec,weighted_prec,macro_recall,weighted_recall,macro_f1,weighted_f1,auc,baseline_likelihood
0,1.0,0.4866666666666667,0.5709219858156028,0.577304964539007,0.5160714285714286,0.4866666666666667,0.38495127536077534,0.36827662104833414,0.5160714285714285,0.5333333333333333
1,2.0,0.56,0.5326086956521738,0.5365217391304348,0.5097402597402597,0.56,0.4282744282744282,0.4612058212058211,0.5097402597402597,0.56
2,3.0,0.64,0.641281512605042,0.6409243697478991,0.5504122938530734,0.64,0.5065789473684211,0.5647368421052632,0.5504122938530734,0.6133333333333333
3,4.0,0.62,0.7173913043478262,0.7019323671497585,0.565158371040724,0.62,0.5020674392871702,0.5343777298934249,0.565158371040724,0.5666666666666667
4,5.0,0.6066666666666667,0.6964285714285714,0.6826190476190476,0.5497737556561086,0.6066666666666667,0.47555555555555556,0.5105185185185186,0.5497737556561086,0.5666666666666667
