,fold,average_acc,macro_prec,weighted_prec,macro_recall,weighted_recall,macro_f1,weighted_f1,auc,baseline_likelihood
0,1.0,0.8933333333333333,0.8936965811965811,0.8935754985754985,0.8931365576102419,0.8933333333333333,0.8932574275040028,0.8932953804186681,0.8931365576102419,0.5066666666666667
1,2.0,0.86,0.858440170940171,0.8625997150997151,0.8619852544506383,0.86,0.8592430403503284,0.8603440725680326,0.8619852544506386,0.5533333333333333
2,3.0,0.88,0.8878153515834675,0.9008409375559135,0.8923076923076924,0.88,0.8799146059420031,0.880341576231987,0.8923076923076924,0.5666666666666667
3,4.0,0.8866666666666667,0.8872688477951636,0.8908819345661452,0.8896940418679549,0.8866666666666667,0.8865406006674081,0.8868431590656284,0.889694041867955,0.54
4,5.0,0.84,0.8464752906976745,0.8458866279069768,0.8390825035561877,0.84,0.8389694041867954,0.8391411701556628,0.8390825035561877,0.5066666666666667
