,fold,average_acc,macro_prec,weighted_prec,macro_recall,weighted_recall,macro_f1,weighted_f1,auc,baseline_likelihood
0,1.0,0.5666666666666667,0.5826719576719577,0.5826719576719577,0.5666666666666667,0.5666666666666667,0.5446265938069217,0.5446265938069217,0.5666666666666667,0.5
1,2.0,0.52,0.5073815073815073,0.5085832685832685,0.5050811196291674,0.52,0.4701726844583987,0.47883830455259024,0.5050811196291674,0.5266666666666666
2,3.0,0.56,0.5432692307692308,0.5484615384615384,0.5373376623376623,0.56,0.5298252279635258,0.5441185410334346,0.5373376623376623,0.56
3,4.0,0.5466666666666666,0.5850694444444444,0.6161574074074074,0.5826461769115443,0.5466666666666666,0.5463440668920121,0.5436019688074483,0.5826461769115443,0.6133333333333333
4,5.0,0.4666666666666667,0.4666666666666667,0.4666666666666667,0.4879657692993404,0.4666666666666667,0.38029332782482955,0.36795427941885284,0.4879657692993404,0.5266666666666666
