,PC_0_p,PC_1_p,PC_0_bc_distance,PC_1_bc_distance
0,3.0474857151477904e-21,2.2562724763313277e-39,3.869968063431396e-51,1.5086593878089034e-15
