,PC_0_p,PC_1_p,PC_0_bc_distance,PC_1_bc_distance
0,7.445812170685568e-14,0.32240320449343735,2.8408203978254898e-08,0.0061427022377770054
