,PC_0_p,PC_1_p,PC_0_bc_distance,PC_1_bc_distance
0,6.707496651765292e-14,0.3268935191118262,2.8408203978254898e-08,0.006956284592768471
