,fold,average_acc,macro_prec,weighted_prec,macro_recall,weighted_recall,macro_f1,weighted_f1,auc,baseline_likelihood
0,1.0,0.5555555555555556,0.5638148667601683,0.5689769362630512,0.562953995157385,0.5555555555555556,0.5552123552123551,0.554068354068354,0.562953995157385,0.5462962962962963
1,2.0,0.5833333333333334,0.5835334476843911,0.5837335620354488,0.5835334476843911,0.5833333333333334,0.5833333333333334,0.5833333333333334,0.5835334476843911,0.5092592592592593
2,3.0,0.5555555555555556,0.5797101449275363,0.5909822866344605,0.5748168817579351,0.5555555555555556,0.5531034482758621,0.5488122605363985,0.5748168817579351,0.5648148148148148
3,4.0,0.6203703703703703,0.6410050788559208,0.657709366677557,0.6391208791208791,0.6203703703703703,0.6202401372212691,0.61913315545391,0.6391208791208791,0.5787037037037037
4,5.0,0.5648148148148148,0.5708568943018704,0.5750398724082935,0.5703185703185703,0.5648148148148148,0.5646655231560891,0.5639937106918238,0.5703185703185703,0.5416666666666666
