,PC_0_p,PC_1_p,PC_0_bc_distance,PC_1_bc_distance
0,6.216491252079396e-08,1.6141046450922452e-20,1.623664770555656e-25,6.0576933043290435e-21
