,fold,average_acc,macro_prec,weighted_prec,macro_recall,weighted_recall,macro_f1,weighted_f1,auc,baseline_likelihood
0,1.0,0.9733333333333334,0.9730989956958394,0.9733333333333334,0.9730989956958394,0.9733333333333334,0.9730989956958394,0.9733333333333334,0.9730989956958394,0.5466666666666666
1,2.0,1.0,1.0,1.0,1.0,1.0,1.0,1.0,1.0,0.56
2,3.0,0.9866666666666667,0.9863013698630136,0.9870319634703196,0.9873417721518987,0.9866666666666667,0.9866452991452992,0.9866737891737891,0.9873417721518987,0.5266666666666666
3,4.0,0.9933333333333333,0.9930555555555556,0.9934259259259259,0.9936708860759493,0.9933333333333333,0.9933187831277004,0.9933354119341381,0.9936708860759493,0.5266666666666666
4,5.0,0.9933333333333333,0.9933333333333334,0.9934222222222221,0.993421052631579,0.9933333333333333,0.9933330370238678,0.993333629642799,0.993421052631579,0.5066666666666667
