,fold,average_acc,macro_prec,weighted_prec,macro_recall,weighted_recall,macro_f1,weighted_f1,auc,baseline_likelihood
0,1.0,0.7,0.7857142857142857,0.8285714285714285,0.75,0.7,0.696969696969697,0.6909090909090909,0.75,0.6
1,2.0,0.4,0.6666666666666666,0.8,0.5714285714285714,0.4,0.375,0.325,0.5714285714285714,0.7
2,3.0,0.7,0.8125,0.8125,0.7,0.7,0.6703296703296704,0.6703296703296704,0.7,0.5
3,4.0,0.4,0.6666666666666666,0.8,0.5714285714285714,0.4,0.375,0.325,0.5714285714285714,0.7
4,5.0,0.2,0.2,0.28,0.14285714285714285,0.2,0.16666666666666666,0.2333333333333333,0.14285714285714285,0.7
