,standard,sqrt.dist=T,add=T
batch,0.044020361768950605,0.042677539850228575,0.04317240834024346
gender,,,
