,fold,average_acc,macro_prec,weighted_prec,macro_recall,weighted_recall,macro_f1,weighted_f1,auc,baseline_likelihood
0,1.0,0.3,0.375,0.425,0.40476190476190477,0.3,0.29292929292929293,0.26464646464646463,0.40476190476190477,0.7
1,2.0,0.5,0.5,0.68,0.5,0.5,0.4505494505494506,0.5494505494505495,0.5,0.8
2,3.0,0.5,0.25,0.25,0.5,0.5,0.3333333333333333,0.3333333333333333,0.5,0.5
3,4.0,0.4,0.4583333333333333,0.6333333333333333,0.4375,0.4,0.375,0.45,0.4375,0.8
4,5.0,0.6,0.75,0.8,0.6666666666666666,0.6,0.5833333333333333,0.5666666666666667,0.6666666666666667,0.6
