,standard,sqrt.dist=T,add=T
batch,0.0067320179373458215,0.006581638715014172,0.006533446643201753
gender,,,
