,PC_0_p,PC_1_p,PC_0_bc_distance,PC_1_bc_distance
0,0.7378485601899778,0.6712758007235193,0.6043628611611891,0.5513556410806022
