,standard,sqrt.dist=T,add=T
batch,0.006939848447265789,0.006715106097153229,0.006572507456296752
gender,,,
