,fold,average_acc,macro_prec,weighted_prec,macro_recall,weighted_recall,macro_f1,weighted_f1,auc,baseline_likelihood
0,1.0,0.5324074074074074,0.5397727272727273,0.5423505892255892,0.5385708136030994,0.5324074074074074,0.5307075096263472,0.528876850477513,0.5385708136030996,0.5324074074074074
1,2.0,0.49074074074074076,0.5038461538461538,0.5054843304843304,0.5030959752321982,0.49074074074074076,0.4707297514033681,0.4650123258784045,0.5030959752321982,0.5277777777777778
2,3.0,0.5092592592592593,0.5248839468854583,0.5264783027656826,0.5198041068820345,0.5092592592592593,0.48801431127012523,0.4831859139998675,0.5198041068820345,0.5231481481481481
3,4.0,0.48148148148148145,0.4819897084048027,0.4835143891747665,0.48194014447884415,0.48148148148148145,0.481303602058319,0.4818372403278063,0.48194014447884415,0.5277777777777778
4,5.0,0.5046296296296297,0.5058286211396259,0.5060130813719331,0.505746140651801,0.5046296296296297,0.5033415708606426,0.5028731858537382,0.505746140651801,0.5092592592592593
