,fold,average_acc,macro_prec,weighted_prec,macro_recall,weighted_recall,macro_f1,weighted_f1,auc,baseline_likelihood
0,1.0,0.5666666666666667,0.5748480243161094,0.5757092198581559,0.5700942892723715,0.5666666666666667,0.5610283193012471,0.5597016493329131,0.5700942892723715,0.5133333333333333
1,2.0,0.49333333333333335,0.49722222222222223,0.498,0.49732905982905984,0.49333333333333335,0.49006977992485246,0.4884380032206119,0.49732905982905984,0.52
2,3.0,0.5333333333333333,0.5375,0.545,0.5378787878787878,0.5333333333333333,0.5330012453300124,0.5344956413449563,0.5378787878787878,0.56
3,4.0,0.5266666666666666,0.5266666666666666,0.5310222222222223,0.5269010043041606,0.5266666666666666,0.5256336020667232,0.5276997312666104,0.5269010043041606,0.5466666666666666
4,5.0,0.5533333333333333,0.5573680351906158,0.5579887585532746,0.5556840419854119,0.5533333333333333,0.5509182715939049,0.550040067325022,0.5556840419854119,0.5133333333333333
