,PC_0_p,PC_1_p,PC_0_bc_distance,PC_1_bc_distance
0,0.35254170543829405,0.029367342245451688,0.5547230680531814,0.14973342958346914
