,PC_0_p,PC_1_p,PC_0_bc_distance,PC_1_bc_distance
0,0.9599188815426114,0.4155250073021359,0.8489077600875798,0.3620381859307208
