,PC_0_p,PC_1_p,PC_0_bc_distance,PC_1_bc_distance
0,0.7373961280273629,0.4328894946493874,0.766327023777699,0.5043370145406881
