,PC_0_p,PC_1_p,PC_0_bc_distance,PC_1_bc_distance
0,0.9783850719191838,0.22003233668986344,0.9940585250598633,0.3328143401251421
