,fold,average_acc,macro_prec,weighted_prec,macro_recall,weighted_recall,macro_f1,weighted_f1,auc,baseline_likelihood
0,1.0,0.5138888888888888,0.5248049052396878,0.5273519757215409,0.5229875161429187,0.5138888888888888,0.5083140026448718,0.5049205936267744,0.5229875161429187,0.5324074074074074
1,2.0,0.47685185185185186,0.4852749674446559,0.4865076185070175,0.48735810113519096,0.47685185185185186,0.46274570227377776,0.4579093081327238,0.48735810113519096,0.5277777777777778
2,3.0,0.5138888888888888,0.5177068723702665,0.5188999922081969,0.5173554429074663,0.5138888888888888,0.5126249059847426,0.511475830617337,0.5173554429074663,0.5231481481481481
3,4.0,0.5092592592592593,0.5375959079283887,0.5403381642512077,0.5252837977296182,0.5092592592592593,0.4738970588235294,0.4663194444444444,0.5252837977296181,0.5277777777777778
4,5.0,0.5462962962962963,0.5458667596791071,0.5459281220529912,0.5451114922813036,0.5462962962962963,0.5437931034482759,0.544418901660281,0.5451114922813036,0.5092592592592593
