,standard,sqrt.dist=T,add=T
batch,0.0063665283970703035,0.006425924964197149,0.006410317778788957
gender,,,
