,PC_0_p,PC_1_p,PC_0_bc_distance,PC_1_bc_distance
0,0.3864212576938897,0.055775021893699886,0.02840876367291651,0.6007433333647636
