,standard,sqrt.dist=T,add=T
batch,0.00884503193414435,0.007993233048455457,0.008845031934144345
False,,,
