,fold,average_acc,macro_prec,weighted_prec,macro_recall,weighted_recall,macro_f1,weighted_f1,auc,baseline_likelihood
0,1.0,0.7241379310344828,0.6777777777777778,0.7241379310344828,0.6777777777777778,0.7241379310344828,0.6777777777777778,0.7241379310344829,0.6777777777777778,0.6896551724137931
1,2.0,0.4482758620689655,0.4291666666666667,0.4281609195402299,0.4595238095238095,0.4482758620689655,0.3894736842105263,0.38294010889292196,0.4595238095238095,0.5172413793103449
2,3.0,0.5714285714285714,0.5454545454545454,0.551948051948052,0.53125,0.5714285714285714,0.5087719298245614,0.5338345864661654,0.53125,0.5714285714285714
3,4.0,0.5,0.47619047619047616,0.4795918367346939,0.482051282051282,0.5,0.4555555555555555,0.4666666666666667,0.48205128205128206,0.5357142857142857
4,5.0,0.5,0.7407407407407407,0.7592592592592593,0.5333333333333333,0.5,0.3875,0.36875,0.5333333333333333,0.5357142857142857
