,standard,sqrt.dist=T,add=T
batch,0.011899767930875306,0.00930033354891853,0.009727208793792085
False,,,
