,fold,average_acc,macro_prec,weighted_prec,macro_recall,weighted_recall,macro_f1,weighted_f1,auc,baseline_likelihood
0,1.0,0.8266666666666667,0.8403592375366569,0.8435190615835777,0.8306623931623931,0.8266666666666667,0.8258928571428572,0.8254285714285714,0.8306623931623932,0.52
1,2.0,0.8266666666666667,0.838844476744186,0.8443798449612403,0.8330357142857143,0.8266666666666667,0.826388888888889,0.825925925925926,0.8330357142857143,0.5333333333333333
2,3.0,0.7733333333333333,0.7710777126099706,0.7726392961876832,0.7667748917748918,0.7733333333333333,0.7683502906976745,0.7724273255813955,0.7667748917748918,0.56
3,4.0,0.8933333333333333,0.9036672140120416,0.9036672140120416,0.8933333333333333,0.8933333333333333,0.8926462694578636,0.8926462694578636,0.8933333333333333,0.5
4,5.0,0.84,0.8448708751793401,0.8469583931133429,0.8424145299145299,0.84,0.8398861412560042,0.8397153531400107,0.8424145299145299,0.52
