,fold,average_acc,macro_prec,weighted_prec,macro_recall,weighted_recall,macro_f1,weighted_f1,auc,baseline_likelihood
0,1.0,0.6342592592592593,0.6705975674246429,0.672143878410404,0.638336192109777,0.6342592592592593,0.6176648517846339,0.6161897933424451,0.638336192109777,0.5092592592592593
1,2.0,0.6018518518518519,0.603385511467055,0.6031495638339467,0.5975274725274725,0.6018518518518519,0.5940204563335956,0.5961088284717972,0.5975274725274725,0.5185185185185185
2,3.0,0.6805555555555556,0.6866373626373626,0.6873528693528693,0.6820754716981132,0.6805555555555556,0.6790075596045745,0.6785947606843129,0.6820754716981132,0.5092592592592593
3,4.0,0.6759259259259259,0.6812762973352033,0.681945093761363,0.6773584905660377,0.6759259259259259,0.6745587602238484,0.6741681414518262,0.6773584905660377,0.5092592592592593
4,5.0,0.625,0.6261694734028335,0.6259467165641985,0.6215659340659341,0.625,0.6199083226521258,0.6215376594034454,0.6215659340659341,0.5185185185185185
