,fold,average_acc,macro_prec,weighted_prec,macro_recall,weighted_recall,macro_f1,weighted_f1,auc,baseline_likelihood
0,1.0,0.54,0.5375759808436176,0.5380954135199852,0.5363247863247863,0.54,0.5340146774120931,0.536127144207825,0.5363247863247863,0.52
1,2.0,0.5533333333333333,0.5684986866033542,0.5702485350575873,0.5603632478632479,0.5533333333333333,0.5425788539438351,0.5397733375813573,0.5603632478632479,0.52
2,3.0,0.5466666666666666,0.5603448275862069,0.565977011494253,0.5577474892395983,0.5466666666666666,0.5446428571428572,0.5418095238095239,0.5577474892395983,0.5466666666666666
3,4.0,0.47333333333333333,0.4734012450481041,0.473405017921147,0.47492887624466573,0.47333333333333333,0.46648057268920806,0.46567436555460506,0.4749288762446657,0.5066666666666667
4,5.0,0.5133333333333333,0.5136913229018493,0.5151232811759128,0.5137279372437155,0.5133333333333333,0.5131385887688409,0.5136579076074874,0.5137279372437155,0.5266666666666666
