,fold,average_acc,macro_prec,weighted_prec,macro_recall,weighted_recall,macro_f1,weighted_f1,auc,baseline_likelihood
0,1.0,1.0,1.0,1.0,1.0,1.0,1.0,1.0,1.0,0.5066666666666667
1,2.0,1.0,1.0,1.0,1.0,1.0,1.0,1.0,1.0,0.5266666666666666
2,3.0,1.0,1.0,1.0,1.0,1.0,1.0,1.0,1.0,0.5066666666666667
3,4.0,1.0,1.0,1.0,1.0,1.0,1.0,1.0,1.0,0.5333333333333333
4,5.0,0.9933333333333333,0.9930555555555556,0.9934259259259259,0.9936708860759493,0.9933333333333333,0.9933187831277004,0.9933354119341381,0.9936708860759493,0.5266666666666666
