,PC_0_p,PC_1_p,PC_0_bc_distance,PC_1_bc_distance
0,0.1348456418974307,0.270322820915977,0.11104465314045169,0.21183363041286277
