,standard,sqrt.dist=T,add=T
batch,0.05730282367609659,0.057476724344446166,0.05710378567025042
gender,0.02466811377088958,0.022480728887171137,0.023016646851819075
