,fold,average_acc,macro_prec,weighted_prec,macro_recall,weighted_recall,macro_f1,weighted_f1,auc,baseline_likelihood
0,1.0,0.98,0.9801636719444938,0.980081835972247,0.9799075391180654,0.98,0.9799919967987195,0.9799973322662398,0.9799075391180654,0.5066666666666667
1,2.0,0.96,0.9588675213675214,0.9615099715099715,0.9621592539454806,0.96,0.9598214285714286,0.9600714285714287,0.9621592539454806,0.5466666666666666
2,3.0,0.9533333333333334,0.9567099567099567,0.9552092352092352,0.9514173649491888,0.9533333333333334,0.9529801621064887,0.9531974982460854,0.9514173649491888,0.5266666666666666
3,4.0,0.9333333333333333,0.9350509930220074,0.9344784397924495,0.9325742750400284,0.9333333333333333,0.9331431627741131,0.9332382480537232,0.9325742750400285,0.5133333333333333
4,5.0,0.96,0.959971535314001,0.96,0.959971535314001,0.96,0.959971535314001,0.96,0.959971535314001,0.5133333333333333
