,fold,average_acc,macro_prec,weighted_prec,macro_recall,weighted_recall,macro_f1,weighted_f1,auc,baseline_likelihood
0,1.0,0.6,0.7142857142857143,0.8285714285714285,0.7142857142857143,0.6,0.6,0.6,0.7142857142857143,0.7
1,2.0,0.8,0.8333333333333333,0.8666666666666666,0.8333333333333333,0.8,0.8,0.8,0.8333333333333333,0.6
2,3.0,0.7,0.6904761904761905,0.6952380952380952,0.6666666666666667,0.7,0.6703296703296704,0.6901098901098901,0.6666666666666667,0.6
3,4.0,0.9,0.875,0.925,0.9285714285714286,0.9,0.8901098901098901,0.9032967032967033,0.9285714285714286,0.7
4,5.0,0.6,0.75,0.8,0.6666666666666666,0.6,0.5833333333333333,0.5666666666666667,0.6666666666666667,0.6
