,standard,sqrt.dist=T,add=T
batch,0.053304140283517674,0.03829262897720139,0.04449776031090396
gender,,,
