,standard,sqrt.dist=T,add=T
batch,0.11427132048944633,0.08144703586355821,0.09359888316081459
gender,,,
