,standard,sqrt.dist=T,add=T
batch,0.01848103160785663,0.03127682848566907,0.018481031607856642
gender,,,
