,standard,sqrt.dist=T,add=T
batch,0.12142136436814142,0.08593000661906457,0.09984308473500535
gender,,,
