,standard,sqrt.dist=T,add=T
batch,0.11375074843746502,0.08114716529939656,0.09319691286505269
gender,,,
