,PC_0_p,PC_1_p,PC_0_bc_distance,PC_1_bc_distance
0,0.03548646504395952,0.9368874167326222,0.020921776892710495,0.8559081954801642
