,PC_0_p,PC_1_p,PC_0_bc_distance,PC_1_bc_distance
0,0.029836712331507805,0.9005752360804575,0.04518295820423838,0.7042626418636815
