,fold,average_acc,macro_prec,weighted_prec,macro_recall,weighted_recall,macro_f1,weighted_f1,auc,baseline_likelihood
0,1.0,0.6976744186046512,0.35714285714285715,0.5149501661129569,0.4838709677419355,0.6976744186046512,0.410958904109589,0.5925453966231283,0.4838709677419355,0.7209302325581395
1,2.0,0.7619047619047619,0.717948717948718,0.7423687423687424,0.5747800586510264,0.7619047619047619,0.5714285714285715,0.7074829931972789,0.5747800586510263,0.7380952380952381
2,3.0,0.6666666666666666,0.825,0.7833333333333334,0.5625,0.6666666666666666,0.5050505050505051,0.5723905723905724,0.5625,0.6190476190476191
3,4.0,0.7142857142857143,0.618421052631579,0.6691729323308271,0.55,0.7142857142857143,0.5367647058823529,0.6596638655462185,0.55,0.7142857142857143
4,5.0,0.8333333333333334,0.9146341463414633,0.8617886178861789,0.5625,0.8333333333333334,0.5644444444444445,0.7762962962962964,0.5625,0.8095238095238095
