,standard,sqrt.dist=T,add=T
batch,0.03923139455053765,0.030209328093491576,0.024098671994001057
gender,,,
