,fold,average_acc,macro_prec,weighted_prec,macro_recall,weighted_recall,macro_f1,weighted_f1,auc,baseline_likelihood
0,1.0,0.813953488372093,0.9024390243902439,0.8502552467385139,0.6,0.813953488372093,0.6126126126126126,0.761994552692227,0.6,0.7674418604651163
1,2.0,0.7142857142857143,0.6923076923076923,0.7020757020757021,0.5596816976127321,0.7142857142857143,0.5367647058823529,0.6460084033613446,0.5596816976127321,0.6904761904761905
2,3.0,0.6904761904761905,0.6111111111111112,0.6534391534391534,0.5636604774535809,0.6904761904761905,0.5578947368421052,0.650125313283208,0.5636604774535809,0.6904761904761905
3,4.0,0.7857142857142857,0.8902439024390244,0.8327526132404182,0.55,0.7857142857142857,0.5292652552926526,0.7112613413983278,0.55,0.7619047619047619
4,5.0,0.7380952380952381,0.8625,0.8101190476190476,0.5769230769230769,0.7380952380952381,0.5536231884057972,0.6629399585921325,0.5769230769230769,0.6904761904761905
