,PC_0_p,PC_1_p,PC_0_bc_distance,PC_1_bc_distance
0,0.32928812090217235,0.9920971395525233,0.1773029700254827,0.016388722796027363
