,PC_0_p,PC_1_p,PC_0_bc_distance,PC_1_bc_distance
0,0.5849389273441326,0.706119226097863,0.23200589167362187,0.8891318520674063
