,standard,sqrt.dist=T,add=T
batch,0.007899718402981907,0.007807328170811179,0.007460534492201392
False,,,
