,PC_0_p,PC_1_p,PC_0_bc_distance,PC_1_bc_distance
0,0.16124877160973014,0.9289814673215259,0.36426884017308814,0.5600619781111609
