,standard,sqrt.dist=T,add=T
batch,0.0036895331168037867,0.00510791966852092,0.005540132800237813
False,,,
