,fold,average_acc,macro_prec,weighted_prec,macro_recall,weighted_recall,macro_f1,weighted_f1,auc,baseline_likelihood
0,1.0,0.5517241379310345,0.6025641025641025,0.6003536693191865,0.5380952380952381,0.5517241379310345,0.45911047345767575,0.4668282788304556,0.5380952380952381,0.5172413793103449
1,2.0,0.4482758620689655,0.3482142857142857,0.417487684729064,0.3657894736842105,0.4482758620689655,0.35555555555555557,0.4314176245210728,0.36578947368421055,0.6551724137931034
2,3.0,0.4642857142857143,0.4391304347826087,0.4391304347826087,0.4642857142857143,0.4642857142857143,0.40256045519203415,0.40256045519203415,0.4642857142857143,0.5
3,4.0,0.42857142857142855,0.38666666666666666,0.38285714285714284,0.4564102564102564,0.42857142857142855,0.3450292397660818,0.32832080200501246,0.4564102564102564,0.5357142857142857
4,5.0,0.5714285714285714,0.5508021390374331,0.5714285714285714,0.5508021390374331,0.5714285714285714,0.5508021390374331,0.5714285714285714,0.5508021390374331,0.6071428571428571
