,standard,sqrt.dist=T,add=T
batch,0.008172084494656857,0.007964713365169133,0.007584769476586346
False,,,
