,standard,sqrt.dist=T,add=T
batch,0.005274981960647839,0.006143908978772842,0.006263330673737421
False,,,
