,standard,sqrt.dist=T,add=T
batch,0.011099364504128031,0.009577333294414568,0.008919945035293505
False,,,
