,standard,sqrt.dist=T,add=T
batch,0.008127439928465508,0.007654211166738629,0.008127439928465506
False,,,
