,fold,average_acc,macro_prec,weighted_prec,macro_recall,weighted_recall,macro_f1,weighted_f1,auc,baseline_likelihood
0,1.0,0.5172413793103449,0.51,0.5103448275862069,0.5047619047619047,0.5172413793103449,0.4361111111111111,0.44348659003831414,0.5047619047619047,0.5172413793103449
1,2.0,0.5172413793103449,0.4358974358974359,0.44650751547303275,0.47596153846153844,0.5172413793103449,0.39583333333333337,0.4238505747126437,0.47596153846153844,0.5517241379310345
2,3.0,0.5714285714285714,0.5454545454545454,0.551948051948052,0.53125,0.5714285714285714,0.5087719298245614,0.5338345864661654,0.53125,0.5714285714285714
3,4.0,0.5357142857142857,0.5104166666666666,0.5736607142857143,0.5116959064327485,0.5357142857142857,0.5047619047619047,0.5489795918367347,0.5116959064327485,0.6785714285714286
4,5.0,0.5,0.5606060606060606,0.5757575757575758,0.5416666666666667,0.5,0.47593582887700536,0.45989304812834225,0.5416666666666667,0.5714285714285714
