,standard,sqrt.dist=T,add=T
batch,0.0067801622694072606,0.007452865104366841,0.006949868726439655
False,,,
