,standard,sqrt.dist=T,add=T
batch,0.006943702288402229,0.00703781595100618,0.006943702288402235
False,,,
