,fold,average_acc,macro_prec,weighted_prec,macro_recall,weighted_recall,macro_f1,weighted_f1,auc,baseline_likelihood
0,1.0,0.41379310344827586,0.21428571428571427,0.1921182266009852,0.46153846153846156,0.41379310344827586,0.2926829268292683,0.2624053826745164,0.46153846153846156,0.5517241379310345
1,2.0,0.5517241379310345,0.5708333333333333,0.5698275862068966,0.5404761904761904,0.5517241379310345,0.4912280701754386,0.4972776769509982,0.5404761904761906,0.5172413793103449
2,3.0,0.5,0.4777777777777778,0.48888888888888893,0.47916666666666663,0.5,0.47593582887700536,0.4919786096256685,0.47916666666666663,0.5714285714285714
3,4.0,0.32142857142857145,0.3609625668449198,0.4400305576776165,0.3375,0.32142857142857145,0.31354838709677413,0.3450691244239631,0.3375,0.7142857142857143
4,5.0,0.6071428571428571,0.6428571428571428,0.6428571428571429,0.6071428571428571,0.6071428571428571,0.580952380952381,0.5809523809523809,0.6071428571428572,0.5
