,PC_0_p,PC_1_p,PC_0_bc_distance,PC_1_bc_distance
0,0.9945298453211079,0.36669027199334625,0.8495604949327242,0.5060377253875641
