,standard,sqrt.dist=T,add=T
batch,0.006446911743365503,0.006725819337957999,0.006446911743365513
False,,,
