,standard,sqrt.dist=T,add=T
batch,0.008969229419940475,0.0077334905588281435,0.007948373061511815
False,,,
