,standard,sqrt.dist=T,add=T
batch,0.007229291016892447,0.008152246468055178,0.007154730875716462
False,,,
