,PC_0_p,PC_1_p,PC_0_bc_distance,PC_1_bc_distance
0,0.25223762743214206,0.4016364708060016,0.35468339936927473,0.8210117248258506
