,standard,sqrt.dist=T,add=T
batch,0.006546439087010607,0.007101391062282231,0.006546439087010607
False,,,
