,standard,sqrt.dist=T,add=T
batch,0.004585477717603721,0.005846216556388678,0.005948802112947254
False,,,
