,fold,average_acc,macro_prec,weighted_prec,macro_recall,weighted_recall,macro_f1,weighted_f1,auc,baseline_likelihood
0,1.0,0.5172413793103449,0.513157894736842,0.5136116152450091,0.5119047619047619,0.5172413793103449,0.5024509803921569,0.5054090601757945,0.5119047619047619,0.5172413793103449
1,2.0,0.5517241379310345,0.45512820512820507,0.4761273209549071,0.48284313725490197,0.5517241379310345,0.41550387596899224,0.46415396952686444,0.4828431372549019,0.5862068965517241
2,3.0,0.4642857142857143,0.44791666666666663,0.4724702380952381,0.446524064171123,0.4642857142857143,0.4466403162055336,0.4678147939017504,0.446524064171123,0.6071428571428571
3,4.0,0.5357142857142857,0.5608695652173913,0.5608695652173913,0.5357142857142857,0.5357142857142857,0.48221906116642954,0.48221906116642954,0.5357142857142857,0.5
4,5.0,0.5714285714285714,0.5826086956521739,0.5813664596273291,0.5487179487179488,0.5714285714285714,0.5087719298245614,0.5213032581453635,0.5487179487179488,0.5357142857142857
