,PC_0_p,PC_1_p,PC_0_bc_distance,PC_1_bc_distance
0,0.9289814673215259,0.49441584259792104,0.25989093897433535,0.24847047023902102
