,standard,sqrt.dist=T,add=T
batch,0.004447492449244336,0.0054557286806434105,0.005885862568767729
False,,,
