,standard,sqrt.dist=T,add=T
batch,0.0059949556317139985,0.00585529093637299,0.006135573859975569
False,,,
