,PC_0_p,PC_1_p,PC_0_bc_distance,PC_1_bc_distance
0,0.692219992144949,0.7250791426195011,0.9189654752051146,0.8844907906149454
