,fold,average_acc,macro_prec,weighted_prec,macro_recall,weighted_recall,macro_f1,weighted_f1,auc,baseline_likelihood
0,1.0,0.9866666666666667,0.9879518072289157,0.9869879518072291,0.9855072463768115,0.9866666666666667,0.9865494978479197,0.9866499282639886,0.9855072463768115,0.54
1,2.0,0.96,0.96,0.9614222222222223,0.9613121768586201,0.96,0.959971535314001,0.9600284646859988,0.9613121768586201,0.5266666666666666
2,3.0,0.96,0.9620253164556962,0.9630379746835445,0.961038961038961,0.96,0.9599928876244666,0.9599786628733996,0.961038961038961,0.5133333333333333
3,4.0,0.96,0.9620253164556962,0.9630379746835445,0.961038961038961,0.96,0.9599928876244666,0.9599786628733996,0.961038961038961,0.5133333333333333
4,5.0,0.9533333333333334,0.9597701149425287,0.9570881226053639,0.95,0.9533333333333334,0.9527261266939805,0.9530833070700705,0.95,0.5333333333333333
