,fold,average_acc,macro_prec,weighted_prec,macro_recall,weighted_recall,macro_f1,weighted_f1,auc,baseline_likelihood
0,1.0,0.9933333333333333,0.9933333333333334,0.9934222222222221,0.993421052631579,0.9933333333333333,0.9933330370238678,0.993333629642799,0.993421052631579,0.5066666666666667
1,2.0,0.96,0.96,0.9603555555555556,0.9603273438889877,0.96,0.9599928876244666,0.9600071123755334,0.9603273438889877,0.5133333333333333
2,3.0,0.9666666666666667,0.9671766589574808,0.9674316551028881,0.966927453769559,0.9666666666666667,0.9666651851193386,0.9666622220246824,0.9669274537695591,0.5066666666666667
3,4.0,0.96,0.9584596184703156,0.9615403815296846,0.9624168315051249,0.96,0.9597423510466989,0.9600858829844336,0.9624168315051249,0.5533333333333333
4,5.0,0.9733333333333334,0.9733333333333334,0.9733333333333334,0.9733333333333334,0.9733333333333334,0.9733333333333334,0.9733333333333334,0.9733333333333334,0.5
