,standard,sqrt.dist=T,add=T
batch,0.03784386204412659,0.0296974429376348,0.020187910407495614
gender,,,
