,PC_0_p,PC_1_p,PC_0_bc_distance,PC_1_bc_distance
0,0.39703438012326786,0.45122133518311125,0.6296357377714508,0.5494912981187317
