,standard,sqrt.dist=T,add=T
batch,0.02886102457903604,0.024237957113957508,0.016960484005712807
gender,,,
