,fold,average_acc,macro_prec,weighted_prec,macro_recall,weighted_recall,macro_f1,weighted_f1,auc,baseline_likelihood
0,1.0,0.7258064516129032,0.3629032258064516,0.5267950052029137,0.5,0.7258064516129032,0.4205607476635514,0.6104914078987036,0.5,0.7258064516129032
1,2.0,0.7258064516129032,0.3629032258064516,0.5267950052029137,0.5,0.7258064516129032,0.4205607476635514,0.6104914078987036,0.5,0.7258064516129032
2,3.0,0.8032786885245902,0.4016393442622951,0.6452566514377855,0.5,0.8032786885245902,0.44545454545454544,0.7156482861400895,0.5,0.8032786885245902
3,4.0,0.7377049180327869,0.8666666666666667,0.8076502732240437,0.5294117647058824,0.7377049180327869,0.4786324786324786,0.6413058708140674,0.5294117647058824,0.7213114754098361
4,5.0,0.8688524590163934,0.4344262295081967,0.7549045955388337,0.5,0.8688524590163934,0.4649122807017544,0.8078803566292782,0.5,0.8688524590163934
