,fold,average_acc,macro_prec,weighted_prec,macro_recall,weighted_recall,macro_f1,weighted_f1,auc,baseline_likelihood
0,1.0,0.8064516129032258,0.4032258064516129,0.6503642039542143,0.5,0.8064516129032258,0.4464285714285714,0.7200460829493087,0.5,0.8064516129032258
1,2.0,0.7419354838709677,0.3709677419354839,0.5504682622268471,0.5,0.7419354838709677,0.42592592592592593,0.6320191158900836,0.5,0.7419354838709677
2,3.0,0.7213114754098361,0.36065573770491804,0.5202902445579145,0.5,0.7213114754098361,0.41904761904761906,0.6045277127244341,0.5,0.7213114754098361
3,4.0,0.7868852459016393,0.39344262295081966,0.6191883902176835,0.5,0.7868852459016393,0.4403669724770642,0.6930365468491502,0.5,0.7868852459016393
4,5.0,0.7868852459016393,0.39344262295081966,0.6191883902176835,0.5,0.7868852459016393,0.4403669724770642,0.6930365468491502,0.5,0.7868852459016393
