,PC_0_p,PC_1_p,PC_0_bc_distance,PC_1_bc_distance
0,0.7099994558067327,0.5432153576936931,0.8774525013736532,0.608521791366353
