,PC_0_p,PC_1_p,PC_0_bc_distance,PC_1_bc_distance
0,0.39441936365679764,0.4973025912035576,0.6130405034565163,0.627050365628486
