,PC_0_p,PC_1_p,PC_0_bc_distance,PC_1_bc_distance
0,0.5195845187690245,0.45202428835569475,0.7830496911561479,0.560353004507369
