,standard,sqrt.dist=T,add=T
batch,0.03136945137818342,0.026124972033341454,0.017797150317388672
gender,,,
