,fold,average_acc,macro_prec,weighted_prec,macro_recall,weighted_recall,macro_f1,weighted_f1,auc,baseline_likelihood
0,1.0,0.5666666666666667,0.5641025641025641,0.5726495726495726,0.565158371040724,0.5666666666666667,0.5633872195602525,0.5684325228008896,0.565158371040724,0.5666666666666667
1,2.0,0.5266666666666666,0.5361519607843137,0.5368545751633987,0.5314890588863191,0.5266666666666666,0.5131428571428571,0.5109790476190476,0.5314890588863191,0.5133333333333333
2,3.0,0.5733333333333334,0.5719476744186047,0.5723255813953488,0.5705128205128205,0.5733333333333334,0.569583931133429,0.5711908177905309,0.5705128205128205,0.52
3,4.0,0.5466666666666666,0.5855855855855856,0.592072072072072,0.5662909286097693,0.5466666666666666,0.5277777777777778,0.5202222222222223,0.5662909286097693,0.54
4,5.0,0.48,0.4906444906444906,0.4918272118272118,0.4927794615796042,0.48,0.4552058111380145,0.4490072639225181,0.4927794615796042,0.5266666666666666
