,PC_0_p,PC_1_p,PC_0_bc_distance,PC_1_bc_distance
0,0.06456747812222943,0.4583786059999274,0.04433298197214555,0.3484908256548825
