,PC_0_p,PC_1_p,PC_0_bc_distance,PC_1_bc_distance
0,0.27774079167125715,0.7092554785164957,0.26830159276419846,0.01890576554169521
