,PC_0_p,PC_1_p,PC_0_bc_distance,PC_1_bc_distance
0,0.6946892675355838,0.6505267459135706,0.6297296464114222,0.29028616934355206
