,fold,average_acc,macro_prec,weighted_prec,macro_recall,weighted_recall,macro_f1,weighted_f1,auc,baseline_likelihood
0,1.0,0.9466666666666667,0.95,0.9520000000000001,0.9487179487179487,0.9466666666666667,0.9466571834992888,0.9466287339971552,0.9487179487179487,0.52
1,2.0,0.9666666666666667,0.966109233232521,0.9675028168178854,0.9678571428571429,0.9666666666666667,0.9665939156385016,0.9666978456787374,0.9678571428571429,0.5333333333333333
2,3.0,0.9466666666666667,0.9449426111908178,0.9471592539454806,0.9475108225108225,0.9466666666666667,0.9460528681891747,0.9467433914763531,0.9475108225108225,0.56
3,4.0,0.9933333333333333,0.993421052631579,0.9934210526315788,0.9933333333333334,0.9933333333333333,0.9933330370238678,0.9933330370238677,0.9933333333333334,0.5
4,5.0,0.94,0.9408468244084682,0.9421170610211705,0.9412393162393162,0.94,0.9399973332148095,0.9400133339259522,0.9412393162393162,0.52
