,PC_0_p,PC_1_p,PC_0_bc_distance,PC_1_bc_distance
0,0.9343844204325332,0.5074766348470794,0.6256257785227692,0.738724341354722
