,standard,sqrt.dist=T,add=T
batch,0.002614054347777289,0.003296519890587516,0.0026140543477773267
False,,,
