,standard,sqrt.dist=T,add=T
batch,0.0029885759096681427,0.003700536632597957,0.003841404279488523
False,,,
