,standard,sqrt.dist=T,add=T
batch,0.004597105665331338,0.005310444886671633,0.005790518242294177
False,,,
