,fold,average_acc,macro_prec,weighted_prec,macro_recall,weighted_recall,macro_f1,weighted_f1,auc,baseline_likelihood
0,1.0,0.3469387755102041,0.1791158536585366,0.25622200099552017,0.24754901960784312,0.3469387755102041,0.17838196286472147,0.25226005521572026,0.49814446948134095,0.3673469387755102
1,2.0,0.4742268041237113,0.19318181818181818,0.31537019681349576,0.257569558101473,0.4742268041237113,0.20219467587888643,0.3567751923693324,0.5072002720084829,0.4845360824742268
2,3.0,0.35051546391752575,0.08854166666666667,0.1241408934707904,0.25,0.35051546391752575,0.13076923076923078,0.18334655035685965,0.5001725327812284,0.35051546391752575
3,4.0,0.4536082474226804,0.23790322580645162,0.33372131692717,0.25863636363636366,0.4536082474226804,0.18776743015353636,0.3136740005345359,0.5055629407280351,0.4536082474226804
4,5.0,0.41237113402061853,0.20344827586206898,0.2858158549591184,0.27017543859649124,0.41237113402061853,0.194,0.28750515463917525,0.5158428419898722,0.3917525773195876
