,fold,average_acc,macro_prec,weighted_prec,macro_recall,weighted_recall,macro_f1,weighted_f1,auc,baseline_likelihood
0,1.0,0.5266666666666666,0.5532670454545454,0.5532670454545454,0.5266666666666666,0.5266666666666666,0.45914377126606065,0.4591437712660606,0.5266666666666666,0.5
1,2.0,0.4666666666666667,0.40800000000000003,0.4126933333333333,0.4487430914601533,0.4666666666666667,0.38725490196078427,0.3990196078431372,0.44874309146015334,0.5266666666666666
2,3.0,0.52,0.5017660910518054,0.5089010989010989,0.5016233766233766,0.52,0.4971130564350903,0.509986962190352,0.5016233766233766,0.56
3,4.0,0.44666666666666666,0.4780198404979576,0.5022472930039551,0.47882308845577215,0.44666666666666666,0.4460511679644049,0.44186577678902483,0.47882308845577215,0.6133333333333333
4,5.0,0.4866666666666667,0.5729166666666666,0.5779166666666666,0.511231948653949,0.4866666666666667,0.3679890560875513,0.35338258093935243,0.511231948653949,0.5266666666666666
