,standard,sqrt.dist=T,add=T
batch,0.007339545450539369,0.00704228964160495,0.007206834211831043
False,,,
