,fold,average_acc,macro_prec,weighted_prec,macro_recall,weighted_recall,macro_f1,weighted_f1,auc,baseline_likelihood
0,1.0,0.5862068965517241,0.5928571428571429,0.6660098522167487,0.6083333333333334,0.5862068965517241,0.5735294117647058,0.601419878296146,0.6083333333333334,0.6896551724137931
1,2.0,0.41379310344827586,0.345,0.3417241379310345,0.4261904761904762,0.41379310344827586,0.33468286099865047,0.326771836753688,0.4261904761904761,0.5172413793103449
2,3.0,0.5357142857142857,0.5,0.5102040816326531,0.5,0.5357142857142857,0.48221906116642954,0.5059947165210322,0.5,0.5714285714285714
3,4.0,0.4642857142857143,0.375,0.38392857142857145,0.43846153846153846,0.4642857142857143,0.36651583710407243,0.3842921784098255,0.43846153846153846,0.5357142857142857
4,5.0,0.5357142857142857,0.5625,0.5669642857142857,0.5512820512820513,0.5357142857142857,0.5204216073781291,0.5143045360436664,0.5512820512820513,0.5357142857142857
