,fold,average_acc,macro_prec,weighted_prec,macro_recall,weighted_recall,macro_f1,weighted_f1,auc,baseline_likelihood
0,1.0,0.9733333333333334,0.9714285714285714,0.9748571428571429,0.9761904761904762,0.9733333333333334,0.9730989956958394,0.9734002869440459,0.9761904761904762,0.56
1,2.0,0.9,0.9090909090909092,0.9131313131313131,0.9043501515421644,0.9,0.899888765294772,0.8997107897664072,0.9043501515421644,0.5266666666666666
2,3.0,0.96,0.9616071428571429,0.9612857142857143,0.9596372688477952,0.96,0.9599358974358974,0.9599572649572649,0.9596372688477952,0.5066666666666667
3,4.0,0.9333333333333333,0.9285067873303168,0.9352639517345399,0.9360839933689445,0.9333333333333333,0.9315818281335522,0.9336252508666301,0.9360839933689447,0.5933333333333334
4,5.0,0.9866666666666667,0.9865807836822329,0.9866666666666667,0.9865807836822329,0.9866666666666667,0.9865807836822329,0.9866666666666667,0.9865807836822329,0.54
