,standard,sqrt.dist=T,add=T
batch,0.042966450168552196,0.03348578875379797,0.0365545307108019
gender,,,
