,PC_0_p,PC_1_p,PC_0_bc_distance,PC_1_bc_distance
0,0.036695614050806465,0.9165369086801552,0.05496800877755182,0.7042626418636815
