,standard,sqrt.dist=T,add=T
batch,0.11358877154180734,0.08133850719592454,0.09290408665608574
gender,,,
