,standard,sqrt.dist=T,add=T
batch,0.20793681218455728,0.11535518257840159,0.05334324793271407
gender,,,
