,PC_0_p,PC_1_p,PC_0_bc_distance,PC_1_bc_distance
0,0.005999807446760387,0.6026226481560973,1.7244766050834648e-91,4.217347707852925e-137
