,PC_0_p,PC_1_p,PC_0_bc_distance,PC_1_bc_distance
0,1.113237728735858e-34,0.43687329797770647,3.4610187726142446e-47,3.728520439298122e-176
