,fold,average_acc,macro_prec,weighted_prec,macro_recall,weighted_recall,macro_f1,weighted_f1,auc,baseline_likelihood
0,1.0,0.6527777777777778,0.7320282009316379,0.7346265754612727,0.6580617495711836,0.6527777777777778,0.6247828604516502,0.6228848999549635,0.6580617495711836,0.5092592592592593
1,2.0,0.6296296296296297,0.6374191092500952,0.6365026998829817,0.6239697802197802,0.6296296296296297,0.6178005839157745,0.6202909093292177,0.6239697802197802,0.5185185185185185
2,3.0,0.625,0.634341878793369,0.6350892290968384,0.6271869639794168,0.625,0.620699373468901,0.6199514384200143,0.6271869639794168,0.5092592592592593
3,4.0,0.6296296296296297,0.6432552954292085,0.6441636731491803,0.6322469982847342,0.6296296296296297,0.6232996163236832,0.6223953287085481,0.6322469982847343,0.5092592592592593
4,5.0,0.6296296296296297,0.6338235294117647,0.6332244008714598,0.625,0.6296296296296297,0.6213183730715288,0.623396187211054,0.625,0.5185185185185185
