,PC_0_p,PC_1_p,PC_0_bc_distance,PC_1_bc_distance
0,8.260016991358516e-10,3.194792750034116e-13,1.1051449168740737e-16,4.951197534365466e-33
