,standard,sqrt.dist=T,add=T
batch,0.0039048569118362046,0.004016912852285068,0.004069282459972145
False,,,
