,standard,sqrt.dist=T,add=T
batch,0.004133272106709299,0.003955498569787444,0.004133272106709295
False,,,
