,PC_0_p,PC_1_p,PC_0_bc_distance,PC_1_bc_distance
0,0.4063821928427429,0.9297497902741638,0.3204726477894526,0.47414577952452475
