,standard,sqrt.dist=T,add=T
batch,0.005740940191908718,0.0059184198335235725,0.0060727842430552395
False,,,
