,standard,sqrt.dist=T,add=T
batch,0.0029113561865655134,0.003369168702297444,0.0038161887989115466
False,,,
