,fold,average_acc,macro_prec,weighted_prec,macro_recall,weighted_recall,macro_f1,weighted_f1,auc,baseline_likelihood
0,1.0,0.41836734693877553,0.10459183673469388,0.17503123698458975,0.25,0.41836734693877553,0.14748201438848924,0.24680663632359423,0.5,0.41836734693877553
1,2.0,0.4329896907216495,0.16141304347826085,0.26194531600179294,0.24157523510971785,0.4329896907216495,0.16544117647058826,0.2910855063674955,0.4931516575104638,0.4536082474226804
2,3.0,0.3917525773195876,0.0979381443298969,0.15347008183653948,0.25,0.3917525773195876,0.14074074074074075,0.22054219167621228,0.5,0.3917525773195876
3,4.0,0.36082474226804123,0.09210526315789473,0.13673358654367876,0.24305555555555555,0.36082474226804123,0.13358778625954199,0.1983158888801448,0.49490048751741134,0.3711340206185567
4,5.0,0.3917525773195876,0.0979381443298969,0.15347008183653948,0.25,0.3917525773195876,0.14074074074074075,0.22054219167621228,0.5,0.3917525773195876
