,fold,average_acc,macro_prec,weighted_prec,macro_recall,weighted_recall,macro_f1,weighted_f1,auc,baseline_likelihood
0,1.0,0.3673469387755102,0.09183673469387756,0.13494377342773844,0.25,0.3673469387755102,0.13432835820895522,0.1973804447151995,0.5,0.3673469387755102
1,2.0,0.44329896907216493,0.23670212765957446,0.3418512831761351,0.2478956228956229,0.44329896907216493,0.1694152923538231,0.2953059552697878,0.4979773778515917,0.4536082474226804
2,3.0,0.36082474226804123,0.09020618556701031,0.1301944946327984,0.25,0.36082474226804123,0.13257575757575757,0.19134645423305216,0.5,0.36082474226804123
3,4.0,0.4948453608247423,0.20833333333333331,0.3367697594501718,0.25440705128205127,0.4948453608247423,0.1827343370568237,0.34605929211958564,0.5037844396967888,0.4948453608247423
4,5.0,0.35051546391752575,0.08762886597938144,0.1228610904453183,0.25,0.35051546391752575,0.1297709923664122,0.1819469583694027,0.5,0.36082474226804123
