,standard,sqrt.dist=T,add=T
batch,0.0033540198726941754,0.003690464237026369,0.00335401987269419
False,,,
