,standard,sqrt.dist=T,add=T
batch,0.0050037463945876775,0.005376572645995548,0.005891649390134422
False,,,
