,standard,sqrt.dist=T,add=T
batch,0.00517519222494891,0.005668156635159583,0.005934287798855959
False,,,
