,PC_0_p,PC_1_p,PC_0_bc_distance,PC_1_bc_distance
0,0.8156138033526006,0.09896209560231346,0.7489201409709743,0.8299024865016654
