,fold,average_acc,macro_prec,weighted_prec,macro_recall,weighted_recall,macro_f1,weighted_f1,auc,baseline_likelihood
0,1.0,0.3673469387755102,0.1660714285714286,0.25830903790087467,0.226937984496124,0.3673469387755102,0.18866341165700337,0.2991038343930798,0.48168423288977325,0.4387755102040816
1,2.0,0.3711340206185567,0.09574468085106383,0.14608466769028294,0.24324324324324326,0.3711340206185567,0.13740458015267173,0.20964822538758163,0.4957207207207207,0.38144329896907214
2,3.0,0.44329896907216493,0.275709219858156,0.3836733201725525,0.2672413793103448,0.44329896907216493,0.18310185185185185,0.2941103474608629,0.5134788829324833,0.422680412371134
3,4.0,0.4329896907216495,0.2730496453900709,0.3654310155735907,0.26242095754290873,0.4329896907216495,0.1814814814814815,0.2875906834669722,0.5088890502000258,0.422680412371134
4,5.0,0.3711340206185567,0.3411458333333333,0.5026847079037801,0.2569444444444444,0.3711340206185567,0.1471012997730555,0.21286841260084355,0.5054883512544803,0.3711340206185567
