,standard,sqrt.dist=T,add=T
batch,0.0036998798838260515,0.0039140594470948925,0.0036998798838260584
False,,,
