,PC_0_p,PC_1_p,PC_0_bc_distance,PC_1_bc_distance
0,0.8302965093646979,0.10435239791554331,0.9224174737450794,0.8357053672801136
