,PC_0_p,PC_1_p,PC_0_bc_distance,PC_1_bc_distance
0,0.9258789633405194,0.136907275543847,0.4779545406327258,0.15169545654103095
