,PC_0_p,PC_1_p,PC_0_bc_distance,PC_1_bc_distance
0,0.8676413493155668,0.9180724333144413,0.9939112371699669,0.3638482562575845
