,standard,sqrt.dist=T,add=T
batch,0.003521253339942606,0.0038653009333453046,0.003521253339942615
False,,,
