,standard,sqrt.dist=T,add=T
batch,0.00634666650797918,0.006451208207855975,0.006225632296306673
False,,,
