,fold,average_acc,macro_prec,weighted_prec,macro_recall,weighted_recall,macro_f1,weighted_f1,auc,baseline_likelihood
0,1.0,0.336734693877551,0.08505154639175258,0.11803071744161582,0.2426470588235294,0.336734693877551,0.12595419847328243,0.1747935815547593,0.49433940242763774,0.35714285714285715
1,2.0,0.4329896907216495,0.10824742268041238,0.18748007227122968,0.25,0.4329896907216495,0.1510791366906475,0.26166283468070906,0.5,0.4329896907216495
2,3.0,0.41237113402061853,0.2276315789473684,0.32908301682040153,0.2518145161290323,0.41237113402061853,0.15959595959595957,0.2576278246381339,0.5012063011267172,0.41237113402061853
3,4.0,0.422680412371134,0.15155677655677655,0.23437559004569314,0.24342770475227501,0.422680412371134,0.1664951106536284,0.2810087493566649,0.495212350874636,0.44329896907216493
4,5.0,0.3917525773195876,0.18173758865248227,0.23323828324925056,0.2542906178489703,0.3917525773195876,0.15938228438228438,0.2378583615697018,0.5030042186817,0.3917525773195876
