,fold,average_acc,macro_prec,weighted_prec,macro_recall,weighted_recall,macro_f1,weighted_f1,auc,baseline_likelihood
0,1.0,0.42857142857142855,0.23011363636363635,0.3246753246753247,0.2729166666666667,0.42857142857142855,0.20703125000000003,0.31250000000000006,0.5173533637592969,0.40816326530612246
1,2.0,0.38144329896907214,0.25975177304964536,0.33750091394311615,0.2602969348659004,0.38144329896907214,0.1658653846153846,0.23721252973830292,0.5074085927945702,0.3711340206185567
2,3.0,0.38144329896907214,0.09635416666666667,0.14701460481099657,0.25,0.38144329896907214,0.13909774436090225,0.21223160995271684,0.5001602564102564,0.38144329896907214
3,4.0,0.4020618556701031,0.16631504922644164,0.25825394754012787,0.2405254091300603,0.4020618556701031,0.18788706739526412,0.3038364035828967,0.4934108527131783,0.44329896907216493
4,5.0,0.4536082474226804,0.2977150537634409,0.39510586409488974,0.2777777777777778,0.4536082474226804,0.2013721714010592,0.3125294710352461,0.5210317460317461,0.422680412371134
