,standard,sqrt.dist=T,add=T
batch,0.0032603704153580325,0.003720156257463222,0.003908999304677857
False,,,
