,standard,sqrt.dist=T,add=T
batch,0.0036109501425354955,0.0038681103685181168,0.003996188136656926
False,,,
