,fold,average_acc,macro_prec,weighted_prec,macro_recall,weighted_recall,macro_f1,weighted_f1,auc,baseline_likelihood
0,1.0,0.4489795918367347,0.19147727272727272,0.29183673469387755,0.2607323232323232,0.4489795918367347,0.19584357084357082,0.3235888950174664,0.5092459216578935,0.4489795918367347
1,2.0,0.38144329896907214,0.09840425531914894,0.15014257512612417,0.25,0.38144329896907214,0.14122137404580154,0.2154717872039034,0.5008928571428571,0.38144329896907214
2,3.0,0.29896907216494845,0.07474226804123711,0.08938250611117016,0.25,0.29896907216494845,0.11507936507936507,0.13762068401243657,0.5,0.4020618556701031
3,4.0,0.4329896907216495,0.15528455284552845,0.2821557287737826,0.22331240188383045,0.4329896907216495,0.17706199962762986,0.33464174729887697,0.47939387699825325,0.5051546391752577
4,5.0,0.3917525773195876,0.0979381443298969,0.15347008183653948,0.25,0.3917525773195876,0.14074074074074075,0.22054219167621228,0.5,0.3917525773195876
