,standard,sqrt.dist=T,add=T
batch,0.010071065101658382,0.009935671446920726,0.010028564267398399
gender,,,
