,PC_0_p,PC_1_p,PC_0_bc_distance,PC_1_bc_distance
0,0.27481900716804014,0.42265608983491065,0.3878727071805977,0.1198446175129946
