,PC_0_p,PC_1_p,PC_0_bc_distance,PC_1_bc_distance
0,7.1122708750113725e-28,1.1903992121778537e-64,1.4776468311308648e-49,1.3719953664520144e-87
