,PC_0_p,PC_1_p,PC_0_bc_distance,PC_1_bc_distance
0,0.1193974120431939,0.9639011681677794,0.42148562022248887,0.5244142605282414
