,fold,average_acc,macro_prec,weighted_prec,macro_recall,weighted_recall,macro_f1,weighted_f1,auc,baseline_likelihood
0,1.0,0.5138888888888888,0.5149874382742787,0.5151871745261678,0.5148370497427102,0.5138888888888888,0.5130434782608696,0.5126677402039722,0.5148370497427102,0.5092592592592593
1,2.0,0.5416666666666666,0.5408969842769997,0.5415127301887332,0.5408653846153846,0.5416666666666666,0.5408695652173912,0.5415780998389693,0.5408653846153846,0.5185185185185185
2,3.0,0.5462962962962963,0.5467032967032968,0.5469067969067969,0.5466552315608919,0.5462962962962963,0.5462573951813428,0.5461795929514355,0.5466552315608919,0.5092592592592593
3,4.0,0.5046296296296297,0.5047157678127412,0.5048880441789642,0.5047169811320755,0.5046296296296297,0.5046190118958311,0.5046614828310253,0.5047169811320755,0.5092592592592593
4,5.0,0.5046296296296297,0.5062160062160063,0.5069210624766181,0.5061813186813187,0.5046296296296297,0.5043640496665308,0.5039391217255728,0.5061813186813187,0.5185185185185185
