,standard,sqrt.dist=T,add=T
batch,0.04143125789923693,0.04038708236991378,0.04123934245783998
gender,,,
