,standard,sqrt.dist=T,add=T
batch,0.045524519315227205,0.03473875798238947,0.03835870268814895
gender,,,
