,PC_0_p,PC_1_p,PC_0_bc_distance,PC_1_bc_distance
0,0.04733107439230195,0.9177021898330361,0.10631832201979129,0.6518727646424315
