,standard,sqrt.dist=T,add=T
batch,0.11404445465374431,0.08145384734124508,0.09308928719345912
gender,,,
