,PC_0_p,PC_1_p,PC_0_bc_distance,PC_1_bc_distance
0,0.03596899220877737,0.932445011560135,0.04994820914661325,0.663374437166071
