,fold,average_acc,macro_prec,weighted_prec,macro_recall,weighted_recall,macro_f1,weighted_f1,auc,baseline_likelihood
0,1.0,0.9,0.9166666666666667,0.9166666666666667,0.9,0.9,0.898989898989899,0.898989898989899,0.9,0.5
1,2.0,0.8,0.875,0.85,0.75,0.8,0.7619047619047619,0.7809523809523808,0.75,0.6
2,3.0,0.9,0.9,0.9199999999999999,0.9166666666666667,0.9,0.898989898989899,0.901010101010101,0.9166666666666667,0.6
3,4.0,0.7,0.6904761904761905,0.6952380952380952,0.6666666666666667,0.7,0.6703296703296704,0.6901098901098901,0.6666666666666667,0.6
4,5.0,0.8,0.8,0.8800000000000001,0.8571428571428572,0.8,0.7916666666666665,0.8083333333333332,0.8571428571428572,0.7
