,standard,sqrt.dist=T,add=T
batch,0.11425088034003718,0.08150611814150682,0.09315043352488961
gender,,,
