,PC_0_p,PC_1_p,PC_0_bc_distance,PC_1_bc_distance
0,0.03803714271149673,0.9097331888134335,0.0687850655946598,0.6923452107866022
