,fold,average_acc,macro_prec,weighted_prec,macro_recall,weighted_recall,macro_f1,weighted_f1,auc,baseline_likelihood
0,1.0,0.54,0.5333333333333333,0.536,0.5322061191626409,0.54,0.5308037535699714,0.5360587515299878,0.5322061191626409,0.54
1,2.0,0.49333333333333335,0.5555555555555556,0.5733333333333334,0.5391351943076081,0.49333333333333335,0.4722222222222222,0.4553333333333333,0.539135194307608,0.58
2,3.0,0.58,0.624777183600713,0.6527629233511586,0.6166666666666667,0.58,0.5784825371336813,0.5734243275792855,0.6166666666666667,0.6
3,4.0,0.5666666666666667,0.5931372549019608,0.5990196078431373,0.5815888352120235,0.5666666666666667,0.5580035359717122,0.5530531755745954,0.5815888352120235,0.54
4,5.0,0.5,0.5687939110070258,0.5834309133489461,0.5425339366515838,0.5,0.4676068335620652,0.45009701386588424,0.5425339366515838,0.5666666666666667
