,PC_0_p,PC_1_p,PC_0_bc_distance,PC_1_bc_distance
0,0.6645816957329864,0.03430786266278474,0.060949270110875316,0.006354074423447712
