,fold,average_acc,macro_prec,weighted_prec,macro_recall,weighted_recall,macro_f1,weighted_f1,auc,baseline_likelihood
0,1.0,0.40816326530612246,0.10204081632653061,0.16659725114535612,0.25,0.40816326530612246,0.14492753623188406,0.23661638568470866,0.5,0.40816326530612246
1,2.0,0.44329896907216493,0.17540322580645162,0.27652144995011635,0.24294871794871795,0.44329896907216493,0.1688405797101449,0.3002539967129837,0.49359651498736007,0.4639175257731959
2,3.0,0.35051546391752575,0.08762886597938144,0.1228610904453183,0.25,0.35051546391752575,0.1297709923664122,0.1819469583694027,0.5,0.35051546391752575
3,4.0,0.3917525773195876,0.0979381443298969,0.15347008183653948,0.25,0.3917525773195876,0.14074074074074075,0.22054219167621228,0.5,0.3917525773195876
4,5.0,0.41237113402061853,0.10309278350515463,0.17004995217345092,0.25,0.41237113402061853,0.14598540145985403,0.2408006622018211,0.5,0.41237113402061853
