,standard,sqrt.dist=T,add=T
batch,0.017183443761894575,0.017220391061432513,0.018377608863245024
gender,,,
