,standard,sqrt.dist=T,add=T
batch,0.038865779521843564,0.03737639102396368,0.03958809821156243
gender,,,
