,fold,average_acc,macro_prec,weighted_prec,macro_recall,weighted_recall,macro_f1,weighted_f1,auc,baseline_likelihood
0,1.0,0.4,0.38095238095238093,0.38095238095238093,0.4,0.4,0.375,0.375,0.4,0.5
1,2.0,0.6,0.5625,0.575,0.5416666666666667,0.6,0.5238095238095238,0.5619047619047619,0.5416666666666667,0.6
2,3.0,0.7,0.7,0.7200000000000001,0.7083333333333333,0.7,0.6969696969696968,0.7030303030303029,0.7083333333333334,0.6
3,4.0,0.2,0.14285714285714285,0.14285714285714285,0.2,0.2,0.16666666666666666,0.16666666666666666,0.2,0.5
4,5.0,0.5,0.2777777777777778,0.33333333333333337,0.4166666666666667,0.5,0.33333333333333337,0.4,0.4166666666666667,0.6
