,fold,average_acc,macro_prec,weighted_prec,macro_recall,weighted_recall,macro_f1,weighted_f1,auc,baseline_likelihood
0,1,0.7597597597597597,0.37987987987987987,0.5772348925502079,0.5,0.7597597597597597,0.431740614334471,0.6560382908505775,0.5,0.7597597597597597
1,2,0.7567567567567568,0.8768996960486322,0.8166433911114761,0.5235294117647059,0.7567567567567568,0.4747531789768855,0.6631408149527831,0.5235294117647059,0.7447447447447447
2,3,0.7507507507507507,0.8746223564954683,0.8132513177830398,0.5117647058823529,0.7507507507507507,0.45131320350187604,0.6497210091993011,0.5117647058823529,0.7447447447447447
3,4,0.7237237237237237,0.8610271903323263,0.8005135044409969,0.5106382978723404,0.7237237237237237,0.4401315789473684,0.6136373215320583,0.5106382978723405,0.7177177177177178
4,5,0.7228915662650602,0.8610271903323263,0.7999126415025661,0.5053763440860215,0.7228915662650602,0.4299365434863755,0.6096484482161568,0.5053763440860215,0.7198795180722891
5,mean,0.7427765114512103,0.7706912626177266,0.7615111494776573,0.5102617519210841,0.7427765114512103,0.4455750238493953,0.6384371769501753,0.5102617519210841,0.7373692970078511
