,fold,average_acc,macro_prec,weighted_prec,macro_recall,weighted_recall,macro_f1,weighted_f1,auc,baseline_likelihood
0,1.0,0.5066666666666667,0.6428571428571429,0.6533333333333333,0.5357142857142857,0.5066666666666667,0.41269841269841273,0.397037037037037,0.5357142857142858,0.5333333333333333
1,2.0,0.52,0.42863805970149255,0.4425746268656716,0.47240259740259744,0.52,0.3958379950771985,0.42870440814499894,0.4724025974025974,0.56
2,3.0,0.6333333333333333,0.6252105558674902,0.6274377690436085,0.5417916041979011,0.6333333333333333,0.4925887200934867,0.5531623511081043,0.5417916041979011,0.6133333333333333
3,4.0,0.58,0.564484126984127,0.567526455026455,0.5352941176470588,0.58,0.4967783162042707,0.5240641141700836,0.5352941176470588,0.5666666666666667
4,5.0,0.6,0.6417742841100506,0.635036496350365,0.5457013574660633,0.6,0.48024948024948033,0.5135135135135136,0.5457013574660633,0.5666666666666667
