,PC_0_p,PC_1_p,PC_0_bc_distance,PC_1_bc_distance
0,1.1128924546922067e-10,0.4805062619634962,4.486450896179355e-28,0.06541156789444143
