,PC_0_p,PC_1_p,PC_0_bc_distance,PC_1_bc_distance
0,1.9615772739458375e-11,0.633758596363026,1.6980191159853933e-27,0.0832444308442776
