,PC_0_p,PC_1_p,PC_0_bc_distance,PC_1_bc_distance
0,0.15593337772867719,0.7987184411451639,0.8218448235019689,0.2448375155331234
