,standard,sqrt.dist=T,add=T
batch,0.06196370924544997,0.03826400572928146,0.024912841421478597
gender,,,
