,standard,sqrt.dist=T,add=T
batch,0.0038931332909490296,0.0025996041686260365,0.0019066281438742273
gender,,,
