,PC_0_p,PC_1_p,PC_0_bc_distance,PC_1_bc_distance
0,3.1058102544146887e-09,1.3456008123843682e-13,7.682792614380285e-14,1.4539102354629293e-33
