,standard,sqrt.dist=T,add=T
batch,0.02371045843315089,0.01723492820187903,0.02371045843315006
gender,,,
