,fold,average_acc,macro_prec,weighted_prec,macro_recall,weighted_recall,macro_f1,weighted_f1,auc,baseline_likelihood
0,1.0,0.5694444444444444,0.595001655081099,0.5960038986354775,0.5738421955403088,0.5694444444444444,0.5460851881143374,0.5441783100465736,0.5738421955403088,0.5092592592592593
1,2.0,0.5694444444444444,0.5688468158347677,0.568942436412316,0.5652472527472527,0.5694444444444444,0.561540980028375,0.5637212460741873,0.5652472527472527,0.5185185185185185
2,3.0,0.5972222222222222,0.6020083163761834,0.6025121157608108,0.5988850771869639,0.5972222222222222,0.5947117562059223,0.594121058319734,0.5988850771869639,0.5092592592592593
3,4.0,0.6203703703703703,0.6236484129752354,0.6241167047759304,0.6216123499142368,0.6203703703703703,0.6191950464396284,0.6188032717960478,0.6216123499142368,0.5092592592592593
4,5.0,0.6203703703703703,0.62109375,0.6209490740740741,0.6171016483516484,0.6203703703703703,0.6156250000000001,0.6172067901234569,0.6171016483516483,0.5185185185185185
