,PC_0_p,PC_1_p,PC_0_bc_distance,PC_1_bc_distance
0,1.6508608573009232e-09,5.29671816497979e-13,2.1020281682157484e-15,3.4122393305556526e-32
