,fold,average_acc,macro_prec,weighted_prec,macro_recall,weighted_recall,macro_f1,weighted_f1,auc,baseline_likelihood
0,1.0,0.5740740740740741,0.5882583170254403,0.5890048561281438,0.5773584905660378,0.5740740740740741,0.5619047619047619,0.5605526161081718,0.5773584905660378,0.5092592592592593
1,2.0,0.6111111111111112,0.6136891950064571,0.6162672789018032,0.6136891950064571,0.6111111111111112,0.6111111111111113,0.6111111111111113,0.6136891950064571,0.5324074074074074
2,3.0,0.625,0.63203363207983,0.6315485540053589,0.6225557461406518,0.625,0.6171134697450487,0.6181310865521391,0.6225557461406518,0.5092592592592593
3,4.0,0.6481481481481481,0.6633221850613156,0.6643337875221933,0.6507718696397942,0.6481481481481481,0.642134635507499,0.6412755622731207,0.6507718696397942,0.5092592592592593
4,5.0,0.6527777777777778,0.663961038961039,0.6653589466089466,0.6559845559845561,0.6527777777777778,0.6494644595910419,0.6485177972519744,0.655984555984556,0.5138888888888888
