,fold,average_acc,macro_prec,weighted_prec,macro_recall,weighted_recall,macro_f1,weighted_f1,auc,baseline_likelihood
0,1.0,0.5694444444444444,0.5682664818504721,0.568694831884644,0.567651098901099,0.5694444444444444,0.5673580151192092,0.5684707774260014,0.567651098901099,0.5185185185185185
1,2.0,0.6018518518518519,0.5999302406696896,0.6007537883191877,0.5985552115583075,0.6018518518518519,0.5984088550674507,0.6004746531380915,0.5985552115583076,0.5277777777777778
2,3.0,0.6111111111111112,0.6122019635343618,0.6120656069814556,0.6097770154373927,0.6111111111111112,0.6083916083916083,0.6089959423292757,0.6097770154373927,0.5092592592592593
3,4.0,0.5925925925925926,0.633234028467395,0.6372184829649247,0.6037460262909184,0.5925925925925926,0.5732375392905255,0.5690299190074674,0.6037460262909184,0.5231481481481481
4,5.0,0.6388888888888888,0.6609929078014184,0.6643420015760441,0.6462754532176304,0.6388888888888888,0.6327171259155913,0.6305129248536993,0.6462754532176305,0.5231481481481481
