,standard,sqrt.dist=T,add=T
batch,0.06246716554818835,0.03844962464759869,0.025000799894194285
gender,,,
