,PC_0_p,PC_1_p,PC_0_bc_distance,PC_1_bc_distance
0,4.107531104086998e-09,5.10484350769539e-13,6.8525080095452715e-15,1.8756080714263453e-32
