,standard,sqrt.dist=T,add=T
batch,0.06173725901423204,0.038045916702995744,0.024737585307845224
gender,,,
