,PC_0_p,PC_1_p,PC_0_bc_distance,PC_1_bc_distance
0,1.7499881071265968e-09,2.0443977246743646e-12,2.8710345934262422e-15,3.4018196214581017e-32
