,PC_0_p,PC_1_p,PC_0_bc_distance,PC_1_bc_distance
0,0.7853610643357885,0.7636862386356397,0.14783249302882626,0.4899234846175844
