,fold,average_acc,macro_prec,weighted_prec,macro_recall,weighted_recall,macro_f1,weighted_f1,auc,baseline_likelihood
0,1.0,0.6836734693877551,0.7310972334139135,0.6929422453913072,0.591358024691358,0.6836734693877551,0.6253674286845672,0.659397300399622,0.68807991209952,0.5510204081632653
1,2.0,0.6804123711340206,0.7324879227053139,0.7021328253399073,0.5504736809084636,0.6804123711340206,0.5913819041478616,0.6733447659308592,0.6577222670573054,0.6494845360824743
2,3.0,0.7216494845360825,0.7816666666666666,0.7146907216494844,0.6649425287356322,0.7216494845360825,0.7005291005291006,0.6984126984126984,0.7231707874202803,0.6185567010309279
3,4.0,0.7010309278350515,0.7423687423687424,0.7269740568709641,0.5616034387964213,0.7010309278350515,0.599335232668566,0.6711516433165917,0.6679048940013851,0.5876288659793815
4,5.0,0.6185567010309279,0.6674406604747162,0.6342041428617025,0.5078347578347578,0.6185567010309279,0.531794267053701,0.5821880657758892,0.6245188857893776,0.5360824742268041
