,fold,average_acc,macro_prec,weighted_prec,macro_recall,weighted_recall,macro_f1,weighted_f1,auc,baseline_likelihood
0,1.0,0.7142857142857143,0.8332131699110791,0.7669982196194989,0.6244343891402715,0.7142857142857143,0.6698486935537261,0.696149991533917,0.7157522123006322,0.5204081632653061
1,2.0,0.6804123711340206,0.7440476190476191,0.6949558173784979,0.5402723453570911,0.6804123711340206,0.5822370201938173,0.660919010965643,0.6545567311168949,0.6082474226804123
2,3.0,0.6597938144329897,0.6618651301749893,0.6488377311667568,0.5356414534668149,0.6597938144329897,0.5708400370532885,0.6402036221951811,0.6466784482877582,0.5979381443298969
3,4.0,0.7422680412371134,0.772331154684096,0.7431355703793545,0.6595760561277803,0.7422680412371134,0.6951866846603689,0.7250608678715027,0.7345761676851946,0.5979381443298969
4,5.0,0.6391752577319587,0.5824771689497718,0.6118133032057619,0.519036519036519,0.6391752577319587,0.5371762740183793,0.6141126010903549,0.6289739418629036,0.6185567010309279
