,standard,sqrt.dist=T,add=T
batch,0.02361657247195313,0.023595840120122096,0.01977719685426434
gender,,,
