,PC_0_p,PC_1_p,PC_0_bc_distance,PC_1_bc_distance
0,1.1221018527884957e-20,5.879709172379548e-05,2.4877097844167467e-16,0.005179798655237438
