,standard,sqrt.dist=T,add=T
batch,0.03700985067434324,0.038603613351186165,0.038101219282711846
gender,,,
