,standard,sqrt.dist=T,add=T
batch,0.014901502732753591,0.01779331035577736,0.016480337505151394
gender,,,
