,PC_0_p,PC_1_p,PC_0_bc_distance,PC_1_bc_distance
0,0.8586793839304663,0.752457441592455,0.7542332320033429,0.6071135667249881
