,standard,sqrt.dist=T,add=T
batch,0.006045134616925983,0.0059415039539279044,0.006158398411302457
False,,,
