,PC_0_p,PC_1_p,PC_0_bc_distance,PC_1_bc_distance
0,0.8799061616066061,0.9662246918889787,0.9712330108946708,0.4575992585049594
