,PC_0_p,PC_1_p,PC_0_bc_distance,PC_1_bc_distance
0,0.34081405484674737,0.7510776695882484,0.41521242769621713,0.7688897959862171
