,standard,sqrt.dist=T,add=T
batch,0.004465483969682865,0.005060658107637653,0.005864212422720581
False,,,
