,fold,average_acc,macro_prec,weighted_prec,macro_recall,weighted_recall,macro_f1,weighted_f1,auc,baseline_likelihood
0,1.0,0.42857142857142855,0.1679151061173533,0.26301307039669797,0.24579124579124578,0.42857142857142855,0.17815371762740184,0.3006751572809575,0.49714575330772515,0.4489795918367347
1,2.0,0.3711340206185567,0.09782608695652174,0.1492604213357239,0.24324324324324326,0.3711340206185567,0.13953488372093026,0.2128985854711101,0.4960263835263835,0.38144329896907214
2,3.0,0.29896907216494845,0.13776881720430106,0.1905276576876178,0.247789566755084,0.29896907216494845,0.12638200533739993,0.15593225668255833,0.4979439720185156,0.4020618556701031
3,4.0,0.4536082474226804,0.175,0.30618556701030925,0.23802982731554162,0.4536082474226804,0.19307391547197916,0.3554292141646529,0.4911173197610572,0.5051546391752577
4,5.0,0.4020618556701031,0.20054347826086957,0.26476916181084714,0.2626518218623482,0.4020618556701031,0.17456575682382136,0.25758358701491396,0.5095187970615155,0.3917525773195876
