,PC_0_p,PC_1_p,PC_0_bc_distance,PC_1_bc_distance
0,0.900843524330616,0.45941868080623094,0.956701539373351,0.9511426951568841
