,fold,average_acc,macro_prec,weighted_prec,macro_recall,weighted_recall,macro_f1,weighted_f1,auc,baseline_likelihood
0,1.0,0.3673469387755102,0.09183673469387756,0.13494377342773844,0.25,0.3673469387755102,0.13432835820895522,0.1973804447151995,0.5,0.3673469387755102
1,2.0,0.4536082474226804,0.1134020618556701,0.20576044212987565,0.25,0.4536082474226804,0.15602836879432624,0.28310301966805584,0.5,0.4536082474226804
2,3.0,0.36082474226804123,0.09020618556701031,0.1301944946327984,0.25,0.36082474226804123,0.13257575757575757,0.19134645423305216,0.5,0.36082474226804123
3,4.0,0.44329896907216493,0.1523809523809524,0.26921944035346096,0.2283653846153846,0.44329896907216493,0.1673254281949934,0.3174551430938701,0.48117033243416546,0.4948453608247423
4,5.0,0.35051546391752575,0.08762886597938144,0.1228610904453183,0.25,0.35051546391752575,0.1297709923664122,0.1819469583694027,0.5,0.36082474226804123
