,fold,average_acc,macro_prec,weighted_prec,macro_recall,weighted_recall,macro_f1,weighted_f1,auc,baseline_likelihood
0,1.0,0.3979591836734694,0.17147435897435898,0.2677917320774464,0.2393410852713178,0.3979591836734694,0.19049586776859506,0.3078090740428403,0.4920970132238942,0.4387755102040816
1,2.0,0.36082474226804123,0.09210526315789473,0.14053174172544763,0.23648648648648649,0.36082474226804123,0.13257575757575757,0.20228053733208373,0.48986486486486486,0.38144329896907214
2,3.0,0.4329896907216495,0.1932234432234432,0.28544994524375966,0.26114381833473505,0.4329896907216495,0.1800865800865801,0.2903378408533048,0.5093796822766112,0.422680412371134
3,4.0,0.41237113402061853,0.10526315789473684,0.17797069994574063,0.24390243902439024,0.41237113402061853,0.14705882352941177,0.24863553668890237,0.4956119337979094,0.422680412371134
4,5.0,0.3711340206185567,0.3411458333333333,0.5026847079037801,0.2569444444444444,0.3711340206185567,0.1471012997730555,0.21286841260084355,0.5054883512544803,0.3711340206185567
