,standard,sqrt.dist=T,add=T
batch,0.0064159301105432415,0.006426844565730463,0.006228604606357187
False,,,
