,standard,sqrt.dist=T,add=T
batch,0.00309966932790201,0.003519880572044783,0.0039323946474855475
False,,,
