,fold,average_acc,macro_prec,weighted_prec,macro_recall,weighted_recall,macro_f1,weighted_f1,auc,baseline_likelihood
0,1.0,0.41836734693877553,0.22916666666666669,0.31717687074829937,0.2528310104529617,0.41836734693877553,0.16265206812652067,0.2633497194498237,0.501822773396907,0.41836734693877553
1,2.0,0.4020618556701031,0.15049019607843137,0.24728118051344247,0.22746865203761757,0.4020618556701031,0.16780109661561732,0.2893770966000238,0.482144425907821,0.4536082474226804
2,3.0,0.3917525773195876,0.0979381443298969,0.15347008183653948,0.25,0.3917525773195876,0.14074074074074075,0.22054219167621228,0.5,0.3917525773195876
3,4.0,0.36082474226804123,0.09308510638297872,0.13818819916648387,0.24305555555555555,0.36082474226804123,0.1346153846153846,0.19984139571768436,0.4951114325511625,0.3711340206185567
4,5.0,0.3917525773195876,0.0979381443298969,0.15347008183653948,0.25,0.3917525773195876,0.14074074074074075,0.22054219167621228,0.5,0.3917525773195876
