,standard,sqrt.dist=T,add=T
batch,0.002563057244626244,0.003077941763291999,0.0038217811068060035
False,,,
