,standard,sqrt.dist=T,add=T
batch,0.0037186714601266982,0.0037793237166585604,0.0037186714601267056
False,,,
