,standard,sqrt.dist=T,add=T
batch,0.003697069405804984,0.003908009157920919,0.0040440039425751915
False,,,
