,fold,average_acc,macro_prec,weighted_prec,macro_recall,weighted_recall,macro_f1,weighted_f1,auc,baseline_likelihood
0,1.0,0.336734693877551,0.08505154639175258,0.11803071744161582,0.2426470588235294,0.336734693877551,0.12595419847328243,0.1747935815547593,0.49433940242763774,0.35714285714285715
1,2.0,0.4329896907216495,0.10824742268041238,0.18748007227122968,0.25,0.4329896907216495,0.1510791366906475,0.26166283468070906,0.5,0.4329896907216495
2,3.0,0.41237113402061853,0.2276315789473684,0.32908301682040153,0.2518145161290323,0.41237113402061853,0.15959595959595957,0.2576278246381339,0.5012063011267172,0.41237113402061853
3,4.0,0.41237113402061853,0.14404761904761904,0.22596956308296512,0.2376137512639029,0.41237113402061853,0.1632832080200501,0.2757874066609824,0.49061618494126075,0.44329896907216493
4,5.0,0.4020618556701031,0.225,0.2752577319587629,0.2608695652173913,0.4020618556701031,0.16285714285714287,0.24282768777614144,0.5079828815550997,0.3917525773195876
