,standard,sqrt.dist=T,add=T
batch,0.005123388994397177,0.005555944370728284,0.005987125557084494
False,,,
