,standard,sqrt.dist=T,add=T
batch,0.0029183548858192788,0.003521597396236465,0.0038985205690932885
False,,,
