,standard,sqrt.dist=T,add=T
batch,0.003929271812845502,0.004002686535237495,0.003929271812845505
False,,,
