,standard,sqrt.dist=T,add=T
batch,0.003347128153698094,0.003743457608165998,0.0033471281536981115
False,,,
