,standard,sqrt.dist=T,add=T
batch,0.003197725958392682,0.0035938326807183345,0.0031977259583926983
False,,,
