,PC_0_p,PC_1_p,PC_0_bc_distance,PC_1_bc_distance
0,0.8529626269312417,0.9470331945536088,0.59739702930932,0.29161634951943843
