,fold,average_acc,macro_prec,weighted_prec,macro_recall,weighted_recall,macro_f1,weighted_f1,auc,baseline_likelihood
0,1.0,0.3877551020408163,0.16362359550561797,0.2416303600091722,0.24166666666666667,0.3877551020408163,0.16585067319461444,0.2600354707366423,0.494017283637593,0.40816326530612246
1,2.0,0.38144329896907214,0.34375,0.4381443298969072,0.25862068965517243,0.38144329896907214,0.15303030303030302,0.22236800999687595,0.5063595251554551,0.3711340206185567
2,3.0,0.38144329896907214,0.09736842105263158,0.1485621269669018,0.25,0.38144329896907214,0.14015151515151517,0.2138394251796314,0.5003205128205128,0.38144329896907214
3,4.0,0.41237113402061853,0.1736111111111111,0.2666093928980527,0.2463393626184324,0.41237113402061853,0.1916729182295574,0.3091855438086326,0.4975744432139781,0.44329896907216493
4,5.0,0.4536082474226804,0.2977150537634409,0.39510586409488974,0.2777777777777778,0.4536082474226804,0.2013721714010592,0.3125294710352461,0.5210317460317461,0.422680412371134
