,fold,average_acc,macro_prec,weighted_prec,macro_recall,weighted_recall,macro_f1,weighted_f1,auc,baseline_likelihood
0,1.0,0.3877551020408163,0.09693877551020408,0.15035401915868388,0.25,0.3877551020408163,0.13970588235294118,0.21668667466986793,0.5,0.3877551020408163
1,2.0,0.4329896907216495,0.23289473684210527,0.2744981009224091,0.2587535014005602,0.4329896907216495,0.17595082597003456,0.2776098950061586,0.5050869779730074,0.4329896907216495
2,3.0,0.41237113402061853,0.10309278350515463,0.17004995217345092,0.25,0.41237113402061853,0.14598540145985403,0.2408006622018211,0.5,0.41237113402061853
3,4.0,0.4020618556701031,0.16465053763440862,0.21231016517015852,0.25220588235294117,0.4020618556701031,0.16666666666666666,0.25233186057928325,0.5008014060887512,0.41237113402061853
4,5.0,0.38144329896907214,0.09536082474226804,0.14549899032840896,0.25,0.38144329896907214,0.1380597014925373,0.21064779196799505,0.5,0.38144329896907214
