,standard,sqrt.dist=T,add=T
batch,0.20501459261237898,0.11323020665928529,0.04779166851694597
gender,,,
