,fold,average_acc,macro_prec,weighted_prec,macro_recall,weighted_recall,macro_f1,weighted_f1,auc,baseline_likelihood
0,1.0,0.6064814814814815,0.6242350655658087,0.6251947187595561,0.6096912521440824,0.6064814814814815,0.5958706610023992,0.5946579958047898,0.6096912521440823,0.5092592592592593
1,2.0,0.625,0.6232758620689656,0.6247844827586206,0.6231166594920361,0.625,0.6231827873618918,0.6248788524907928,0.6231166594920362,0.5324074074074074
2,3.0,0.6342592592592593,0.6407407407407407,0.6402606310013718,0.6319897084048027,0.6342592592592593,0.6275455636800175,0.6284715906564647,0.6319897084048027,0.5092592592592593
3,4.0,0.6203703703703703,0.6332218506131551,0.634078615962674,0.6229845626072041,0.6203703703703703,0.6138821067317755,0.6129552119262619,0.6229845626072041,0.5092592592592593
4,5.0,0.6342592592592593,0.6416903409090908,0.6428050031565656,0.6369369369369369,0.6342592592592593,0.631979640692734,0.6311750694339603,0.636936936936937,0.5138888888888888
