,standard,sqrt.dist=T,add=T
batch,0.008194414747647235,0.008573407477478938,0.007613171659846921
False,,,
