,standard,sqrt.dist=T,add=T
batch,0.002984271257453283,0.004530727319660475,0.005150547198405929
False,,,
