,fold,average_acc,macro_prec,weighted_prec,macro_recall,weighted_recall,macro_f1,weighted_f1,auc,baseline_likelihood
0,1.0,0.6066666666666667,0.5911148839841539,0.6023467270326353,0.5885263929618769,0.6066666666666667,0.5891174149217699,0.6038361421916835,0.5885263929618769,0.5866666666666667
1,2.0,0.5133333333333333,0.49749163879598657,0.5007692307692307,0.49785292538915726,0.5133333333333333,0.4853113983548766,0.494918918918919,0.49785292538915726,0.54
2,3.0,0.52,0.5508935508935509,0.5538357938357938,0.5350329827063648,0.52,0.4870820668693009,0.48015197568389056,0.5350329827063648,0.5266666666666666
3,4.0,0.54,0.5641534391534392,0.5670811287477955,0.5518809056872882,0.54,0.5221386028902535,0.5172113209289441,0.5518809056872882,0.5266666666666666
4,5.0,0.52,0.5080213903743316,0.5110160427807486,0.5072463768115942,0.52,0.5,0.508,0.5072463768115942,0.54
