,PC_0_p,PC_1_p,PC_0_bc_distance,PC_1_bc_distance
0,1.8953895848778944e-13,0.5893893572192725,1.3165650987176722e-13,0.16584202574218698
