,PC_0_p,PC_1_p,PC_0_bc_distance,PC_1_bc_distance
0,0.0020062133211810242,0.0036541389456024847,0.18637350333610653,0.18060212524306035
