,fold,average_acc,macro_prec,weighted_prec,macro_recall,weighted_recall,macro_f1,weighted_f1,auc,baseline_likelihood
0,1.0,0.5133333333333333,0.5038902937171756,0.5060364390844841,0.5035714285714286,0.5133333333333333,0.49703734325478843,0.503072895135731,0.5035714285714286,0.5333333333333333
1,2.0,0.49333333333333335,0.5466269841269842,0.553941798941799,0.525286944045911,0.49333333333333335,0.44563314530247033,0.4304558127471957,0.525286944045911,0.5466666666666666
2,3.0,0.5933333333333334,0.5928347762018789,0.5929416098729048,0.5897435897435898,0.5933333333333334,0.5880419611904011,0.5899095042996714,0.5897435897435898,0.52
3,4.0,0.5666666666666667,0.5778280542986425,0.590105580693816,0.578125,0.5666666666666667,0.5666474065514022,0.5670711290872187,0.578125,0.5733333333333334
4,5.0,0.5,0.5546583850931677,0.5696894409937888,0.5399709302325582,0.5,0.4805854379241885,0.46585714945288337,0.5399709302325582,0.5733333333333334
