,standard,sqrt.dist=T,add=T
batch,0.10787396535312066,0.06592630116743751,0.03435949740338125
gender,,,
