,standard,sqrt.dist=T,add=T
batch,0.09891058723230205,0.06326273188281739,0.04110309123198545
gender,,,
