,PC_0_p,PC_1_p,PC_0_bc_distance,PC_1_bc_distance
0,0.7774719911266342,0.987390155415856,0.655441240124413,0.9175783965371632
