,PC_0_p,PC_1_p,PC_0_bc_distance,PC_1_bc_distance
0,0.9063765651248039,0.911303074691336,0.9751796443240375,0.7547394049830989
