,fold,average_acc,macro_prec,weighted_prec,macro_recall,weighted_recall,macro_f1,weighted_f1,auc,baseline_likelihood
0,1.0,0.7419354838709677,0.8688524590163935,0.8096245372818616,0.5294117647058824,0.7419354838709677,0.48008385744234794,0.6467167106241969,0.5294117647058824,0.7258064516129032
1,2.0,0.7419354838709677,0.8688524590163935,0.8096245372818616,0.5294117647058824,0.7419354838709677,0.48008385744234794,0.6467167106241969,0.5294117647058824,0.7258064516129032
2,3.0,0.8032786885245902,0.4016393442622951,0.6452566514377855,0.5,0.8032786885245902,0.44545454545454544,0.7156482861400895,0.5,0.8032786885245902
3,4.0,0.7049180327868853,0.5287356321839081,0.6152251742980969,0.5066844919786097,0.7049180327868853,0.46176470588235297,0.6218900675024109,0.5066844919786097,0.7213114754098361
4,5.0,0.8360655737704918,0.5635964912280702,0.7949381650848433,0.5341981132075472,0.8360655737704918,0.5378787878787878,0.8117237953303527,0.5341981132075472,0.8688524590163934
