,fold,average_acc,macro_prec,weighted_prec,macro_recall,weighted_recall,macro_f1,weighted_f1,auc,baseline_likelihood
0,1.0,0.7903225806451613,0.5734463276836158,0.7206123564789503,0.5216666666666666,0.7903225806451613,0.5070336391437309,0.7360757620597811,0.5216666666666666,0.8064516129032258
1,2.0,0.7580645161290323,0.8770491803278688,0.8175568482284504,0.53125,0.7580645161290323,0.4887300714678395,0.6682863679086347,0.53125,0.7419354838709677
2,3.0,0.7377049180327869,0.7040229885057472,0.7205577539099302,0.5474598930481284,0.7377049180327869,0.5215686274509804,0.6639022822243652,0.5474598930481284,0.7213114754098361
3,4.0,0.7704918032786885,0.5632183908045977,0.6951196532881101,0.5176282051282052,0.7704918032786885,0.49646226415094336,0.7095963501391895,0.5176282051282051,0.7868852459016393
4,5.0,0.8032786885245902,0.9,0.8426229508196722,0.5384615384615384,0.8032786885245902,0.5158730158730159,0.7298985167837627,0.5384615384615384,0.7868852459016393
