,PC_0_p,PC_1_p,PC_0_bc_distance,PC_1_bc_distance
0,0.35945604575434253,0.3070055299709312,0.32464330814353415,0.31354388041087033
