,fold,average_acc,macro_prec,weighted_prec,macro_recall,weighted_recall,macro_f1,weighted_f1,auc,baseline_likelihood
0,1.0,0.5172413793103449,0.51,0.5103448275862069,0.5047619047619047,0.5172413793103449,0.4361111111111111,0.44348659003831414,0.5047619047619047,0.5172413793103449
1,2.0,0.4482758620689655,0.35,0.36551724137931035,0.41346153846153844,0.4482758620689655,0.3555555555555555,0.3808429118773946,0.41346153846153844,0.5517241379310345
2,3.0,0.5,0.43939393939393934,0.45454545454545453,0.4583333333333333,0.5,0.4269005847953216,0.45614035087719296,0.4583333333333333,0.5714285714285714
3,4.0,0.42857142857142855,0.41538461538461535,0.48131868131868133,0.40350877192982454,0.42857142857142855,0.4010695187165776,0.44690603514132926,0.4035087719298246,0.6785714285714286
4,5.0,0.35714285714285715,0.3125,0.30357142857142855,0.40625,0.35714285714285715,0.3,0.2714285714285714,0.40625,0.5714285714285714
