,standard,sqrt.dist=T,add=T
batch,0.004413118780776336,0.005655589631166907,0.005523979493344273
False,,,
