,standard,sqrt.dist=T,add=T
batch,0.006687103790813544,0.006876020843210772,0.006687103790813543
False,,,
