,standard,sqrt.dist=T,add=T
batch,0.008053462556845161,0.007532223076389045,0.007654881527553542
False,,,
