,standard,sqrt.dist=T,add=T
batch,0.009346656922535428,0.008153422671111733,0.008354584064829923
False,,,
