,standard,sqrt.dist=T,add=T
batch,0.0064092590754115586,0.0067102583286821095,0.006692434912958157
False,,,
