,standard,sqrt.dist=T,add=T
batch,0.008509319551151284,0.007799404190488514,0.008509319551151272
False,,,
