,standard,sqrt.dist=T,add=T
batch,0.005724630555339112,0.006450235825350197,0.006291682567619086
False,,,
