,fold,average_acc,macro_prec,weighted_prec,macro_recall,weighted_recall,macro_f1,weighted_f1,auc,baseline_likelihood
0,1.0,0.5172413793103449,0.25862068965517243,0.267538644470868,0.5,0.5172413793103449,0.34090909090909094,0.3526645768025079,0.5,0.5172413793103449
1,2.0,0.4482758620689655,0.4639423076923077,0.5109416445623343,0.4605263157894737,0.4482758620689655,0.4423076923076923,0.46021220159151194,0.4605263157894737,0.6551724137931034
2,3.0,0.5357142857142857,0.7592592592592593,0.7592592592592593,0.5357142857142857,0.5357142857142857,0.40813008130081296,0.408130081300813,0.5357142857142857,0.5
3,4.0,0.5357142857142857,0.75,0.7678571428571429,0.5666666666666667,0.5357142857142857,0.4509803921568627,0.4355742296918767,0.5666666666666667,0.5357142857142857
4,5.0,0.5,0.47593582887700536,0.5,0.47593582887700536,0.5,0.47593582887700536,0.5,0.47593582887700536,0.6071428571428571
