,standard,sqrt.dist=T,add=T
batch,0.007164180117615434,0.00714768128778932,0.007164180117615432
False,,,
