,standard,sqrt.dist=T,add=T
batch,0.007718612714334049,0.007440806512041089,0.007718612714334042
False,,,
