,standard,sqrt.dist=T,add=T
batch,0.009687253581901277,0.008556449808678881,0.008611233134138486
False,,,
