,PC_0_p,PC_1_p,PC_0_bc_distance,PC_1_bc_distance
0,0.09663168091594197,0.08282291726877307,0.11855810559573043,0.05815774089437711
