,PC_0_p,PC_1_p,PC_0_bc_distance,PC_1_bc_distance
0,0.33142425611300197,0.6993379327312966,0.47160690692724627,0.6459873817062025
