,standard,sqrt.dist=T,add=T
batch,0.009724105892559532,0.008418798132608575,0.009724105892559525
False,,,
