,fold,average_acc,macro_prec,weighted_prec,macro_recall,weighted_recall,macro_f1,weighted_f1,auc,baseline_likelihood
0,1.0,0.5862068965517241,0.655,0.6517241379310345,0.5738095238095238,0.5862068965517241,0.5166666666666667,0.5229885057471265,0.5738095238095238,0.5172413793103449
1,2.0,0.4482758620689655,0.3442028985507246,0.37481259370314846,0.39460784313725494,0.4482758620689655,0.3555555555555555,0.39770114942528734,0.3946078431372549,0.5862068965517241
2,3.0,0.6071428571428571,0.5681818181818181,0.5827922077922079,0.5481283422459893,0.6071428571428571,0.5354449472096531,0.5745528980823098,0.5481283422459893,0.6071428571428571
3,4.0,0.42857142857142855,0.23076923076923078,0.23076923076923078,0.42857142857142855,0.42857142857142855,0.3,0.3,0.4285714285714286,0.5
4,5.0,0.42857142857142855,0.24,0.2571428571428571,0.4,0.42857142857142855,0.3,0.32142857142857145,0.4,0.5357142857142857
