,standard,sqrt.dist=T,add=T
batch,0.00725616268333275,0.00710098347339038,0.00718401039200402
False,,,
