,standard,sqrt.dist=T,add=T
batch,0.006149836406027477,0.00652063410080279,0.006564522239641079
False,,,
