,standard,sqrt.dist=T,add=T
batch,0.008393893648762822,0.007767575785930091,0.007821083620868403
False,,,
