,standard,sqrt.dist=T,add=T
batch,0.005389834646121701,0.006186143026658694,0.0060957073169611055
False,,,
