,standard,sqrt.dist=T,add=T
batch,0.006314885700620947,0.0067045760746907,0.006656941704543928
False,,,
