,fold,average_acc,macro_prec,weighted_prec,macro_recall,weighted_recall,macro_f1,weighted_f1,auc,baseline_likelihood
0,1.0,0.4827586206896552,0.4595959595959596,0.47614071752002785,0.4607843137254902,0.4827586206896552,0.4596273291925466,0.47890340544013715,0.4607843137254902,0.5862068965517241
1,2.0,0.4827586206896552,0.4157894736842105,0.49764065335753177,0.4111111111111111,0.4827586206896552,0.41295546558704455,0.48973893619991626,0.4111111111111111,0.6896551724137931
2,3.0,0.42857142857142855,0.21428571428571427,0.18367346938775508,0.5,0.42857142857142855,0.3,0.2571428571428571,0.5,0.5714285714285714
3,4.0,0.39285714285714285,0.22916666666666666,0.24553571428571427,0.36666666666666664,0.39285714285714285,0.28205128205128205,0.3021978021978022,0.3666666666666667,0.5357142857142857
4,5.0,0.4642857142857143,0.4066666666666666,0.4066666666666667,0.46428571428571425,0.4642857142857143,0.3665158371040724,0.3665158371040724,0.4642857142857143,0.5
