,PC_0_p,PC_1_p,PC_0_bc_distance,PC_1_bc_distance
0,0.4277799714853755,0.6361736287862393,0.1998255305532094,0.7403670353259952
