,PC_0_p,PC_1_p,PC_0_bc_distance,PC_1_bc_distance
0,0.19192631811674965,0.3691217148302479,0.17976907699845712,0.39652523436134945
