,fold,average_acc,macro_prec,weighted_prec,macro_recall,weighted_recall,macro_f1,weighted_f1,auc,baseline_likelihood
0,1.0,0.41379310344827586,0.3782051282051282,0.37356321839080453,0.4543269230769231,0.41379310344827586,0.33468286099865047,0.31094978826376285,0.4543269230769231,0.5517241379310345
1,2.0,0.4482758620689655,0.24074074074074073,0.2490421455938697,0.43333333333333335,0.4482758620689655,0.30952380952380953,0.3201970443349754,0.43333333333333335,0.5172413793103449
2,3.0,0.6071428571428571,0.6333333333333333,0.6285714285714287,0.5520833333333334,0.6071428571428571,0.49918699186991866,0.5324041811846689,0.5520833333333333,0.5714285714285714
3,4.0,0.6428571428571429,0.5888888888888889,0.6698412698412699,0.6,0.6428571428571429,0.5906432748538011,0.6532999164578112,0.5999999999999999,0.7142857142857143
4,5.0,0.5357142857142857,0.5608695652173913,0.5608695652173913,0.5357142857142857,0.5357142857142857,0.48221906116642954,0.48221906116642954,0.5357142857142857,0.5
