,standard,sqrt.dist=T,add=T
batch,0.00609265508084594,0.006634067508670798,0.0065325035176663476
False,,,
