,PC_0_p,PC_1_p,PC_0_bc_distance,PC_1_bc_distance
0,0.162923498807255,0.2841801824520847,0.5260330451814546,0.29595972077156935
