,standard,sqrt.dist=T,add=T
batch,0.011129369821967945,0.010402923469236408,0.01028548406212754
gender,,,
