,PC_0_p,PC_1_p,PC_0_bc_distance,PC_1_bc_distance
0,0.6480081335970909,0.4927404706057602,0.11827680236413242,0.6712276545393104
