,standard,sqrt.dist=T,add=T
batch,0.007309319568081626,0.008587339283627966,0.008897581576367827
gender,,,
