,standard,sqrt.dist=T,add=T
batch,0.0113729371806099,0.0108313597177461,0.010373977071392319
gender,,,
