,fold,average_acc,macro_prec,weighted_prec,macro_recall,weighted_recall,macro_f1,weighted_f1,auc,baseline_likelihood
0,1.0,0.7258064516129032,0.3629032258064516,0.5267950052029137,0.5,0.7258064516129032,0.4205607476635514,0.6104914078987036,0.5,0.7258064516129032
1,2.0,0.7096774193548387,0.5310734463276836,0.6203754328412611,0.5071895424836601,0.7096774193548387,0.4634615384615384,0.627605459057072,0.5071895424836601,0.7258064516129032
2,3.0,0.819672131147541,0.9083333333333333,0.8527322404371585,0.5416666666666666,0.819672131147541,0.5264643613267466,0.7524786838969422,0.5416666666666667,0.8032786885245902
3,4.0,0.7213114754098361,0.36065573770491804,0.5202902445579145,0.5,0.7213114754098361,0.41904761904761906,0.6045277127244341,0.5,0.7213114754098361
4,5.0,0.8688524590163934,0.4344262295081967,0.7549045955388337,0.5,0.8688524590163934,0.4649122807017544,0.8078803566292782,0.5,0.8688524590163934
