,PC_0_p,PC_1_p,PC_0_bc_distance,PC_1_bc_distance
0,0.9476069203073052,0.9263937264564663,0.5740127114337863,0.2998975013273247
