,PC_0_p,PC_1_p,PC_0_bc_distance,PC_1_bc_distance
0,0.04890638517094649,0.8506134618782828,0.17781205653099252,0.7673061955590911
