,standard,sqrt.dist=T,add=T
batch,0.011953309123406988,0.010560595295797302,0.010584838083300163
gender,,,
