,standard,sqrt.dist=T,add=T
batch,0.003744012607814665,0.003524750726447273,0.0034409284831801138
gender,,,
