,fold,average_acc,macro_prec,weighted_prec,macro_recall,weighted_recall,macro_f1,weighted_f1,auc,baseline_likelihood
0,1.0,0.9933333333333333,0.9925373134328358,0.9934328358208956,0.9940476190476191,0.9933333333333333,0.9932465895277115,0.9933384359101346,0.9940476190476191,0.56
1,2.0,0.94,0.94375,0.9467499999999999,0.9430379746835442,0.94,0.9399973332148095,0.9399759989332859,0.9430379746835442,0.5266666666666666
2,3.0,0.98,0.9810126582278481,0.9807594936708862,0.9797297297297297,0.98,0.9799777530589544,0.9799866518353726,0.9797297297297297,0.5066666666666667
3,4.0,0.98,0.9805555555555555,0.980037037037037,0.9779885798489593,0.98,0.9792234175169675,0.9799732212936886,0.9779885798489593,0.5933333333333334
4,5.0,1.0,1.0,1.0,1.0,1.0,1.0,1.0,1.0,0.54
