,PC_0_p,PC_1_p,PC_0_bc_distance,PC_1_bc_distance
0,3.975607201742458e-11,0.42164434051097033,9.304536561138637e-08,0.013318613178239186
