,fold,average_acc,macro_prec,weighted_prec,macro_recall,weighted_recall,macro_f1,weighted_f1,auc,baseline_likelihood
0,1.0,0.8064516129032258,0.4032258064516129,0.6503642039542143,0.5,0.8064516129032258,0.4464285714285714,0.7200460829493087,0.5,0.8064516129032258
1,2.0,0.7741935483870968,0.3870967741935484,0.5993756503642039,0.5,0.7741935483870968,0.43636363636363634,0.6756598240469208,0.5,0.7741935483870968
2,3.0,0.7377049180327869,0.36885245901639346,0.5442085460897609,0.5,0.7377049180327869,0.4245283018867924,0.6263532322919889,0.5,0.7377049180327869
3,4.0,0.7704918032786885,0.38524590163934425,0.5936576189196452,0.5,0.7704918032786885,0.4351851851851852,0.6706132361870066,0.5,0.7704918032786885
4,5.0,0.7540983606557377,0.3770491803278688,0.568664337543671,0.5,0.7540983606557377,0.42990654205607476,0.6483836371993259,0.5,0.7540983606557377
