,standard,sqrt.dist=T,add=T
batch,0.008959560970276626,0.010189782980135858,0.009639411052420504
gender,,,
