,PC_0_p,PC_1_p,PC_0_bc_distance,PC_1_bc_distance
0,0.5421285442752104,0.451511208831353,0.31158303170746593,0.9450998807984281
