,standard,sqrt.dist=T,add=T
batch,0.006758724159178177,0.005934660365713511,0.003948092203053651
gender,,,
