,PC_0_p,PC_1_p,PC_0_bc_distance,PC_1_bc_distance
0,0.5996505788075852,0.37830610004790566,0.23502832028141024,0.8962452515089132
