,standard,sqrt.dist=T,add=T
batch,0.008112397456814361,0.009748597094449595,0.00948539413075177
gender,,,
