,fold,average_acc,macro_prec,weighted_prec,macro_recall,weighted_recall,macro_f1,weighted_f1,auc,baseline_likelihood
0,1.0,0.7580645161290323,0.3790322580645161,0.5746618106139437,0.5,0.7580645161290323,0.43119266055045874,0.6537437111571471,0.5,0.7580645161290323
1,2.0,0.7903225806451613,0.3951612903225806,0.6246097814776275,0.5,0.7903225806451613,0.44144144144144143,0.6977622784074397,0.5,0.7903225806451613
2,3.0,0.7540983606557377,0.3770491803278688,0.568664337543671,0.5,0.7540983606557377,0.42990654205607476,0.6483836371993259,0.5,0.7540983606557377
3,4.0,0.7213114754098361,0.36065573770491804,0.5202902445579145,0.5,0.7213114754098361,0.41904761904761906,0.6045277127244341,0.5,0.7213114754098361
4,5.0,0.819672131147541,0.4098360655737705,0.6718624025799517,0.5,0.819672131147541,0.45045045045045046,0.738443361394181,0.5,0.819672131147541
