,standard,sqrt.dist=T,add=T
batch,0.009713854478458395,0.01051671328397761,0.009785565000481574
gender,,,
