,fold,average_acc,macro_prec,weighted_prec,macro_recall,weighted_recall,macro_f1,weighted_f1,auc,baseline_likelihood
0,1.0,0.7580645161290323,0.3790322580645161,0.5746618106139437,0.5,0.7580645161290323,0.43119266055045874,0.6537437111571471,0.5,0.7580645161290323
1,2.0,0.8225806451612904,0.4112903225806452,0.6766389177939647,0.5,0.8225806451612904,0.45132743362831856,0.7425064230659435,0.5,0.8225806451612904
2,3.0,0.7868852459016393,0.39344262295081966,0.6191883902176835,0.5,0.7868852459016393,0.4403669724770642,0.6930365468491502,0.5,0.7868852459016393
3,4.0,0.7540983606557377,0.3770491803278688,0.568664337543671,0.5,0.7540983606557377,0.42990654205607476,0.6483836371993259,0.5,0.7540983606557377
4,5.0,0.7213114754098361,0.36065573770491804,0.5202902445579145,0.5,0.7213114754098361,0.41904761904761906,0.6045277127244341,0.5,0.7213114754098361
