,fold,average_acc,macro_prec,weighted_prec,macro_recall,weighted_recall,macro_f1,weighted_f1,auc,baseline_likelihood
0,1.0,0.6935483870967742,0.3467741935483871,0.48100936524453697,0.5,0.6935483870967742,0.40952380952380957,0.5680491551459294,0.5,0.6935483870967742
1,2.0,0.7903225806451613,0.3951612903225806,0.6246097814776275,0.5,0.7903225806451613,0.44144144144144143,0.6977622784074397,0.5,0.7903225806451613
2,3.0,0.8032786885245902,0.4016393442622951,0.6452566514377855,0.5,0.8032786885245902,0.44545454545454544,0.7156482861400895,0.5,0.8032786885245902
3,4.0,0.7377049180327869,0.36885245901639346,0.5442085460897609,0.5,0.7377049180327869,0.4245283018867924,0.6263532322919889,0.5,0.7377049180327869
4,5.0,0.819672131147541,0.4098360655737705,0.6718624025799517,0.5,0.819672131147541,0.45045045045045046,0.738443361394181,0.5,0.819672131147541
