,PC_0_p,PC_1_p,PC_0_bc_distance,PC_1_bc_distance
0,0.5762956662441374,0.31171175190114164,0.15654782545932583,0.8728406526574995
