,standard,sqrt.dist=T,add=T
batch,0.009659760819184121,0.010425612095682575,0.009774670315829057
gender,,,
