,fold,average_acc,macro_prec,weighted_prec,macro_recall,weighted_recall,macro_f1,weighted_f1,auc,baseline_likelihood
0,1.0,0.7116279069767442,0.71,0.7108837209302324,0.7060439560439561,0.7116279069767442,0.7070072094250044,0.7102588114058582,0.706043956043956,0.5441860465116279
1,2.0,0.7348837209302326,0.7778571428571428,0.7943853820598007,0.7559210526315789,0.7348837209302326,0.7325695581014731,0.7296768545655236,0.7559210526315789,0.5581395348837209
2,3.0,0.6325581395348837,0.635366506153023,0.6351388007515523,0.631383070797992,0.6325581395348837,0.6293507910529188,0.6298318933252135,0.631383070797992,0.5069767441860465
3,4.0,0.7069767441860465,0.7157407407407408,0.714306632213609,0.7019764216366158,0.7069767441860465,0.7003384880865468,0.7022054976145311,0.7019764216366158,0.5209302325581395
4,5.0,0.6495327102803738,0.6802981466559226,0.6834535760277738,0.6565643313216128,0.6495327102803738,0.6399003836575352,0.6376987090008862,0.656564331321613,0.5186915887850467
