,fold,average_acc,macro_prec,weighted_prec,macro_recall,weighted_recall,macro_f1,weighted_f1,auc,baseline_likelihood
0,1.0,0.5517241379310345,0.4921052631578947,0.56497277676951,0.4916666666666667,0.5517241379310345,0.4912280701754386,0.5577737447065941,0.4916666666666667,0.6896551724137931
1,2.0,0.41379310344827586,0.345,0.3417241379310345,0.4261904761904762,0.41379310344827586,0.33468286099865047,0.326771836753688,0.4261904761904761,0.5172413793103449
2,3.0,0.5,0.4625,0.47500000000000003,0.46875,0.5,0.4555555555555556,0.4777777777777778,0.46875,0.5714285714285714
3,4.0,0.4642857142857143,0.375,0.38392857142857145,0.43846153846153846,0.4642857142857143,0.36651583710407243,0.3842921784098255,0.43846153846153846,0.5357142857142857
4,5.0,0.4642857142857143,0.23214285714285715,0.21556122448979592,0.5,0.4642857142857143,0.3170731707317073,0.29442508710801396,0.5,0.5357142857142857
