,standard,sqrt.dist=T,add=T
batch,0.008163410993652764,0.007645015890924559,0.008163410993652758
False,,,
