,PC_0_p,PC_1_p,PC_0_bc_distance,PC_1_bc_distance
0,0.7962232385578855,0.7472813622958866,0.7231738253852442,0.8639116941907524
