,standard,sqrt.dist=T,add=T
batch,0.0035027720907948837,0.005119037880433412,0.005548474313684493
False,,,
