,fold,average_acc,macro_prec,weighted_prec,macro_recall,weighted_recall,macro_f1,weighted_f1,auc,baseline_likelihood
0,1.0,0.4827586206896552,0.45,0.45172413793103455,0.4714285714285714,0.4827586206896552,0.41295546558704455,0.4199357810973056,0.4714285714285714,0.5172413793103449
1,2.0,0.4827586206896552,0.5098039215686274,0.5584854631507775,0.5105263157894737,0.4827586206896552,0.48028673835125457,0.4914102088740577,0.5105263157894737,0.6551724137931034
2,3.0,0.5714285714285714,0.5729166666666667,0.5729166666666667,0.5714285714285714,0.5714285714285714,0.5692307692307692,0.5692307692307693,0.5714285714285714,0.5
3,4.0,0.42857142857142855,0.4327485380116959,0.43358395989974935,0.441025641025641,0.42857142857142855,0.4166666666666667,0.4107142857142857,0.441025641025641,0.5357142857142857
4,5.0,0.5714285714285714,0.5641025641025641,0.586080586080586,0.5668449197860963,0.5714285714285714,0.5625,0.5758928571428571,0.5668449197860963,0.6071428571428571
