,fold,average_acc,macro_prec,weighted_prec,macro_recall,weighted_recall,macro_f1,weighted_f1,auc,baseline_likelihood
0,1.0,0.4827586206896552,0.4642857142857143,0.46551724137931033,0.4738095238095238,0.4827586206896552,0.4401544401544401,0.445479962721342,0.4738095238095238,0.5172413793103449
1,2.0,0.41379310344827586,0.3214285714285714,0.35221674876847286,0.3651960784313726,0.41379310344827586,0.3346828609986505,0.3742379822234632,0.36519607843137253,0.5862068965517241
2,3.0,0.42857142857142855,0.2608695652173913,0.3167701863354037,0.35294117647058826,0.42857142857142855,0.3,0.36428571428571427,0.3529411764705882,0.6071428571428571
3,4.0,0.42857142857142855,0.23076923076923078,0.23076923076923078,0.42857142857142855,0.42857142857142855,0.3,0.3,0.4285714285714286,0.5
4,5.0,0.5357142857142857,0.26785714285714285,0.2869897959183673,0.5,0.5357142857142857,0.3488372093023256,0.37375415282392027,0.5,0.5357142857142857
