,standard,sqrt.dist=T,add=T
batch,0.00860052069504163,0.0078067386607552644,0.008600520695041627
False,,,
