,standard,sqrt.dist=T,add=T
batch,0.008254888819936438,0.007911397526682237,0.007729464615428294
False,,,
