,PC_0_p,PC_1_p,PC_0_bc_distance,PC_1_bc_distance
0,0.5755500147074806,0.8459802772952223,0.2900143309497757,0.9398848154335216
