,fold,average_acc,macro_prec,weighted_prec,macro_recall,weighted_recall,macro_f1,weighted_f1,auc,baseline_likelihood
0,1.0,0.41379310344827586,0.21428571428571427,0.1921182266009852,0.46153846153846156,0.41379310344827586,0.2926829268292683,0.2624053826745164,0.46153846153846156,0.5517241379310345
1,2.0,0.4482758620689655,0.24074074074074073,0.2490421455938697,0.43333333333333335,0.4482758620689655,0.30952380952380953,0.3201970443349754,0.43333333333333335,0.5172413793103449
2,3.0,0.42857142857142855,0.3333333333333333,0.35714285714285715,0.3854166666666667,0.42857142857142855,0.3450292397660819,0.3784461152882206,0.38541666666666663,0.5714285714285714
3,4.0,0.35714285714285715,0.2777777777777778,0.3968253968253968,0.25,0.35714285714285715,0.2631578947368421,0.37593984962406013,0.25,0.7142857142857143
4,5.0,0.5,0.5,0.5,0.5,0.5,0.4555555555555556,0.4555555555555556,0.5,0.5
