,standard,sqrt.dist=T,add=T
batch,0.005531621917542626,0.0063445861931540615,0.0062368525328874635
False,,,
