,standard,sqrt.dist=T,add=T
batch,0.004045805671141839,0.0057822914294229,0.005782019733380306
False,,,
