,standard,sqrt.dist=T,add=T
batch,0.003931018969560229,0.0051579837463379,0.005359568232399346
False,,,
