,fold,average_acc,macro_prec,weighted_prec,macro_recall,weighted_recall,macro_f1,weighted_f1,auc,baseline_likelihood
0,1.0,0.4827586206896552,0.4722222222222222,0.4731800766283525,0.47619047619047616,0.4827586206896552,0.4596273291925466,0.46348254444206477,0.47619047619047616,0.5172413793103449
1,2.0,0.5517241379310345,0.5326086956521738,0.5359820089955022,0.5216346153846154,0.5517241379310345,0.4912280701754386,0.5093768905021174,0.5216346153846154,0.5517241379310345
2,3.0,0.5,0.4777777777777778,0.48888888888888893,0.47916666666666663,0.5,0.47593582887700536,0.4919786096256685,0.47916666666666663,0.5714285714285714
3,4.0,0.5714285714285714,0.47619047619047616,0.5442176870748299,0.47953216374269003,0.5714285714285714,0.475,0.5553571428571428,0.4795321637426901,0.6785714285714286
4,5.0,0.5,0.5606060606060606,0.5757575757575758,0.5416666666666667,0.5,0.47593582887700536,0.45989304812834225,0.5416666666666667,0.5714285714285714
