,standard,sqrt.dist=T,add=T
batch,0.007471044266357186,0.007281798533279026,0.007471044266357188
False,,,
