,standard,sqrt.dist=T,add=T
batch,0.006167805422983271,0.00691582170231953,0.006585542257754012
False,,,
