,standard,sqrt.dist=T,add=T
batch,0.009206696350538385,0.008092074847917772,0.008251146650773783
False,,,
