,standard,sqrt.dist=T,add=T
batch,0.006867675674249575,0.006955032042339361,0.00696913844229719
False,,,
