,standard,sqrt.dist=T,add=T
batch,0.004642414899135624,0.0060148993861466726,0.005749481596756404
False,,,
