,standard,sqrt.dist=T,add=T
batch,0.005122116701318139,0.0060278665152215085,0.005122116701318155
False,,,
