,PC_0_p,PC_1_p,PC_0_bc_distance,PC_1_bc_distance
0,0.16819370015684837,0.6167378811970372,0.06581816483620166,0.6757947330500376
