,standard,sqrt.dist=T,add=T
batch,0.002498285287944946,0.004524015039474124,0.002498285287945024
False,,,
