,PC_0_p,PC_1_p,PC_0_bc_distance,PC_1_bc_distance
0,0.785660661956561,0.5447788276177813,0.6892109523613248,0.39398440626567166
