,fold,average_acc,macro_prec,weighted_prec,macro_recall,weighted_recall,macro_f1,weighted_f1,auc,baseline_likelihood
0,1.0,0.5066666666666667,0.504842180774749,0.5056241032998565,0.5048076923076923,0.5066666666666667,0.5044642857142857,0.5057857142857142,0.5048076923076923,0.52
1,2.0,0.5066666666666667,0.5169314381270903,0.5179933110367893,0.514423076923077,0.5066666666666667,0.4913856304985338,0.48785923753665694,0.5144230769230769,0.52
2,3.0,0.5333333333333333,0.5604096989966555,0.5669453734671127,0.5518292682926829,0.5333333333333333,0.5230741279069767,0.5165455426356589,0.5518292682926829,0.5466666666666666
3,4.0,0.4866666666666667,0.4874110563765736,0.48747308885239915,0.4877311522048364,0.4866666666666667,0.48389114795120425,0.4833865081847565,0.4877311522048364,0.5066666666666667
4,5.0,0.54,0.5460043988269795,0.5478519061583579,0.544749509716527,0.54,0.5383380168606986,0.5368606985146528,0.544749509716527,0.5266666666666666
