,PC_0_p,PC_1_p,PC_0_bc_distance,PC_1_bc_distance
0,0.15065124474015593,0.20499977660473934,0.00125446414638111,2.4844133183803683e-23
