,PC_0_p,PC_1_p,PC_0_bc_distance,PC_1_bc_distance
0,0.4385086905079255,0.39907592760411303,0.7751373982663519,0.4829382374957716
