,PC_0_p,PC_1_p,PC_0_bc_distance,PC_1_bc_distance
0,0.22804539117241215,0.009748662774926106,0.1448549399478006,0.5972975179413548
