,standard,sqrt.dist=T,add=T
batch,0.03682713491911325,0.029269542986087613,0.024634027542289074
gender,0.0055709721733266625,0.006512962553946892,0.0054730253807359075
