,fold,average_acc,macro_prec,weighted_prec,macro_recall,weighted_recall,macro_f1,weighted_f1,auc,baseline_likelihood
0,1.0,0.8421052631578947,0.42105263157894735,0.7091412742382271,0.5,0.8421052631578947,0.45714285714285713,0.7699248120300751,0.5,0.8421052631578947
1,2.0,0.6486486486486487,0.3333333333333333,0.4504504504504504,0.48,0.6486486486486487,0.39344262295081966,0.5316792202038104,0.48,0.6756756756756757
2,3.0,0.7297297297297297,0.36486486486486486,0.5325054784514244,0.5,0.7297297297297297,0.42187499999999994,0.6157094594594593,0.5,0.7297297297297297
3,4.0,0.7567567567567568,0.3783783783783784,0.5726807888970051,0.5,0.7567567567567568,0.4307692307692308,0.651975051975052,0.5,0.7567567567567568
4,5.0,0.7567567567567568,0.3783783783783784,0.5726807888970051,0.5,0.7567567567567568,0.4307692307692308,0.651975051975052,0.5,0.7567567567567568
