,PC_0_p,PC_1_p,PC_0_bc_distance,PC_1_bc_distance
0,0.05455826811332976,0.02332666798053072,0.01013304565708557,0.026450865653639914
