,fold,average_acc,macro_prec,weighted_prec,macro_recall,weighted_recall,macro_f1,weighted_f1,auc,baseline_likelihood
0,1.0,0.7580645161290323,0.8770491803278688,0.8175568482284504,0.53125,0.7580645161290323,0.4887300714678395,0.6682863679086347,0.53125,0.7419354838709677
1,2.0,0.6451612903225806,0.3225806451612903,0.4162330905306972,0.5,0.6451612903225806,0.39215686274509803,0.5060088551549652,0.5,0.6451612903225806
2,3.0,0.8360655737704918,0.9166666666666667,0.8633879781420766,0.5454545454545454,0.8360655737704918,0.5378787878787878,0.7752111276701441,0.5454545454545454,0.819672131147541
3,4.0,0.8524590163934426,0.925,0.8745901639344262,0.55,0.8524590163934426,0.5503685503685504,0.798082732508962,0.55,0.8360655737704918
4,5.0,0.8032786885245902,0.4016393442622951,0.6452566514377855,0.5,0.8032786885245902,0.44545454545454544,0.7156482861400895,0.5,0.8032786885245902
