,fold,average_acc,macro_prec,weighted_prec,macro_recall,weighted_recall,macro_f1,weighted_f1,auc,baseline_likelihood
0,1.0,0.7741935483870968,0.5301724137931034,0.7018909899888764,0.5116666666666666,0.7741935483870968,0.4976851851851852,0.72610513739546,0.5116666666666667,0.8064516129032258
1,2.0,0.7419354838709677,0.3709677419354839,0.5504682622268471,0.5,0.7419354838709677,0.42592592592592593,0.6320191158900836,0.5,0.7419354838709677
2,3.0,0.7377049180327869,0.8666666666666667,0.8076502732240437,0.5294117647058824,0.7377049180327869,0.4786324786324786,0.6413058708140674,0.5294117647058824,0.7213114754098361
3,4.0,0.7540983606557377,0.3898305084745763,0.6135037510419561,0.4791666666666667,0.7540983606557377,0.4299065420560748,0.6765742301210358,0.4791666666666667,0.7868852459016393
4,5.0,0.7868852459016393,0.39344262295081966,0.6191883902176835,0.5,0.7868852459016393,0.4403669724770642,0.6930365468491502,0.5,0.7868852459016393
