,fold,average_acc,macro_prec,weighted_prec,macro_recall,weighted_recall,macro_f1,weighted_f1,auc,baseline_likelihood
0,1.0,0.8064516129032258,0.4166666666666667,0.6989247311827957,0.4807692307692308,0.8064516129032258,0.44642857142857145,0.7488479262672811,0.4807692307692308,0.8387096774193549
1,2.0,0.7580645161290323,0.3790322580645161,0.5746618106139437,0.5,0.7580645161290323,0.43119266055045874,0.6537437111571471,0.5,0.7580645161290323
2,3.0,0.7704918032786885,0.7212643678160919,0.7490107405313736,0.5557971014492754,0.7704918032786885,0.5438034188034189,0.707229928541404,0.5557971014492753,0.7540983606557377
3,4.0,0.7049180327868853,0.35833333333333334,0.5169398907103825,0.48863636363636365,0.7049180327868853,0.4134615384615385,0.596469104665826,0.48863636363636365,0.7213114754098361
4,5.0,0.7704918032786885,0.38524590163934425,0.5936576189196452,0.5,0.7704918032786885,0.4351851851851852,0.6706132361870066,0.5,0.7704918032786885
