,fold,average_acc,macro_prec,weighted_prec,macro_recall,weighted_recall,macro_f1,weighted_f1,auc,baseline_likelihood
0,1.0,0.7096774193548387,0.6083333333333334,0.653763440860215,0.5164141414141414,0.7096774193548387,0.4634615384615385,0.6158808933002481,0.5164141414141414,0.7096774193548387
1,2.0,0.7741935483870968,0.3870967741935484,0.5993756503642039,0.5,0.7741935483870968,0.43636363636363634,0.6756598240469208,0.5,0.7741935483870968
2,3.0,0.7704918032786885,0.3983050847457627,0.639899972214504,0.47959183673469385,0.7704918032786885,0.4351851851851851,0.6991499696417728,0.47959183673469385,0.8032786885245902
3,4.0,0.7704918032786885,0.38524590163934425,0.5936576189196452,0.5,0.7704918032786885,0.4351851851851852,0.6706132361870066,0.5,0.7704918032786885
4,5.0,0.7868852459016393,0.39344262295081966,0.6191883902176835,0.5,0.7868852459016393,0.4403669724770642,0.6930365468491502,0.5,0.7868852459016393
