,standard,sqrt.dist=T,add=T
batch,0.008643303355637582,0.00714013623183596,0.004916539597448677
gender,,,
