,PC_0_p,PC_1_p,PC_0_bc_distance,PC_1_bc_distance
0,0.34240647905413396,0.5650507390900841,0.3630036239453002,0.3445897547427795
