,standard,sqrt.dist=T,add=T
batch,0.020483189380866382,0.017622961051468593,0.01307915800923097
gender,0.005172308891428583,0.005393336999728227,0.003852016471501615
