,standard,sqrt.dist=T,add=T
batch,0.020483189380866386,0.01762296105146859,0.013079158009230976
gender,,,
