,standard,sqrt.dist=T,add=T
batch,0.02122142396749293,0.018144876587295695,0.021221423967492922
gender,,,
