,fold,average_acc,macro_prec,weighted_prec,macro_recall,weighted_recall,macro_f1,weighted_f1,auc,baseline_likelihood
0,1.0,0.62,0.625,0.6272222222222222,0.623551435193439,0.62,0.6195773081201335,0.618901001112347,0.623551435193439,0.5266666666666666
1,2.0,0.6266666666666667,0.6287081339712919,0.6282998405103668,0.619896594758424,0.6266666666666667,0.6168582375478926,0.6201277139208173,0.619896594758424,0.5266666666666666
2,3.0,0.6066666666666667,0.6139817629179332,0.6139817629179332,0.6066666666666667,0.6066666666666667,0.6002529472875922,0.600252947287592,0.6066666666666667,0.5
3,4.0,0.5533333333333333,0.5514062208977464,0.5517675544794189,0.5491452991452992,0.5533333333333333,0.5460499570892994,0.5483499706400469,0.5491452991452992,0.52
4,5.0,0.5533333333333333,0.5647733903909745,0.5663333981715619,0.5592948717948718,0.5533333333333333,0.5460499570892994,0.5437499435385519,0.5592948717948718,0.52
