,standard,sqrt.dist=T,add=T
batch,0.006032148259005845,0.006057657269245575,0.006163062537072331
False,,,
