,standard,sqrt.dist=T,add=T
batch,0.0034523165025785968,0.0037537752755594967,0.0034523165025786154
False,,,
