,PC_0_p,PC_1_p,PC_0_bc_distance,PC_1_bc_distance
0,0.43434143906042744,0.7226828374252918,0.5076330945805484,0.1534442424060957
