,fold,average_acc,macro_prec,weighted_prec,macro_recall,weighted_recall,macro_f1,weighted_f1,auc,baseline_likelihood
0,1.0,0.41836734693877553,0.19723092998955066,0.29792293092785704,0.24844961240310076,0.41836734693877553,0.19108818011257034,0.30949573075008613,0.4977207955063632,0.4387755102040816
1,2.0,0.3711340206185567,0.0967741935483871,0.1476554705686731,0.24324324324324326,0.3711340206185567,0.13846153846153847,0.21126090404440923,0.4961148648648649,0.38144329896907214
2,3.0,0.422680412371134,0.10677083333333333,0.1805197594501718,0.25,0.422680412371134,0.14963503649635038,0.25299119572578826,0.5003939075630253,0.422680412371134
3,4.0,0.422680412371134,0.1056701030927835,0.1786587310022319,0.25,0.422680412371134,0.14855072463768115,0.2511579261915434,0.5,0.422680412371134
4,5.0,0.36082474226804123,0.09020618556701031,0.1301944946327984,0.25,0.36082474226804123,0.13257575757575757,0.19134645423305216,0.5,0.3711340206185567
