,fold,average_acc,macro_prec,weighted_prec,macro_recall,weighted_recall,macro_f1,weighted_f1,auc,baseline_likelihood
0,1.0,0.4387755102040816,0.18312434691745036,0.2815665451133431,0.255050505050505,0.4387755102040816,0.19214543993571714,0.3176876214527595,0.5046444491867027,0.4489795918367347
1,2.0,0.3711340206185567,0.09375,0.14304123711340205,0.24324324324324326,0.3711340206185567,0.13533834586466167,0.20649562049453535,0.4948359073359073,0.38144329896907214
2,3.0,0.29896907216494845,0.07552083333333333,0.09031357388316151,0.25,0.29896907216494845,0.116,0.1387216494845361,0.49968306288032455,0.4020618556701031
3,4.0,0.422680412371134,0.13833907056798622,0.26259382153059957,0.21369701726844584,0.422680412371134,0.16401515151515153,0.3195563886285536,0.4719820180238943,0.5051546391752577
4,5.0,0.38144329896907214,0.16865079365079366,0.22893143511700212,0.24949392712550605,0.38144329896907214,0.16702178030303033,0.24672953764448613,0.499418722932531,0.3917525773195876
