,PC_0_p,PC_1_p,PC_0_bc_distance,PC_1_bc_distance
0,0.9152028550423995,0.7500871712559992,0.9076911728432047,0.09036057925637608
