,PC_0_p,PC_1_p,PC_0_bc_distance,PC_1_bc_distance
0,0.38836601933217796,0.658361629182064,0.2819807871513886,0.8567690313652532
