,standard,sqrt.dist=T,add=T
batch,0.003053638391814866,0.003457332595170161,0.0039667459899862135
False,,,
