,fold,average_acc,macro_prec,weighted_prec,macro_recall,weighted_recall,macro_f1,weighted_f1,auc,baseline_likelihood
0,1.0,0.3979591836734694,0.3479381443298969,0.4988428361035136,0.25735294117647056,0.3979591836734694,0.15502645502645504,0.23811683403520137,0.5057598039215686,0.3877551020408163
1,2.0,0.4329896907216495,0.10824742268041238,0.18748007227122968,0.25,0.4329896907216495,0.1510791366906475,0.26166283468070906,0.5,0.4329896907216495
2,3.0,0.41237113402061853,0.10309278350515463,0.17004995217345092,0.25,0.41237113402061853,0.14598540145985403,0.2408006622018211,0.5,0.41237113402061853
3,4.0,0.41237113402061853,0.10309278350515463,0.17004995217345092,0.25,0.41237113402061853,0.14598540145985403,0.2408006622018211,0.5,0.41237113402061853
4,5.0,0.38144329896907214,0.09536082474226804,0.14549899032840896,0.25,0.38144329896907214,0.1380597014925373,0.21064779196799505,0.5,0.38144329896907214
