,PC_0_p,PC_1_p,PC_0_bc_distance,PC_1_bc_distance
0,0.899896240876396,0.9970012350939512,0.9953669550147616,0.6691862102015929
