,standard,sqrt.dist=T,add=T
batch,0.00593431015420224,0.006231910244102402,0.006148710999255732
False,,,
