,standard,sqrt.dist=T,add=T
batch,0.003799552121432835,0.0040871475675337025,0.00407616153028128
False,,,
