,fold,average_acc,macro_prec,weighted_prec,macro_recall,weighted_recall,macro_f1,weighted_f1,auc,baseline_likelihood
0,1.0,0.40816326530612246,0.22606382978723405,0.31806339557099433,0.25416666666666665,0.40816326530612246,0.17120280948200176,0.26750998907025497,0.5027172075726842,0.40816326530612246
1,2.0,0.3711340206185567,0.21710526315789475,0.28621812262615304,0.25167624521072796,0.3711340206185567,0.1497168185176065,0.2176042161165931,0.5010490676391153,0.3711340206185567
2,3.0,0.38144329896907214,0.09536082474226804,0.14549899032840896,0.25,0.38144329896907214,0.1380597014925373,0.21064779196799505,0.5,0.38144329896907214
3,4.0,0.422680412371134,0.1720505617977528,0.26384223329086065,0.24526270456503013,0.422680412371134,0.17629870129870132,0.2937608782969608,0.4961763258274886,0.44329896907216493
4,5.0,0.4020618556701031,0.10263157894736842,0.1735214324470971,0.23780487804878048,0.4020618556701031,0.1433823529411765,0.24241964827167986,0.4903310104529617,0.422680412371134
