,fold,average_acc,macro_prec,weighted_prec,macro_recall,weighted_recall,macro_f1,weighted_f1,auc,baseline_likelihood
0,1.0,0.3469387755102041,0.08673469387755102,0.12036651395251978,0.25,0.3469387755102041,0.12878787878787878,0.17872603586889302,0.5,0.35714285714285715
1,2.0,0.422680412371134,0.10789473684210527,0.1868692349430277,0.24404761904761904,0.422680412371134,0.14963503649635035,0.2591617126947099,0.4953902867965368,0.4329896907216495
2,3.0,0.422680412371134,0.3541666666666667,0.4914089347079038,0.25806451612903225,0.422680412371134,0.16268382352941177,0.26254548211036993,0.5062252405206564,0.41237113402061853
3,4.0,0.44329896907216493,0.11082474226804123,0.19651397598044426,0.25,0.44329896907216493,0.15357142857142855,0.2723122238586156,0.5,0.44329896907216493
4,5.0,0.3917525773195876,0.18173758865248227,0.23323828324925056,0.2542906178489703,0.3917525773195876,0.15938228438228438,0.2378583615697018,0.5030042186817,0.3917525773195876
