,fold,average_acc,macro_prec,weighted_prec,macro_recall,weighted_recall,macro_f1,weighted_f1,auc,baseline_likelihood
0,1.0,0.41836734693877553,0.10459183673469388,0.17503123698458975,0.25,0.41836734693877553,0.14748201438848924,0.24680663632359423,0.5,0.41836734693877553
1,2.0,0.41237113402061853,0.1408005617977528,0.23614328738561335,0.2302115987460815,0.41237113402061853,0.16013005486689696,0.28218637985322736,0.48431362401233047,0.4536082474226804
2,3.0,0.41237113402061853,0.2677304964539007,0.3576807779483805,0.2672413793103448,0.41237113402061853,0.17518939393939392,0.26292564823492653,0.5131383865644445,0.3917525773195876
3,4.0,0.36082474226804123,0.1423913043478261,0.19695203944419545,0.2447318007662835,0.36082474226804123,0.14751838235294118,0.2147513644633111,0.49616050019027774,0.3711340206185567
4,5.0,0.3917525773195876,0.0979381443298969,0.15347008183653948,0.25,0.3917525773195876,0.14074074074074075,0.22054219167621228,0.5,0.3917525773195876
