,standard,sqrt.dist=T,add=T
batch,0.002764432048910307,0.003435881789021875,0.0027644320489103326
False,,,
