,standard,sqrt.dist=T,add=T
batch,0.004025629762968267,0.004038732438822825,0.004025629762968265
False,,,
