,standard,sqrt.dist=T,add=T
batch,0.002739049885531699,0.0035262486789262694,0.003920600075225778
False,,,
