,fold,average_acc,macro_prec,weighted_prec,macro_recall,weighted_recall,macro_f1,weighted_f1,auc,baseline_likelihood
0,1.0,0.40816326530612246,0.10416666666666667,0.1743197278911565,0.24390243902439024,0.40816326530612246,0.145985401459854,0.24430210040220465,0.49576582358995713,0.41836734693877553
1,2.0,0.4329896907216495,0.23289473684210527,0.31128594682582744,0.26,0.4329896907216495,0.16925381263616557,0.27394268131078314,0.5077281746031745,0.422680412371134
2,3.0,0.44329896907216493,0.1950354609929078,0.2874168311764276,0.25380143112701253,0.44329896907216493,0.17052605084319156,0.2902893500198505,0.5030092184325725,0.44329896907216493
3,4.0,0.38144329896907214,0.09536082474226804,0.14549899032840896,0.25,0.38144329896907214,0.1380597014925373,0.21064779196799505,0.5,0.3917525773195876
4,5.0,0.3711340206185567,0.3411458333333333,0.4614475945017182,0.2578125,0.3711340206185567,0.14873930141105712,0.21280086614154448,0.505922379032258,0.36082474226804123
