,fold,average_acc,macro_prec,weighted_prec,macro_recall,weighted_recall,macro_f1,weighted_f1,auc,baseline_likelihood
0,1.0,0.3673469387755102,0.09183673469387756,0.13494377342773844,0.25,0.3673469387755102,0.13432835820895522,0.1973804447151995,0.5,0.3673469387755102
1,2.0,0.4536082474226804,0.1134020618556701,0.20576044212987565,0.25,0.4536082474226804,0.15602836879432624,0.28310301966805584,0.5,0.4536082474226804
2,3.0,0.36082474226804123,0.09114583333333333,0.13155068728522337,0.25,0.36082474226804123,0.13358778625954199,0.19280711418902965,0.5001778937381405,0.36082474226804123
3,4.0,0.4948453608247423,0.24868421052631579,0.3788388497015735,0.25440705128205127,0.4948453608247423,0.18219280719280717,0.34442876710917947,0.5029939826689072,0.4948453608247423
4,5.0,0.35051546391752575,0.08762886597938144,0.1228610904453183,0.25,0.35051546391752575,0.1297709923664122,0.1819469583694027,0.5,0.36082474226804123
