,standard,sqrt.dist=T,add=T
batch,0.003060686404202108,0.00358257584424222,0.0030606864042021266
False,,,
