,standard,sqrt.dist=T,add=T
batch,0.005015991952609468,0.0054377729845245665,0.005985755061672321
False,,,
