,standard,sqrt.dist=T,add=T
batch,0.004295409821848175,0.005090038364415567,0.005908306300650542
False,,,
