,standard,sqrt.dist=T,add=T
batch,0.0030846930884538236,0.003699859107121594,0.003971301297492339
False,,,
