,standard,sqrt.dist=T,add=T
batch,0.00356184002042928,0.003577724606903121,0.004027720405251879
False,,,
