,standard,sqrt.dist=T,add=T
batch,0.0042908697865344245,0.0041202359853014904,0.0042908697865344176
False,,,
