,PC_0_p,PC_1_p,PC_0_bc_distance,PC_1_bc_distance
0,0.9485656551373663,0.3992256347861048,0.8565137618750379,0.3330809414585756
