,PC_0_p,PC_1_p,PC_0_bc_distance,PC_1_bc_distance
0,0.649237886263094,0.38749986179999396,0.0023090562732522926,2.8062701989482054e-23
