,PC_0_p,PC_1_p,PC_0_bc_distance,PC_1_bc_distance
0,1.307261184487088e-23,0.004277276205814987,1.282136442197197e-48,0.0005823424447613892
