,PC_0_p,PC_1_p,PC_0_bc_distance,PC_1_bc_distance
0,0.7896174689629224,0.4619905128095485,0.7348293067035663,0.28620903211477466
