,fold,average_acc,macro_prec,weighted_prec,macro_recall,weighted_recall,macro_f1,weighted_f1,auc,baseline_likelihood
0,1.0,0.9533333333333334,0.9578313253012047,0.9572690763052207,0.9527027027027026,0.9533333333333334,0.9531647263481868,0.9532021945671083,0.9527027027027026,0.5066666666666667
1,2.0,0.9533333333333334,0.9539473684210527,0.9576315789473684,0.9567901234567902,0.9533333333333334,0.9532814238042269,0.9534060066740822,0.9567901234567902,0.54
2,3.0,0.96,0.9596372688477952,0.9614509246088194,0.9616071428571429,0.96,0.9599358974358974,0.960042735042735,0.9616071428571429,0.5333333333333333
3,4.0,0.9866666666666667,0.9875,0.9870000000000001,0.9861111111111112,0.9866666666666667,0.9866286325548226,0.9866571581387056,0.9861111111111112,0.52
4,5.0,0.9666666666666667,0.9675324675324675,0.9688311688311688,0.967948717948718,0.9666666666666667,0.9666651851193386,0.9666740744033068,0.967948717948718,0.52
