,fold,average_acc,macro_prec,weighted_prec,macro_recall,weighted_recall,macro_f1,weighted_f1,auc,baseline_likelihood
0,1,0.6428571428571429,0.5580357142857143,0.545371720116618,0.4902777777777778,0.6428571428571429,0.45681645087585676,0.5624415188771624,0.6755149550558571,0.45918367346938777
1,2,0.6701030927835051,0.5779569892473118,0.6082474226804123,0.4794721407624633,0.6701030927835051,0.46843317972350235,0.6011782032400589,0.6711754643206256,0.4329896907216495
2,3,0.6494845360824743,0.5732843137254902,0.6060541742470185,0.4854838709677419,0.6494845360824743,0.4509780597409464,0.5687140789914731,0.6739919354838709,0.38144329896907214
3,4,0.5567010309278351,0.5157424812030076,0.4487636617316487,0.47724358974358977,0.5567010309278351,0.4353574414715719,0.4646027997103747,0.6562793797251775,0.3711340206185567
4,5,0.6597938144329897,0.3294573643410853,0.46911212339167263,0.46199324324324326,0.6597938144329897,0.38446886446886447,0.5481243155469959,0.6646504677754678,0.38144329896907214
5,mean,0.6357879234167894,0.5108953725605219,0.5355098204334741,0.47889412449896324,0.6357879234167894,0.43921079925614837,0.5490121832732131,0.6683224404721997,0.4052387965495477
