,fold,average_acc,macro_prec,weighted_prec,macro_recall,weighted_recall,macro_f1,weighted_f1,auc,baseline_likelihood
0,1.0,0.3469387755102041,0.08854166666666667,0.12287414965986396,0.25,0.3469387755102041,0.13076923076923078,0.18147566718995292,0.4998739919354839,0.3673469387755102
1,2.0,0.4536082474226804,0.18308823529411766,0.3007277137659187,0.2469312602291326,0.4536082474226804,0.1947767145135566,0.3433219881944786,0.4976205596920311,0.4845360824742268
2,3.0,0.36082474226804123,0.18967391304347825,0.2411922904527118,0.2605042016806723,0.36082474226804123,0.16125541125541126,0.21859240415941447,0.5077538261681485,0.35051546391752575
3,4.0,0.4536082474226804,0.1880952380952381,0.28532155130093273,0.25863636363636366,0.4536082474226804,0.18796641791044777,0.3165679335282351,0.507430079092815,0.4536082474226804
4,5.0,0.3917525773195876,0.22236842105263158,0.3072164948453608,0.2517543859649123,0.3917525773195876,0.15472274436090225,0.23729749631811486,0.5011301654084617,0.3917525773195876
