,standard,sqrt.dist=T,add=T
batch,0.005339368300074391,0.005711405491445285,0.005699326836892351
False,,,
