,fold,average_acc,macro_prec,weighted_prec,macro_recall,weighted_recall,macro_f1,weighted_f1,auc,baseline_likelihood
0,1.0,0.4533333333333333,0.45546187683284456,0.4559530791788856,0.4567307692307692,0.4533333333333333,0.4508928571428571,0.4494285714285714,0.4567307692307692,0.52
1,2.0,0.5933333333333334,0.6056376573617953,0.6148659003831418,0.6044372294372294,0.5933333333333334,0.593170601573963,0.5921942110177404,0.6044372294372296,0.56
2,3.0,0.5133333333333333,0.5963270963270964,0.6401293601293602,0.5792173252279635,0.5133333333333333,0.5070010355229391,0.49284648747617554,0.5792173252279635,0.6266666666666667
3,4.0,0.5466666666666666,0.5526889534883721,0.5554263565891473,0.5517857142857143,0.5466666666666666,0.545940170940171,0.5447293447293446,0.5517857142857143,0.5333333333333333
4,5.0,0.47333333333333333,0.5162439441436306,0.5246394984326018,0.5102813852813853,0.47333333333333333,0.4392125313520421,0.4226132222800625,0.5102813852813852,0.56
