,fold,average_acc,macro_prec,weighted_prec,macro_recall,weighted_recall,macro_f1,weighted_f1,auc,baseline_likelihood
0,1.0,0.9266666666666666,0.9337349397590362,0.9363855421686748,0.9294871794871795,0.9266666666666666,0.9265850945494993,0.9264872080088988,0.9294871794871795,0.52
1,2.0,0.9133333333333333,0.9133333333333333,0.9155555555555556,0.9151785714285714,0.9133333333333333,0.9132369299221357,0.9134297367445311,0.9151785714285714,0.5333333333333333
2,3.0,0.9,0.8977455716586151,0.9011272141706924,0.900974025974026,0.9,0.898989898989899,0.9002020202020202,0.900974025974026,0.56
3,4.0,0.9733333333333334,0.9733333333333334,0.9733333333333334,0.9733333333333334,0.9733333333333334,0.9733333333333334,0.9733333333333334,0.9733333333333334,0.5
4,5.0,0.9,0.9,0.9008,0.9006410256410255,0.9,0.8999599839935974,0.9000400160064025,0.9006410256410255,0.52
