,fold,average_acc,macro_prec,weighted_prec,macro_recall,weighted_recall,macro_f1,weighted_f1,auc,baseline_likelihood
0,1.0,0.7419354838709677,0.8688524590163935,0.8096245372818616,0.5294117647058824,0.7419354838709677,0.48008385744234794,0.6467167106241969,0.5294117647058824,0.7258064516129032
1,2.0,0.7096774193548387,0.3548387096774194,0.5036420395421436,0.5,0.7096774193548387,0.41509433962264153,0.5891661594643944,0.5,0.7096774193548387
2,3.0,0.7704918032786885,0.38524590163934425,0.5936576189196452,0.5,0.7704918032786885,0.4351851851851852,0.6706132361870066,0.5,0.7704918032786885
3,4.0,0.8688524590163934,0.6553571428571429,0.8521077283372365,0.6150793650793651,0.8688524590163934,0.6303030303030303,0.8591157476403377,0.6150793650793651,0.8852459016393442
4,5.0,0.7540983606557377,0.3770491803278688,0.568664337543671,0.5,0.7540983606557377,0.42990654205607476,0.6483836371993259,0.5,0.7540983606557377
