,standard,sqrt.dist=T,add=T
batch,0.039231394550537646,0.030209328093491583,0.024098671994001043
gender,,,
