,PC_0_p,PC_1_p,PC_0_bc_distance,PC_1_bc_distance
0,0.9173402619880039,0.0858268873657194,0.6417455173495021,0.07584570760290937
