,fold,average_acc,macro_prec,weighted_prec,macro_recall,weighted_recall,macro_f1,weighted_f1,auc,baseline_likelihood
0,1.0,0.7441860465116279,0.37209302325581395,0.5538128718226069,0.5,0.7441860465116279,0.42666666666666664,0.6350387596899224,0.5,0.7441860465116279
1,2.0,0.7619047619047619,0.8780487804878049,0.8199767711962833,0.5454545454545454,0.7619047619047619,0.513888888888889,0.6792328042328043,0.5454545454545454,0.7380952380952381
2,3.0,0.7857142857142857,0.8783783783783784,0.8378378378378379,0.6785714285714286,0.7857142857142857,0.6939271255060728,0.7497975708502024,0.6785714285714286,0.6666666666666666
3,4.0,0.7380952380952381,0.5512820512820513,0.6654456654456654,0.51875,0.7380952380952381,0.49945828819068255,0.6804932157044833,0.51875,0.7619047619047619
4,5.0,0.7380952380952381,0.743421052631579,0.7409147869674185,0.5981432360742706,0.7380952380952381,0.5943810359964881,0.6863581253396882,0.5981432360742707,0.6904761904761905
