,standard,sqrt.dist=T,add=T
batch,0.03923139455053765,0.030209328093491576,0.024098671994001026
gender,0.008793538496349748,0.008271026328756835,0.006347840720011253
